# File generated by ImageToStl.com - Free Image and 3D model conversion tools

mtllib N00018.mtl

o obj1
v -0.03200724 -0.05643846 -0.30621927
v -0.03200724 -0.05643846 -0.20621927
v -0.03200724 -0.05960846 -0.30621927
v -0.03200724 -0.05960846 -0.20621927
v -0.05105724 -0.05643846 -0.30621927
v -0.05105724 -0.05960846 -0.30621927
v -0.05105724 -0.05643846 -0.20621927
v -0.05105724 -0.05960846 -0.20621927
vn 1 0 -0
vn 0 0 -1
vn -1 0 0
vn 0 0 1
vn 0 1 0
vn 0 -1 0
usemtl mat0
f 1//1 2//1 3//1
f 3//1 2//1 4//1
f 5//2 1//2 6//2
f 6//2 1//2 3//2
f 7//3 5//3 8//3
f 8//3 5//3 6//3
f 2//4 7//4 4//4
f 4//4 7//4 8//4
f 5//5 7//5 1//5
f 1//5 7//5 2//5
f 8//6 6//6 4//6
f 4//6 6//6 3//6
# Vertices: 8, normals: 6, texture coordinates: 0, faces: 12

o obj2
v -0.03200724 -0.05643846 -0.00621927
v -0.03200724 -0.05643846 0.09378073
v -0.03200724 -0.05960846 -0.00621927
v -0.03200724 -0.05960846 0.09378073
v -0.05105724 -0.05643846 -0.00621927
v -0.05105724 -0.05960846 -0.00621927
v -0.05105724 -0.05643846 0.09378073
v -0.05105724 -0.05960846 0.09378073
vn 1 0 -0
vn 0 0 -1
vn -1 0 0
vn 0 0 1
vn 0 1 0
vn 0 -1 0
usemtl mat0
f 9//7 10//7 11//7
f 11//7 10//7 12//7
f 13//8 9//8 14//8
f 14//8 9//8 11//8
f 15//9 13//9 16//9
f 16//9 13//9 14//9
f 10//10 15//10 12//10
f 12//10 15//10 16//10
f 13//11 15//11 9//11
f 9//11 15//11 10//11
f 16//12 14//12 12//12
f 12//12 14//12 11//12
# Vertices: 8, normals: 6, texture coordinates: 0, faces: 12

o obj3
v -0.08600725 -0.05643846 -0.30621927
v -0.08600725 -0.05643846 -0.20621927
v -0.08600725 -0.05960846 -0.30621927
v -0.08600725 -0.05960846 -0.20621927
v -0.10505725 -0.05643846 -0.30621927
v -0.10505725 -0.05960846 -0.30621927
v -0.10505725 -0.05643846 -0.20621927
v -0.10505725 -0.05960846 -0.20621927
vn 1 0 -0
vn 0 0 -1
vn -1 0 0
vn 0 0 1
vn 0 1 0
vn 0 -1 0
usemtl mat0
f 17//13 18//13 19//13
f 19//13 18//13 20//13
f 21//14 17//14 22//14
f 22//14 17//14 19//14
f 23//15 21//15 24//15
f 24//15 21//15 22//15
f 18//16 23//16 20//16
f 20//16 23//16 24//16
f 21//17 23//17 17//17
f 17//17 23//17 18//17
f 24//18 22//18 20//18
f 20//18 22//18 19//18
# Vertices: 8, normals: 6, texture coordinates: 0, faces: 12

o obj4
v -0.05944598 -0.03005099 -0.14621927
v -0.05944598 -0.03005099 -0.11036928
v -0.05955724 -0.03003846 -0.14621927
v -0.05945195 -0.03005032 -0.11036928
v -0.05955724 -0.03003846 -0.11036928
v -0.0593403 -0.03008797 -0.14621927
v -0.05924549 -0.03014754 -0.14621927
v -0.05924549 -0.03014754 -0.11036928
v -0.05926079 -0.03013793 -0.11036928
v -0.0593403 -0.03008797 -0.11036928
v -0.05935165 -0.030084 -0.11036928
v -0.05910676 -0.03032152 -0.06621927
v -0.05916632 -0.03022671 -0.06621927
v -0.05916786 -0.03022784 -0.11024393
v -0.05910676 -0.03032152 -0.14621927
v -0.05912224 -0.03029193 -0.11036928
v -0.05916632 -0.03022671 -0.14621927
v -0.05916632 -0.03022671 -0.11036928
v -0.05918336 -0.03020968 -0.11036928
v -0.05924549 -0.03014754 -0.06621927
v -0.0593403 -0.03008797 -0.06621927
v -0.05934163 -0.03008998 -0.10976651
v -0.05926656 -0.03014552 -0.10997277
v -0.05925206 -0.03015624 -0.11001259
v -0.05918185 -0.03020818 -0.11020549
v -0.05944598 -0.03005099 -0.06621927
v -0.05955724 -0.03003846 -0.06621927
v -0.05955724 -0.03003846 -0.10917412
v -0.05945425 -0.03006066 -0.10945709
v -0.05944838 -0.03006192 -0.10947323
v -0.05935125 -0.03008286 -0.10974006
v -0.05955724 -0.03003846 -0.22621927
v -0.05955724 -0.03003846 -0.30621928
v -0.05944598 -0.03005099 -0.22621927
v -0.05944598 -0.03005099 -0.30621928
v -0.0593403 -0.03008797 -0.22621927
v -0.0593403 -0.03008797 -0.30621928
v -0.05924549 -0.03014754 -0.22621927
v -0.05924549 -0.03014754 -0.30621928
v -0.05916632 -0.03022671 -0.22621927
v -0.05916632 -0.03022671 -0.30621928
v -0.05910676 -0.03032152 -0.22621927
v -0.05910676 -0.03032152 -0.30621928
v -0.05906978 -0.0304272 -0.22621927
v -0.05906978 -0.0304272 -0.30621928
v -0.05905724 -0.03053846 -0.22621927
v -0.05905724 -0.03053846 -0.30621928
v -0.05906978 -0.0304272 -0.14621927
v -0.05905724 -0.03053846 -0.14621927
v -0.05906978 -0.0304272 -0.06621927
v -0.05905724 -0.03053846 -0.06621927
v -0.05955724 -0.03003846 0.01378073
v -0.05944598 -0.03005099 0.01378073
v -0.0593403 -0.03008797 0.01378073
v -0.05924549 -0.03014754 0.01378073
v -0.05916632 -0.03022671 0.01378073
v -0.05910676 -0.03032152 0.01378073
v -0.05906978 -0.0304272 0.01378073
v -0.05905724 -0.03053846 0.01378073
v -0.05955724 -0.03003846 0.09378073
v -0.05944598 -0.03005099 0.09378073
v -0.0593403 -0.03008797 0.09378073
v -0.05924549 -0.03014754 0.09378073
v -0.05916632 -0.03022671 0.09378073
v -0.05910676 -0.03032152 0.09378073
v -0.05906978 -0.0304272 0.09378073
v -0.05905724 -0.03053846 0.09378073
v -0.0780402 -0.03040905 -0.06621927
v -0.07805724 -0.03053846 -0.06621927
v -0.07805724 -0.03053846 -0.14621927
v -0.07799025 -0.03028846 -0.14621927
v -0.07798983 -0.03028876 -0.1020759
v -0.0780402 -0.03040905 -0.14621927
v -0.07799224 -0.03029193 -0.10206927
v -0.07791079 -0.0301849 -0.14621927
v -0.07780724 -0.03010544 -0.14621927
v -0.07779743 -0.03012314 -0.10260449
v -0.07784658 -0.03014992 -0.10246946
v -0.07791079 -0.0301849 -0.10229304
v -0.07793005 -0.03021021 -0.10224015
v -0.07768665 -0.03005549 -0.14621927
v -0.07755724 -0.03003846 -0.14621927
v -0.07755724 -0.03003846 -0.10326442
v -0.0776626 -0.03004968 -0.10297495
v -0.07768397 -0.03006133 -0.10291624
v -0.07775448 -0.03009974 -0.10272251
v -0.07768665 -0.03005549 -0.06621927
v -0.07768665 -0.03005549 -0.10206927
v -0.07755724 -0.03003846 -0.06621927
v -0.07766226 -0.03005228 -0.10206927
v -0.07755724 -0.03003846 -0.10206927
v -0.07791079 -0.0301849 -0.06621927
v -0.07785204 -0.03013982 -0.10206927
v -0.07780724 -0.03010544 -0.06621927
v -0.07780724 -0.03010544 -0.10206927
v -0.07776168 -0.03008658 -0.10206927
v -0.07799025 -0.03028846 -0.06621927
v -0.07793012 -0.03021009 -0.10206927
v -0.07791079 -0.0301849 -0.10206927
v -0.07799025 -0.03028846 -0.10206927
v -0.07805724 -0.03053846 -0.22621927
v -0.07805724 -0.03053846 -0.30621928
v -0.0780402 -0.03040905 -0.22621927
v -0.0780402 -0.03040905 -0.30621928
v -0.07799025 -0.03028846 -0.22621927
v -0.07799025 -0.03028846 -0.30621928
v -0.07791079 -0.0301849 -0.22621927
v -0.07791079 -0.0301849 -0.30621928
v -0.07780724 -0.03010544 -0.22621927
v -0.07780724 -0.03010544 -0.30621928
v -0.07768665 -0.03005549 -0.22621927
v -0.07768665 -0.03005549 -0.30621928
v -0.07755724 -0.03003846 -0.22621927
v -0.07755724 -0.03003846 -0.30621928
v -0.07805724 -0.03053846 0.01378073
v -0.0780402 -0.03040905 0.01378073
v -0.07799025 -0.03028846 0.01378073
v -0.07791079 -0.0301849 0.01378073
v -0.07780724 -0.03010544 0.01378073
v -0.07768665 -0.03005549 0.01378073
v -0.07755724 -0.03003846 0.01378073
v -0.07805724 -0.03053846 0.09378073
v -0.0780402 -0.03040905 0.09378073
v -0.07799025 -0.03028846 0.09378073
v -0.07791079 -0.0301849 0.09378073
v -0.07780724 -0.03010544 0.09378073
v -0.07768665 -0.03005549 0.09378073
v -0.07755724 -0.03003846 0.09378073
v -0.07292724 -0.02953846 -0.10206927
v -0.07292724 -0.02953846 0.09378073
v -0.07294428 -0.02966787 0.09378073
v -0.07294428 -0.02966787 -0.10206927
v -0.07299423 -0.02978846 0.09378073
v -0.07299423 -0.02978846 -0.10206927
v -0.07307369 -0.02989201 0.09378073
v -0.07307369 -0.02989201 -0.10206927
v -0.07317724 -0.02997147 0.09378073
v -0.07317724 -0.02997147 -0.10206927
v -0.07329783 -0.03002142 0.09378073
v -0.07329783 -0.03002142 -0.10206927
v -0.07342724 -0.03003846 0.09378073
v -0.07342724 -0.03003846 -0.10206927
v -0.07292724 -0.02953846 -0.30621928
v -0.07292724 -0.02953846 -0.11036928
v -0.07294428 -0.02966787 -0.11036928
v -0.07294428 -0.02966787 -0.30621928
v -0.07299423 -0.02978846 -0.11036928
v -0.07299423 -0.02978846 -0.30621928
v -0.07307369 -0.02989201 -0.11036928
v -0.07307369 -0.02989201 -0.30621928
v -0.07317724 -0.02997147 -0.11036928
v -0.07317724 -0.02997147 -0.30621928
v -0.07329783 -0.03002142 -0.11036928
v -0.07329783 -0.03002142 -0.30621928
v -0.07342724 -0.03003846 -0.11036928
v -0.07342724 -0.03003846 -0.30621928
v -0.06368724 -0.03003846 -0.10206927
v -0.06368724 -0.03003846 0.09378073
v -0.06381665 -0.03002142 0.09378073
v -0.06381665 -0.03002142 -0.10206927
v -0.06393724 -0.02997147 0.09378073
v -0.06393724 -0.02997147 -0.10206927
v -0.06404079 -0.02989201 0.09378073
v -0.06404079 -0.02989201 -0.10206927
v -0.06412025 -0.02978846 0.09378073
v -0.06412025 -0.02978846 -0.10206927
v -0.0641702 -0.02966787 0.09378073
v -0.0641702 -0.02966787 -0.10206927
v -0.06418724 -0.02953846 0.09378073
v -0.06418724 -0.02953846 -0.10206927
v -0.06368724 -0.03003846 -0.30621928
v -0.06368724 -0.03003846 -0.11036928
v -0.06381665 -0.03002142 -0.11036928
v -0.06381665 -0.03002142 -0.30621928
v -0.06393724 -0.02997147 -0.11036928
v -0.06393724 -0.02997147 -0.30621928
v -0.06404079 -0.02989201 -0.11036928
v -0.06404079 -0.02989201 -0.30621928
v -0.06412025 -0.02978846 -0.11036928
v -0.06412025 -0.02978846 -0.30621928
v -0.0641702 -0.02966787 -0.11036928
v -0.0641702 -0.02966787 -0.30621928
v -0.06418724 -0.02953846 -0.11036928
v -0.06418724 -0.02953846 -0.30621928
v -0.06214319 -0.03003846 -0.10206927
v -0.07497129 -0.03003846 -0.11036928
v -0.05355724 -0.05363717 -0.30621928
v -0.05355724 -0.03083846 -0.30621928
v -0.05355724 -0.05363717 0.09378073
v -0.05355724 -0.03083846 0.09378073
v -0.08355724 -0.02693846 -0.30621928
v -0.08355724 -0.02753846 -0.30621928
v -0.08355724 -0.02693846 0.09378073
v -0.08355724 -0.02753846 0.09378073
v -0.05405724 -0.02643846 -0.30621928
v -0.06368724 -0.02643846 -0.30621928
v -0.05405724 -0.02643846 0.09378073
v -0.06368724 -0.02643846 0.09378073
v -0.08305724 -0.02643846 0.09378073
v -0.07342724 -0.02643846 0.09378073
v -0.08305724 -0.02643846 -0.30621928
v -0.07342724 -0.02643846 -0.30621928
v -0.05685724 -0.02803846 -0.30621928
v -0.05698665 -0.02805549 -0.30621928
v -0.05710724 -0.02810545 -0.30621928
v -0.05721079 -0.0281849 -0.30621928
v -0.05729025 -0.02828846 -0.30621928
v -0.06381665 -0.02645549 -0.30621928
v -0.0573402 -0.02840905 -0.30621928
v -0.06393724 -0.02650544 -0.30621928
v -0.05392783 -0.02802142 -0.30621928
v -0.05405724 -0.02803846 -0.30621928
v -0.05355724 -0.02753846 -0.30621928
v -0.05355724 -0.02693846 -0.30621928
v -0.05721079 -0.03019201 -0.30621928
v -0.05910241 -0.03391783 -0.30621928
v -0.05729025 -0.03008846 -0.30621928
v -0.05906866 -0.03381641 -0.30621928
v -0.0573402 -0.02996787 -0.30621928
v -0.05905724 -0.03371014 -0.30621928
v -0.07967428 -0.03230905 -0.30621928
v -0.05392783 -0.02645549 -0.30621928
v -0.05380724 -0.02650544 -0.30621928
v -0.05370368 -0.0265849 -0.30621928
v -0.05362423 -0.02668846 -0.30621928
v -0.05357428 -0.02680905 -0.30621928
v -0.05357428 -0.02766787 -0.30621928
v -0.05362423 -0.02778846 -0.30621928
v -0.05370368 -0.02789201 -0.30621928
v -0.05735724 -0.02983846 -0.30621928
v -0.05735724 -0.02853846 -0.30621928
v -0.05515724 -0.03243846 -0.30621928
v -0.05515724 -0.05217752 -0.30621928
v -0.05517408 -0.05230621 -0.30621928
v -0.05522348 -0.05242622 -0.30621928
v -0.05698665 -0.03032142 -0.30621928
v -0.05720724 -0.03200544 -0.30621928
v -0.05710724 -0.03027147 -0.30621928
v -0.05731079 -0.0320849 -0.30621928
v -0.08189025 -0.03218846 -0.30621928
v -0.0819402 -0.03230905 -0.30621928
v -0.08355724 -0.03083846 -0.30621928
v -0.08195724 -0.03243846 -0.30621928
v -0.08355724 -0.05363717 -0.30621928
v -0.08195724 -0.05217752 -0.30621928
v -0.0819404 -0.05230621 -0.30621928
v -0.08356842 -0.05374231 -0.30621928
v -0.081891 -0.05242622 -0.30621928
v -0.05517428 -0.03230905 -0.30621928
v -0.05522423 -0.03218846 -0.30621928
v -0.05357428 -0.03070905 -0.30621928
v -0.05530369 -0.0320849 -0.30621928
v -0.05362423 -0.03058846 -0.30621928
v -0.05405724 -0.03033846 -0.30621928
v -0.05392783 -0.03035549 -0.30621928
v -0.05380724 -0.03040545 -0.30621928
v -0.05370368 -0.0304849 -0.30621928
v -0.07977428 -0.02840905 -0.30621928
v -0.05380724 -0.02797147 -0.30621928
v -0.08372627 -0.05401195 -0.30621928
v -0.08365487 -0.05393398 -0.30621928
v -0.08360145 -0.05384274 -0.30621928
v -0.05247125 -0.05637445 -0.30621928
v -0.05565272 -0.0526775 -0.30621928
v -0.0555242 -0.0526595 -0.30621928
v -0.05530209 -0.05252948 -0.30621928
v -0.05351303 -0.05384274 -0.30621928
v -0.05345961 -0.05393398 -0.30621928
v -0.05915695 -0.03400975 -0.30621928
v -0.05739025 -0.03218846 -0.30621928
v -0.05922977 -0.03408799 -0.30621928
v -0.0574402 -0.03230905 -0.30621928
v -0.05745724 -0.03243846 -0.30621928
v -0.07990369 -0.0281849 -0.30621928
v -0.08000724 -0.02810545 -0.30621928
v -0.08012783 -0.02805549 -0.30621928
v -0.08025724 -0.02803846 -0.30621928
v -0.08305724 -0.02803846 -0.30621928
v -0.08349025 -0.03058846 -0.30621928
v -0.08341079 -0.0304849 -0.30621928
v -0.08181079 -0.0320849 -0.30621928
v -0.06418724 -0.02693846 -0.30621928
v -0.0641702 -0.02680905 -0.30621928
v -0.08464322 -0.05637445 -0.30621928
v -0.08146176 -0.0526775 -0.30621928
v -0.08133293 -0.05266182 -0.30621928
v -0.05354606 -0.05374231 -0.30621928
v -0.06281944 -0.0393163 -0.30621928
v -0.06291776 -0.03938286 -0.30621928
v -0.06362586 -0.03782436 -0.30621928
v -0.06302901 -0.03942436 -0.30621928
v -0.0631469 -0.03943846 -0.30621928
v -0.07292724 -0.02693846 -0.30621928
v -0.07307369 -0.0265849 -0.30621928
v -0.07317724 -0.02650544 -0.30621928
v -0.07329783 -0.02645549 -0.30621928
v -0.07982423 -0.02828846 -0.30621928
v -0.08305724 -0.03033846 -0.30621928
v -0.08025724 -0.03033846 -0.30621928
v -0.08145724 -0.03193846 -0.30621928
v -0.07990369 -0.03019201 -0.30621928
v -0.07982423 -0.03008846 -0.30621928
v -0.08002783 -0.03195549 -0.30621928
v -0.07977428 -0.02996787 -0.30621928
v -0.07975724 -0.02983846 -0.30621928
v -0.06412025 -0.02668846 -0.30621928
v -0.06404079 -0.0265849 -0.30621928
v -0.05685724 -0.03033846 -0.30621928
v -0.05695724 -0.03193846 -0.30621928
v -0.05708665 -0.03195549 -0.30621928
v -0.07396758 -0.03943846 -0.30621928
v -0.07408547 -0.03942436 -0.30621928
v -0.07359986 -0.03778286 -0.30621928
v -0.07419672 -0.03938286 -0.30621928
v -0.07429504 -0.0393163 -0.30621928
v -0.07369819 -0.0377163 -0.30621928
v -0.07348862 -0.03782436 -0.30621928
v -0.07337072 -0.03783846 -0.30621928
v -0.06374376 -0.03783846 -0.30621928
v -0.07299423 -0.02668846 -0.30621928
v -0.07294428 -0.02680905 -0.30621928
v -0.07972423 -0.03218846 -0.30621928
v -0.07980369 -0.0320849 -0.30621928
v -0.07990724 -0.03200544 -0.30621928
v -0.08015724 -0.03193846 -0.30621928
v -0.08012783 -0.03032142 -0.30621928
v -0.08000724 -0.03027147 -0.30621928
v -0.08318665 -0.02802142 -0.30621928
v -0.08330724 -0.02797147 -0.30621928
v -0.08341079 -0.02789201 -0.30621928
v -0.08349025 -0.02778846 -0.30621928
v -0.05338821 -0.05401195 -0.30621928
v -0.05540464 -0.05260902 -0.30621928
v -0.05540724 -0.03200544 -0.30621928
v -0.05552783 -0.03195549 -0.30621928
v -0.05565724 -0.03193846 -0.30621928
v -0.0835402 -0.02680905 -0.30621928
v -0.08349025 -0.02668846 -0.30621928
v -0.08341079 -0.0265849 -0.30621928
v -0.08330724 -0.02650544 -0.30621928
v -0.08158665 -0.03195549 -0.30621928
v -0.08170724 -0.03200544 -0.30621928
v -0.08318665 -0.03035549 -0.30621928
v -0.08330724 -0.03040545 -0.30621928
v -0.0835402 -0.03070905 -0.30621928
v -0.08381247 -0.05407316 -0.30621928
v -0.07917125 -0.05330247 -0.30621928
v -0.08121247 -0.05261352 -0.30621928
v -0.07905299 -0.05325472 -0.30621928
v -0.03242783 -0.05642142 -0.30621928
v -0.03255724 -0.05643846 -0.30621928
v -0.03205724 -0.05593846 -0.30621928
v -0.04886686 -0.05643846 -0.30621928
v -0.03205724 -0.05533846 -0.30621928
v -0.07801207 -0.03391783 -0.30621928
v -0.07964582 -0.03454702 -0.30621928
v -0.07804582 -0.03381641 -0.30621928
v -0.07965724 -0.03444075 -0.30621928
v -0.07805724 -0.03371014 -0.30621928
v -0.07965724 -0.03243846 -0.30621928
v -0.0778847 -0.03408799 -0.30621928
v -0.0794847 -0.03481859 -0.30621928
v -0.07795753 -0.03400975 -0.30621928
v -0.07955753 -0.03474036 -0.30621928
v -0.07961207 -0.03464844 -0.30621928
v -0.05745724 -0.03444075 -0.30621928
v -0.05746866 -0.03454702 -0.30621928
v -0.05750242 -0.03464844 -0.30621928
v -0.07975724 -0.02853846 -0.30621928
v -0.0835402 -0.02766787 -0.30621928
v -0.08318665 -0.02645549 -0.30621928
v -0.10455724 -0.05643846 -0.30621928
v -0.10455724 -0.05483846 -0.30621928
v -0.10158224 -0.05643846 -0.30621928
v -0.10158224 -0.05483846 -0.30621928
v -0.08488799 -0.05643846 -0.30621928
v -0.0853064 -0.05483846 -0.30621928
v -0.08476149 -0.05642219 -0.30621928
v -0.0851799 -0.05482219 -0.30621928
v -0.08506163 -0.05477445 -0.30621928
v -0.08181239 -0.05252948 -0.30621928
v -0.08170984 -0.05260902 -0.30621928
v -0.08159028 -0.0526595 -0.30621928
v -0.03242783 -0.05485549 -0.30621928
v -0.03230724 -0.05490544 -0.30621928
v -0.03220369 -0.0549849 -0.30621928
v -0.03207428 -0.05520905 -0.30621928
v -0.03212423 -0.05508846 -0.30621928
v -0.03207428 -0.05606787 -0.30621928
v -0.03212423 -0.05618846 -0.30621928
v -0.03220369 -0.05629201 -0.30621928
v -0.06351462 -0.03778286 -0.30621928
v -0.06341629 -0.0377163 -0.30621928
v -0.05762978 -0.03481859 -0.30621928
v -0.05755695 -0.03474036 -0.30621928
v -0.05806149 -0.05325472 -0.30621928
v -0.05752482 -0.05170247 -0.30621928
v -0.05794322 -0.05330247 -0.30621928
v -0.05590201 -0.05261352 -0.30621928
v -0.05578155 -0.05266182 -0.30621928
v -0.07958966 -0.05170247 -0.30621928
v -0.07947139 -0.05165472 -0.30621928
v -0.07892649 -0.05323846 -0.30621928
v -0.0793449 -0.05163846 -0.30621928
v -0.05818799 -0.05323846 -0.30621928
v -0.05776958 -0.05163846 -0.30621928
v -0.05764309 -0.05165472 -0.30621928
v -0.05330201 -0.05407316 -0.30621928
v -0.05205284 -0.05477445 -0.30621928
v -0.05235299 -0.05642219 -0.30621928
v -0.05193458 -0.05482219 -0.30621928
v -0.05222649 -0.05643846 -0.30621928
v -0.05180808 -0.05483846 -0.30621928
v -0.04865766 -0.05483846 -0.30621928
v -0.03255724 -0.05483846 -0.30621928
v -0.10480724 -0.05637147 -0.30621928
v -0.10491079 -0.05629201 -0.30621928
v -0.10499025 -0.05618846 -0.30621928
v -0.10505724 -0.05593846 -0.30621928
v -0.10505724 -0.05533846 -0.30621928
v -0.10468665 -0.05485549 -0.30621928
v -0.10499025 -0.05508846 -0.30621928
v -0.10491079 -0.0549849 -0.30621928
v -0.10480724 -0.05490544 -0.30621928
v -0.03230724 -0.05637147 -0.30621928
v -0.10468665 -0.05642142 -0.30621928
v -0.1050402 -0.05606787 -0.30621928
v -0.1050402 -0.05520905 -0.30621928
v -0.06393724 -0.02650544 0.09378073
v -0.06404079 -0.0265849 0.09378073
v -0.0573402 -0.02840905 0.09378073
v -0.07977428 -0.02840905 0.09378073
v -0.05729025 -0.02828846 0.09378073
v -0.05721079 -0.0281849 0.09378073
v -0.07982423 -0.02828846 0.09378073
v -0.05731079 -0.0320849 0.09378073
v -0.05720724 -0.03200544 0.09378073
v -0.05710724 -0.03027147 0.09378073
v -0.05729025 -0.03008846 0.09378073
v -0.05905724 -0.03371014 0.09378073
v -0.05721079 -0.03019201 0.09378073
v -0.08170724 -0.03200544 0.09378073
v -0.08158665 -0.03195549 0.09378073
v -0.08305724 -0.03033846 0.09378073
v -0.05698665 -0.03032142 0.09378073
v -0.06381665 -0.02645549 0.09378073
v -0.05710724 -0.02810545 0.09378073
v -0.05698665 -0.02805549 0.09378073
v -0.05685724 -0.02803846 0.09378073
v -0.07977428 -0.02996787 0.09378073
v -0.05739025 -0.03218846 0.09378073
v -0.0574402 -0.03230905 0.09378073
v -0.08330724 -0.03040545 0.09378073
v -0.08341079 -0.0304849 0.09378073
v -0.08181079 -0.0320849 0.09378073
v -0.07975724 -0.02983846 0.09378073
v -0.07975724 -0.02853846 0.09378073
v -0.08012783 -0.02805549 0.09378073
v -0.08000724 -0.02810545 0.09378073
v -0.07990369 -0.0281849 0.09378073
v -0.05735724 -0.02853846 0.09378073
v -0.05735724 -0.02983846 0.09378073
v -0.0573402 -0.02996787 0.09378073
v -0.07990369 -0.03019201 0.09378073
v -0.07801207 -0.03391783 0.09378073
v -0.07982423 -0.03008846 0.09378073
v -0.07804582 -0.03381641 0.09378073
v -0.07805724 -0.03371014 0.09378073
v -0.06341629 -0.0377163 0.09378073
v -0.06351462 -0.03778286 0.09378073
v -0.06281944 -0.0393163 0.09378073
v -0.05345961 -0.05393398 0.09378073
v -0.05517408 -0.05230621 0.09378073
v -0.05338821 -0.05401195 0.09378073
v -0.05522348 -0.05242622 0.09378073
v -0.05530209 -0.05252948 0.09378073
v -0.08002783 -0.03195549 0.09378073
v -0.08012783 -0.03032142 0.09378073
v -0.08015724 -0.03193846 0.09378073
v -0.08025724 -0.03033846 0.09378073
v -0.08318665 -0.02645549 0.09378073
v -0.08330724 -0.02650544 0.09378073
v -0.08025724 -0.02803846 0.09378073
v -0.08341079 -0.0265849 0.09378073
v -0.08349025 -0.02668846 0.09378073
v -0.05405724 -0.03033846 0.09378073
v -0.05540724 -0.03200544 0.09378073
v -0.05392783 -0.03035549 0.09378073
v -0.05530369 -0.0320849 0.09378073
v -0.05380724 -0.03040545 0.09378073
v -0.05522423 -0.03218846 0.09378073
v -0.05357428 -0.03070905 0.09378073
v -0.05362423 -0.03058846 0.09378073
v -0.05370368 -0.0304849 0.09378073
v -0.05355724 -0.02693846 0.09378073
v -0.05355724 -0.02753846 0.09378073
v -0.05405724 -0.02803846 0.09378073
v -0.05392783 -0.02802142 0.09378073
v -0.05351303 -0.05384274 0.09378073
v -0.05354606 -0.05374231 0.09378073
v -0.05515724 -0.05217752 0.09378073
v -0.05515724 -0.03243846 0.09378073
v -0.05517428 -0.03230905 0.09378073
v -0.08145724 -0.03193846 0.09378073
v -0.07990724 -0.03200544 0.09378073
v -0.07980369 -0.0320849 0.09378073
v -0.07972423 -0.03218846 0.09378073
v -0.0835402 -0.02680905 0.09378073
v -0.07292724 -0.02693846 0.09378073
v -0.06418724 -0.02693846 0.09378073
v -0.05362423 -0.02778846 0.09378073
v -0.05357428 -0.02766787 0.09378073
v -0.05370368 -0.02789201 0.09378073
v -0.05380724 -0.02797147 0.09378073
v -0.05357428 -0.02680905 0.09378073
v -0.05362423 -0.02668846 0.09378073
v -0.05370368 -0.0265849 0.09378073
v -0.05380724 -0.02650544 0.09378073
v -0.05392783 -0.02645549 0.09378073
v -0.06291776 -0.03938286 0.09378073
v -0.06362586 -0.03782436 0.09378073
v -0.06302901 -0.03942436 0.09378073
v -0.05247125 -0.05637445 0.09378073
v -0.05540464 -0.05260902 0.09378073
v -0.0555242 -0.0526595 0.09378073
v -0.08195724 -0.03243846 0.09378073
v -0.08355724 -0.03083846 0.09378073
v -0.08195724 -0.05217752 0.09378073
v -0.08355724 -0.05363717 0.09378073
v -0.0819404 -0.05230621 0.09378073
v -0.081891 -0.05242622 0.09378073
v -0.0835402 -0.02766787 0.09378073
v -0.08349025 -0.02778846 0.09378073
v -0.08341079 -0.02789201 0.09378073
v -0.08330724 -0.02797147 0.09378073
v -0.06412025 -0.02668846 0.09378073
v -0.0641702 -0.02680905 0.09378073
v -0.0631469 -0.03943846 0.09378073
v -0.06374376 -0.03783846 0.09378073
v -0.07396758 -0.03943846 0.09378073
v -0.07337072 -0.03783846 0.09378073
v -0.07348862 -0.03782436 0.09378073
v -0.07408547 -0.03942436 0.09378073
v -0.07359986 -0.03778286 0.09378073
v -0.07419672 -0.03938286 0.09378073
v -0.0819402 -0.03230905 0.09378073
v -0.08189025 -0.03218846 0.09378073
v -0.0835402 -0.03070905 0.09378073
v -0.08349025 -0.03058846 0.09378073
v -0.08318665 -0.03035549 0.09378073
v -0.08318665 -0.02802142 0.09378073
v -0.08305724 -0.02803846 0.09378073
v -0.05922977 -0.03408799 0.09378073
v -0.05762978 -0.03481859 0.09378073
v -0.05915695 -0.03400975 0.09378073
v -0.05755695 -0.03474036 0.09378073
v -0.05910241 -0.03391783 0.09378073
v -0.07429504 -0.0393163 0.09378073
v -0.07369819 -0.0377163 0.09378073
v -0.0794847 -0.03481859 0.09378073
v -0.07294428 -0.02680905 0.09378073
v -0.07299423 -0.02668846 0.09378073
v -0.07307369 -0.0265849 0.09378073
v -0.07317724 -0.02650544 0.09378073
v -0.07329783 -0.02645549 0.09378073
v -0.05708665 -0.03195549 0.09378073
v -0.05695724 -0.03193846 0.09378073
v -0.05685724 -0.03033846 0.09378073
v -0.05565724 -0.03193846 0.09378073
v -0.05552783 -0.03195549 0.09378073
v -0.05750242 -0.03464844 0.09378073
v -0.05746866 -0.03454702 0.09378073
v -0.05906866 -0.03381641 0.09378073
v -0.05745724 -0.03444075 0.09378073
v -0.05745724 -0.03243846 0.09378073
v -0.07967428 -0.03230905 0.09378073
v -0.08000724 -0.03027147 0.09378073
v -0.0778847 -0.03408799 0.09378073
v -0.07795753 -0.03400975 0.09378073
v -0.07955753 -0.03474036 0.09378073
v -0.07961207 -0.03464844 0.09378073
v -0.08181239 -0.05252948 0.09378073
v -0.08356842 -0.05374231 0.09378073
v -0.08360145 -0.05384274 0.09378073
v -0.05330201 -0.05407316 0.09378073
v -0.05205284 -0.05477445 0.09378073
v -0.08464322 -0.05637445 0.09378073
v -0.08506163 -0.05477445 0.09378073
v -0.08476149 -0.05642219 0.09378073
v -0.0851799 -0.05482219 0.09378073
v -0.08488799 -0.05643846 0.09378073
v -0.0853064 -0.05483846 0.09378073
v -0.10158224 -0.05643846 0.09378073
v -0.07965724 -0.03243846 0.09378073
v -0.07965724 -0.03444075 0.09378073
v -0.07964582 -0.03454702 0.09378073
v -0.03242783 -0.05485549 0.09378073
v -0.03255724 -0.05483846 0.09378073
v -0.03205724 -0.05533846 0.09378073
v -0.04865766 -0.05483846 0.09378073
v -0.03205724 -0.05593846 0.09378073
v -0.08146176 -0.0526775 0.09378073
v -0.08159028 -0.0526595 0.09378073
v -0.08170984 -0.05260902 0.09378073
v -0.10505724 -0.05533846 0.09378073
v -0.10505724 -0.05593846 0.09378073
v -0.10455724 -0.05483846 0.09378073
v -0.03242783 -0.05642142 0.09378073
v -0.03230724 -0.05637147 0.09378073
v -0.03220369 -0.05629201 0.09378073
v -0.03207428 -0.05606787 0.09378073
v -0.03212423 -0.05618846 0.09378073
v -0.03207428 -0.05520905 0.09378073
v -0.03212423 -0.05508846 0.09378073
v -0.03220369 -0.0549849 0.09378073
v -0.07905299 -0.05325472 0.09378073
v -0.07958966 -0.05170247 0.09378073
v -0.07917125 -0.05330247 0.09378073
v -0.08121247 -0.05261352 0.09378073
v -0.08133293 -0.05266182 0.09378073
v -0.05565272 -0.0526775 0.09378073
v -0.05578155 -0.05266182 0.09378073
v -0.05794322 -0.05330247 0.09378073
v -0.05590201 -0.05261352 0.09378073
v -0.05806149 -0.05325472 0.09378073
v -0.08365487 -0.05393398 0.09378073
v -0.08372627 -0.05401195 0.09378073
v -0.08381247 -0.05407316 0.09378073
v -0.05193458 -0.05482219 0.09378073
v -0.05235299 -0.05642219 0.09378073
v -0.05180808 -0.05483846 0.09378073
v -0.05222649 -0.05643846 0.09378073
v -0.04886686 -0.05643846 0.09378073
v -0.03255724 -0.05643846 0.09378073
v -0.05752482 -0.05170247 0.09378073
v -0.05764309 -0.05165472 0.09378073
v -0.05818799 -0.05323846 0.09378073
v -0.05776958 -0.05163846 0.09378073
v -0.07892649 -0.05323846 0.09378073
v -0.0793449 -0.05163846 0.09378073
v -0.07947139 -0.05165472 0.09378073
v -0.10158224 -0.05483846 0.09378073
v -0.03230724 -0.05490544 0.09378073
v -0.10455724 -0.05643846 0.09378073
v -0.1050402 -0.05606787 0.09378073
v -0.10499025 -0.05618846 0.09378073
v -0.10480724 -0.05490544 0.09378073
v -0.10491079 -0.0549849 0.09378073
v -0.10499025 -0.05508846 0.09378073
v -0.10491079 -0.05629201 0.09378073
v -0.10480724 -0.05637147 0.09378073
v -0.10468665 -0.05642142 0.09378073
v -0.10468665 -0.05485549 0.09378073
v -0.1050402 -0.05520905 0.09378073
v -0.10158224 -0.05643846 -0.28621927
v -0.09685724 -0.05643846 -0.29318818
v -0.09758211 -0.05643846 -0.29374439
v -0.09813833 -0.05643846 -0.29446927
v -0.09335724 -0.05643846 -0.29318818
v -0.09263237 -0.05643846 -0.29374439
v -0.08488799 -0.05643846 -0.28621927
v -0.0917265 -0.05643846 -0.29712513
v -0.09207615 -0.05643846 -0.29796928
v -0.09263237 -0.05643846 -0.29869413
v -0.09335724 -0.05643846 -0.29925036
v -0.09420137 -0.05643846 -0.29960001
v -0.09510724 -0.05643846 -0.29971927
v -0.09601311 -0.05643846 -0.29960001
v -0.09685724 -0.05643846 -0.29925036
v -0.09758211 -0.05643846 -0.29869413
v -0.09813833 -0.05643846 -0.29796928
v -0.09848798 -0.05643846 -0.29712513
v -0.09860724 -0.05643846 -0.29621926
v -0.09848798 -0.05643846 -0.29531342
v -0.09601311 -0.05643846 -0.29283854
v -0.09510724 -0.05643846 -0.29271927
v -0.09420137 -0.05643846 -0.29283854
v -0.09207615 -0.05643846 -0.29446927
v -0.0917265 -0.05643846 -0.29531342
v -0.09160724 -0.05643846 -0.29621926
v -0.09685724 -0.05643846 -0.27318817
v -0.10158224 -0.05643846 -0.26621929
v -0.09758211 -0.05643846 -0.2737444
v -0.09813833 -0.05643846 -0.27446929
v -0.09335724 -0.05643846 -0.27318817
v -0.09263237 -0.05643846 -0.2737444
v -0.08488799 -0.05643846 -0.26621929
v -0.0917265 -0.05643846 -0.27712515
v -0.09207615 -0.05643846 -0.27796927
v -0.09263237 -0.05643846 -0.27869415
v -0.09335724 -0.05643846 -0.27925035
v -0.09420137 -0.05643846 -0.27960002
v -0.09510724 -0.05643846 -0.27971926
v -0.09601311 -0.05643846 -0.27960002
v -0.09685724 -0.05643846 -0.27925035
v -0.09758211 -0.05643846 -0.27869415
v -0.09813833 -0.05643846 -0.27796927
v -0.09848798 -0.05643846 -0.27712515
v -0.09860724 -0.05643846 -0.27621928
v -0.09848798 -0.05643846 -0.27531341
v -0.09601311 -0.05643846 -0.27283853
v -0.09510724 -0.05643846 -0.27271926
v -0.09420137 -0.05643846 -0.27283853
v -0.09207615 -0.05643846 -0.27446929
v -0.0917265 -0.05643846 -0.27531341
v -0.09160724 -0.05643846 -0.27621928
v -0.09335724 -0.05643846 -0.25318819
v -0.09263237 -0.05643846 -0.25374439
v -0.08488799 -0.05643846 -0.24621928
v -0.09207615 -0.05643846 -0.25796926
v -0.09263237 -0.05643846 -0.25869414
v -0.09601311 -0.05643846 -0.25960001
v -0.09685724 -0.05643846 -0.25925037
v -0.09758211 -0.05643846 -0.25869414
v -0.09813833 -0.05643846 -0.25796926
v -0.09813833 -0.05643846 -0.25446928
v -0.09758211 -0.05643846 -0.25374439
v -0.10158224 -0.05643846 -0.24621928
v -0.09685724 -0.05643846 -0.25318819
v -0.0917265 -0.05643846 -0.25712514
v -0.09335724 -0.05643846 -0.25925037
v -0.09420137 -0.05643846 -0.25960001
v -0.09510724 -0.05643846 -0.25971928
v -0.09848798 -0.05643846 -0.25712514
v -0.09860724 -0.05643846 -0.25621927
v -0.09848798 -0.05643846 -0.2553134
v -0.09601311 -0.05643846 -0.25283852
v -0.09510724 -0.05643846 -0.25271928
v -0.09420137 -0.05643846 -0.25283852
v -0.09207615 -0.05643846 -0.25446928
v -0.0917265 -0.05643846 -0.2553134
v -0.09160724 -0.05643846 -0.25621927
v -0.09207615 -0.05643846 -0.23796928
v -0.09263237 -0.05643846 -0.23869416
v -0.09335724 -0.05643846 -0.23925036
v -0.09420137 -0.05643846 -0.2396
v -0.09510724 -0.05643846 -0.23971927
v -0.09601311 -0.05643846 -0.2396
v -0.09335724 -0.05643846 -0.23318818
v -0.09263237 -0.05643846 -0.23374441
v -0.08488799 -0.05643846 -0.22621927
v -0.09207615 -0.05643846 -0.23446926
v -0.09685724 -0.05643846 -0.23925036
v -0.09758211 -0.05643846 -0.23869416
v -0.09813833 -0.05643846 -0.23796928
v -0.09813833 -0.05643846 -0.23446926
v -0.09758211 -0.05643846 -0.23374441
v -0.10158224 -0.05643846 -0.22621927
v -0.09685724 -0.05643846 -0.23318818
v -0.09601311 -0.05643846 -0.23283854
v -0.09510724 -0.05643846 -0.23271927
v -0.09420137 -0.05643846 -0.23283854
v -0.09848798 -0.05643846 -0.23712513
v -0.09860724 -0.05643846 -0.23621929
v -0.09848798 -0.05643846 -0.23531342
v -0.0917265 -0.05643846 -0.23531342
v -0.09160724 -0.05643846 -0.23621929
v -0.0917265 -0.05643846 -0.23712513
v -0.09335724 -0.05643846 -0.21925035
v -0.09420137 -0.05643846 -0.21960002
v -0.09335724 -0.05643846 -0.21318817
v -0.09263237 -0.05643846 -0.2137444
v -0.08488799 -0.05643846 -0.10621928
v -0.09510724 -0.05643846 -0.21971926
v -0.09601311 -0.05643846 -0.21960002
v -0.09685724 -0.05643846 -0.21925035
v -0.09758211 -0.05643846 -0.21869415
v -0.09813833 -0.05643846 -0.21796927
v -0.09813833 -0.05643846 -0.21446928
v -0.09758211 -0.05643846 -0.2137444
v -0.10158224 -0.05643846 -0.10621928
v -0.09685724 -0.05643846 -0.21318817
v -0.0917265 -0.05643846 -0.21712515
v -0.09207615 -0.05643846 -0.21796927
v -0.09263237 -0.05643846 -0.21869415
v -0.09601311 -0.05643846 -0.21283853
v -0.09510724 -0.05643846 -0.21271926
v -0.09420137 -0.05643846 -0.21283853
v -0.09207615 -0.05643846 -0.21446928
v -0.0917265 -0.05643846 -0.2153134
v -0.09160724 -0.05643846 -0.21621928
v -0.09848798 -0.05643846 -0.21712515
v -0.09860724 -0.05643846 -0.21621928
v -0.09848798 -0.05643846 -0.2153134
v -0.09263237 -0.05643846 0.02130585
v -0.09601311 -0.05643846 0.00716147
v -0.09207615 -0.05643846 0.02203073
v -0.0917265 -0.05643846 0.02287486
v -0.09207615 -0.05643846 0.00203072
v -0.09263237 -0.05643846 0.00130586
v -0.09510724 -0.05643846 0.02028073
v -0.09848798 -0.05643846 0.00468659
v -0.09813833 -0.05643846 0.00553073
v -0.09335724 -0.05643846 0.02074964
v -0.09420137 -0.05643846 0.02039999
v -0.09685724 -0.05643846 0.00681181
v -0.09758211 -0.05643846 0.0062556
v -0.09758211 -0.05643846 0.02130585
v -0.09860724 -0.05643846 0.00378072
v -0.09685724 -0.05643846 0.02074964
v -0.09601311 -0.05643846 0.02039999
v -0.09335724 -0.05643846 0.00074964
v -0.09420137 -0.05643846 0.00039998
v -0.09510724 -0.05643846 0.00028072
v -0.09601311 -0.05643846 0.00039998
v -0.08488799 -0.05643846 0.03378073
v -0.09263237 -0.05643846 0.0062556
v -0.09207615 -0.05643846 0.00553073
v -0.09685724 -0.05643846 0.00074964
v -0.09758211 -0.05643846 0.00130586
v -0.09813833 -0.05643846 0.00203072
v -0.09848798 -0.05643846 0.02468659
v -0.09813833 -0.05643846 0.02553073
v -0.10158224 -0.05643846 0.03378073
v -0.09758211 -0.05643846 0.0262556
v -0.09685724 -0.05643846 0.02681182
v -0.09335724 -0.05643846 0.02681182
v -0.09263237 -0.05643846 0.0262556
v -0.09207615 -0.05643846 0.02553073
v -0.0917265 -0.05643846 0.02468659
v -0.09160724 -0.05643846 0.02378073
v -0.0917265 -0.05643846 0.00468659
v -0.09160724 -0.05643846 0.00378072
v -0.0917265 -0.05643846 0.00287486
v -0.09813833 -0.05643846 0.02203073
v -0.09848798 -0.05643846 0.02287486
v -0.09860724 -0.05643846 0.02378073
v -0.09601311 -0.05643846 0.02716146
v -0.09510724 -0.05643846 0.02728073
v -0.09420137 -0.05643846 0.02716146
v -0.09510724 -0.05643846 0.00728073
v -0.09420137 -0.05643846 0.00716147
v -0.09335724 -0.05643846 0.00681181
v -0.09848798 -0.05643846 0.00287486
v -0.09207615 -0.05643846 0.04203073
v -0.09263237 -0.05643846 0.04130585
v -0.09335724 -0.05643846 0.04074964
v -0.09420137 -0.05643846 0.04039999
v -0.09510724 -0.05643846 0.04028073
v -0.09601311 -0.05643846 0.04039999
v -0.09685724 -0.05643846 0.04074964
v -0.09758211 -0.05643846 0.04130585
v -0.09813833 -0.05643846 0.04203073
v -0.09420137 -0.05643846 0.04716147
v -0.08488799 -0.05643846 0.05378073
v -0.09510724 -0.05643846 0.04728073
v -0.10158224 -0.05643846 0.05378073
v -0.09601311 -0.05643846 0.04716147
v -0.09335724 -0.05643846 0.04681182
v -0.09263237 -0.05643846 0.0462556
v -0.09207615 -0.05643846 0.04553073
v -0.0917265 -0.05643846 0.04468659
v -0.09160724 -0.05643846 0.04378073
v -0.0917265 -0.05643846 0.04287486
v -0.09848798 -0.05643846 0.04287486
v -0.09860724 -0.05643846 0.04378073
v -0.09848798 -0.05643846 0.04468659
v -0.09813833 -0.05643846 0.04553073
v -0.09758211 -0.05643846 0.0462556
v -0.09685724 -0.05643846 0.04681182
v -0.09510724 -0.05643846 0.06028073
v -0.09601311 -0.05643846 0.06039999
v -0.09420137 -0.05643846 0.06039999
v -0.09335724 -0.05643846 0.06074964
v -0.09813833 -0.05643846 0.06553073
v -0.09758211 -0.05643846 0.0662556
v -0.10158224 -0.05643846 0.07378073
v -0.09685724 -0.05643846 0.06681181
v -0.09601311 -0.05643846 0.06716147
v -0.09510724 -0.05643846 0.06728073
v -0.09685724 -0.05643846 0.06074964
v -0.09758211 -0.05643846 0.06130585
v -0.09813833 -0.05643846 0.06203073
v -0.09420137 -0.05643846 0.06716147
v -0.08488799 -0.05643846 0.07378073
v -0.09335724 -0.05643846 0.06681181
v -0.09263237 -0.05643846 0.0662556
v -0.0917265 -0.05643846 0.06287486
v -0.09207615 -0.05643846 0.06203073
v -0.09263237 -0.05643846 0.06130585
v -0.09848798 -0.05643846 0.06287486
v -0.09860724 -0.05643846 0.06378073
v -0.09848798 -0.05643846 0.06468659
v -0.09207615 -0.05643846 0.06553073
v -0.0917265 -0.05643846 0.06468659
v -0.09160724 -0.05643846 0.06378073
v -0.09685724 -0.05643846 0.08074964
v -0.09601311 -0.05643846 0.08039999
v -0.09510724 -0.05643846 0.08028073
v -0.09420137 -0.05643846 0.08039999
v -0.09510724 -0.05643846 0.08728073
v -0.09420137 -0.05643846 0.08716147
v -0.08488799 -0.05643846 0.09053073
v -0.09758211 -0.05643846 0.0862556
v -0.10158224 -0.05643846 0.09053073
v -0.09813833 -0.05643846 0.08553073
v -0.09848798 -0.05643846 0.08468659
v -0.09335724 -0.05643846 0.08681181
v -0.09263237 -0.05643846 0.0862556
v -0.09207615 -0.05643846 0.08553073
v -0.09685724 -0.05643846 0.08681181
v -0.09601311 -0.05643846 0.08716147
v -0.0917265 -0.05643846 0.08468659
v -0.09160724 -0.05643846 0.08378073
v -0.0917265 -0.05643846 0.08287486
v -0.09207615 -0.05643846 0.08203073
v -0.09263237 -0.05643846 0.08130585
v -0.09335724 -0.05643846 0.08074964
v -0.09860724 -0.05643846 0.08378073
v -0.09848798 -0.05643846 0.08287486
v -0.09758211 -0.05643846 0.08130585
v -0.09813833 -0.05643846 0.08203073
v -0.10455724 -0.05643846 -0.28621927
v -0.10455724 -0.05643846 -0.26621929
v -0.10455724 -0.05643846 -0.24621928
v -0.10455724 -0.05643846 -0.22621927
v -0.10455724 -0.05643846 -0.10621928
v -0.10455724 -0.05643846 0.03378073
v -0.10455724 -0.05643846 0.05378073
v -0.10455724 -0.05643846 0.07378073
v -0.10455724 -0.05643846 0.09053073
v -0.04886686 -0.05643846 -0.28621927
v -0.03953236 -0.05643846 -0.29374439
v -0.03897615 -0.05643846 -0.29446927
v -0.03255724 -0.05643846 -0.28621927
v -0.03897615 -0.05643846 -0.29796928
v -0.03953236 -0.05643846 -0.29869413
v -0.04025724 -0.05643846 -0.29925036
v -0.04110137 -0.05643846 -0.29960001
v -0.04200724 -0.05643846 -0.29971927
v -0.04291311 -0.05643846 -0.29960001
v -0.04375724 -0.05643846 -0.29925036
v -0.04448211 -0.05643846 -0.29869413
v -0.04503833 -0.05643846 -0.29796928
v -0.04025724 -0.05643846 -0.29318818
v -0.04538798 -0.05643846 -0.29712513
v -0.04550724 -0.05643846 -0.29621926
v -0.04538798 -0.05643846 -0.29531342
v -0.04503833 -0.05643846 -0.29446927
v -0.04448211 -0.05643846 -0.29374439
v -0.04375724 -0.05643846 -0.29318818
v -0.04291311 -0.05643846 -0.29283854
v -0.04200724 -0.05643846 -0.29271927
v -0.04110137 -0.05643846 -0.29283854
v -0.0386265 -0.05643846 -0.29531342
v -0.03850724 -0.05643846 -0.29621926
v -0.0386265 -0.05643846 -0.29712513
v -0.03953236 -0.05643846 -0.2737444
v -0.03897615 -0.05643846 -0.27446929
v -0.03255724 -0.05643846 -0.26621929
v -0.03897615 -0.05643846 -0.27796927
v -0.03953236 -0.05643846 -0.27869415
v -0.04025724 -0.05643846 -0.27925035
v -0.04110137 -0.05643846 -0.27960002
v -0.04200724 -0.05643846 -0.27971926
v -0.04291311 -0.05643846 -0.27960002
v -0.04375724 -0.05643846 -0.27925035
v -0.04448211 -0.05643846 -0.27869415
v -0.04503833 -0.05643846 -0.27796927
v -0.04025724 -0.05643846 -0.27318817
v -0.04538798 -0.05643846 -0.27712515
v -0.04550724 -0.05643846 -0.27621928
v -0.04886686 -0.05643846 -0.26621929
v -0.04538798 -0.05643846 -0.27531341
v -0.04503833 -0.05643846 -0.27446929
v -0.04448211 -0.05643846 -0.2737444
v -0.04375724 -0.05643846 -0.27318817
v -0.04291311 -0.05643846 -0.27283853
v -0.04200724 -0.05643846 -0.27271926
v -0.04110137 -0.05643846 -0.27283853
v -0.0386265 -0.05643846 -0.27531341
v -0.03850724 -0.05643846 -0.27621928
v -0.0386265 -0.05643846 -0.27712515
v -0.03953236 -0.05643846 -0.25374439
v -0.03897615 -0.05643846 -0.25446928
v -0.03255724 -0.05643846 -0.24621928
v -0.04025724 -0.05643846 -0.25318819
v -0.03897615 -0.05643846 -0.25796926
v -0.03953236 -0.05643846 -0.25869414
v -0.04291311 -0.05643846 -0.25960001
v -0.04375724 -0.05643846 -0.25925037
v -0.04448211 -0.05643846 -0.25869414
v -0.04503833 -0.05643846 -0.25796926
v -0.04503833 -0.05643846 -0.25446928
v -0.04448211 -0.05643846 -0.25374439
v -0.04886686 -0.05643846 -0.24621928
v -0.04375724 -0.05643846 -0.25318819
v -0.04025724 -0.05643846 -0.25925037
v -0.04110137 -0.05643846 -0.25960001
v -0.04200724 -0.05643846 -0.25971928
v -0.04291311 -0.05643846 -0.25283852
v -0.04200724 -0.05643846 -0.25271928
v -0.04110137 -0.05643846 -0.25283852
v -0.0386265 -0.05643846 -0.2553134
v -0.03850724 -0.05643846 -0.25621927
v -0.0386265 -0.05643846 -0.25712514
v -0.04538798 -0.05643846 -0.25712514
v -0.04550724 -0.05643846 -0.25621927
v -0.04538798 -0.05643846 -0.2553134
v -0.04200724 -0.05643846 -0.23271927
v -0.04110137 -0.05643846 -0.23283854
v -0.03255724 -0.05643846 -0.22621927
v -0.03897615 -0.05643846 -0.23796928
v -0.03953236 -0.05643846 -0.23869416
v -0.04291311 -0.05643846 -0.2396
v -0.04375724 -0.05643846 -0.23925036
v -0.04448211 -0.05643846 -0.23869416
v -0.04503833 -0.05643846 -0.23796928
v -0.04503833 -0.05643846 -0.23446926
v -0.04448211 -0.05643846 -0.23374441
v -0.04886686 -0.05643846 -0.22621927
v -0.04375724 -0.05643846 -0.23318818
v -0.04291311 -0.05643846 -0.23283854
v -0.04025724 -0.05643846 -0.23318818
v -0.03953236 -0.05643846 -0.23374441
v -0.03897615 -0.05643846 -0.23446926
v -0.04025724 -0.05643846 -0.23925036
v -0.04110137 -0.05643846 -0.2396
v -0.04200724 -0.05643846 -0.23971927
v -0.0386265 -0.05643846 -0.23531342
v -0.03850724 -0.05643846 -0.23621929
v -0.0386265 -0.05643846 -0.23712513
v -0.04538798 -0.05643846 -0.23712513
v -0.04550724 -0.05643846 -0.23621929
v -0.04538798 -0.05643846 -0.23531342
v -0.0386265 -0.05643846 -0.21712515
v -0.03897615 -0.05643846 -0.21796927
v -0.03953236 -0.05643846 -0.21869415
v -0.04025724 -0.05643846 -0.21925035
v -0.04110137 -0.05643846 -0.21960002
v -0.04200724 -0.05643846 -0.21971926
v -0.04291311 -0.05643846 -0.21960002
v -0.04375724 -0.05643846 -0.21925035
v -0.04448211 -0.05643846 -0.21869415
v -0.04503833 -0.05643846 -0.21796927
v -0.04538798 -0.05643846 -0.21712515
v -0.04025724 -0.05643846 -0.21318817
v -0.03953236 -0.05643846 -0.2137444
v -0.03255724 -0.05643846 -0.10621928
v -0.04448211 -0.05643846 -0.2137444
v -0.04375724 -0.05643846 -0.21318817
v -0.04886686 -0.05643846 -0.10621928
v -0.03897615 -0.05643846 -0.21446928
v -0.0386265 -0.05643846 -0.2153134
v -0.03850724 -0.05643846 -0.21621928
v -0.04550724 -0.05643846 -0.21621928
v -0.04538798 -0.05643846 -0.2153134
v -0.04503833 -0.05643846 -0.21446928
v -0.04291311 -0.05643846 -0.21283853
v -0.04200724 -0.05643846 -0.21271926
v -0.04110137 -0.05643846 -0.21283853
v -0.04503833 -0.05643846 0.00553073
v -0.04448211 -0.05643846 0.0062556
v -0.04886686 -0.05643846 0.03378073
v -0.04375724 -0.05643846 0.00681181
v -0.04291311 -0.05643846 0.00716147
v -0.04375724 -0.05643846 0.02074964
v -0.04448211 -0.05643846 0.02130585
v -0.04110137 -0.05643846 0.00716147
v -0.04025724 -0.05643846 0.00681181
v -0.03255724 -0.05643846 0.03378073
v -0.03953236 -0.05643846 0.0062556
v -0.03897615 -0.05643846 0.00553073
v -0.03897615 -0.05643846 0.00203072
v -0.03953236 -0.05643846 0.00130586
v -0.04291311 -0.05643846 0.00039998
v -0.04375724 -0.05643846 0.00074964
v -0.04448211 -0.05643846 0.00130586
v -0.04503833 -0.05643846 0.00203072
v -0.04503833 -0.05643846 0.02203073
v -0.04538798 -0.05643846 0.02287486
v -0.04550724 -0.05643846 0.02378073
v -0.04538798 -0.05643846 0.02468659
v -0.04503833 -0.05643846 0.02553073
v -0.04448211 -0.05643846 0.0262556
v -0.04375724 -0.05643846 0.02681182
v -0.04025724 -0.05643846 0.02681182
v -0.03953236 -0.05643846 0.0262556
v -0.03897615 -0.05643846 0.02553073
v -0.0386265 -0.05643846 0.02468659
v -0.03953236 -0.05643846 0.02130585
v -0.04025724 -0.05643846 0.02074964
v -0.04110137 -0.05643846 0.02039999
v -0.04200724 -0.05643846 0.00728073
v -0.04200724 -0.05643846 0.02028073
v -0.04291311 -0.05643846 0.02039999
v -0.0386265 -0.05643846 0.00468659
v -0.03850724 -0.05643846 0.00378072
v -0.0386265 -0.05643846 0.00287486
v -0.04025724 -0.05643846 0.00074964
v -0.04110137 -0.05643846 0.00039998
v -0.04200724 -0.05643846 0.00028072
v -0.04538798 -0.05643846 0.00287486
v -0.04550724 -0.05643846 0.00378072
v -0.04538798 -0.05643846 0.00468659
v -0.04291311 -0.05643846 0.02716146
v -0.04200724 -0.05643846 0.02728073
v -0.04110137 -0.05643846 0.02716146
v -0.03850724 -0.05643846 0.02378073
v -0.0386265 -0.05643846 0.02287486
v -0.03897615 -0.05643846 0.02203073
v -0.04503833 -0.05643846 0.04553073
v -0.04448211 -0.05643846 0.0462556
v -0.04886686 -0.05643846 0.05378073
v -0.04375724 -0.05643846 0.04681182
v -0.03897615 -0.05643846 0.04203073
v -0.03953236 -0.05643846 0.04130585
v -0.04291311 -0.05643846 0.04039999
v -0.04375724 -0.05643846 0.04074964
v -0.04448211 -0.05643846 0.04130585
v -0.04503833 -0.05643846 0.04203073
v -0.04110137 -0.05643846 0.04716147
v -0.03255724 -0.05643846 0.05378073
v -0.04200724 -0.05643846 0.04728073
v -0.04291311 -0.05643846 0.04716147
v -0.04025724 -0.05643846 0.04681182
v -0.03953236 -0.05643846 0.0462556
v -0.03897615 -0.05643846 0.04553073
v -0.04025724 -0.05643846 0.04074964
v -0.04110137 -0.05643846 0.04039999
v -0.04200724 -0.05643846 0.04028073
v -0.04538798 -0.05643846 0.04287486
v -0.04550724 -0.05643846 0.04378073
v -0.04538798 -0.05643846 0.04468659
v -0.0386265 -0.05643846 0.04468659
v -0.03850724 -0.05643846 0.04378073
v -0.0386265 -0.05643846 0.04287486
v -0.04503833 -0.05643846 0.06553073
v -0.04448211 -0.05643846 0.0662556
v -0.04886686 -0.05643846 0.07378073
v -0.03897615 -0.05643846 0.06203073
v -0.03953236 -0.05643846 0.06130585
v -0.0386265 -0.05643846 0.06287486
v -0.04025724 -0.05643846 0.06074964
v -0.04110137 -0.05643846 0.06039999
v -0.04200724 -0.05643846 0.06028073
v -0.04291311 -0.05643846 0.06039999
v -0.04375724 -0.05643846 0.06681181
v -0.04291311 -0.05643846 0.06716147
v -0.04200724 -0.05643846 0.06728073
v -0.04375724 -0.05643846 0.06074964
v -0.04448211 -0.05643846 0.06130585
v -0.04503833 -0.05643846 0.06203073
v -0.04110137 -0.05643846 0.06716147
v -0.03255724 -0.05643846 0.07378073
v -0.04025724 -0.05643846 0.06681181
v -0.03953236 -0.05643846 0.0662556
v -0.04538798 -0.05643846 0.06287486
v -0.04550724 -0.05643846 0.06378073
v -0.04538798 -0.05643846 0.06468659
v -0.03897615 -0.05643846 0.06553073
v -0.0386265 -0.05643846 0.06468659
v -0.03850724 -0.05643846 0.06378073
v -0.04375724 -0.05643846 0.08074964
v -0.04291311 -0.05643846 0.08039999
v -0.04200724 -0.05643846 0.08028073
v -0.04110137 -0.05643846 0.08039999
v -0.04200724 -0.05643846 0.08728073
v -0.04110137 -0.05643846 0.08716147
v -0.03255724 -0.05643846 0.09053073
v -0.03897615 -0.05643846 0.08553073
v -0.0386265 -0.05643846 0.08468659
v -0.03850724 -0.05643846 0.08378073
v -0.0386265 -0.05643846 0.08287486
v -0.03897615 -0.05643846 0.08203073
v -0.03953236 -0.05643846 0.08130585
v -0.04025724 -0.05643846 0.08074964
v -0.04448211 -0.05643846 0.0862556
v -0.04886686 -0.05643846 0.09053073
v -0.04503833 -0.05643846 0.08553073
v -0.04538798 -0.05643846 0.08468659
v -0.04025724 -0.05643846 0.08681181
v -0.03953236 -0.05643846 0.0862556
v -0.04375724 -0.05643846 0.08681181
v -0.04291311 -0.05643846 0.08716147
v -0.04538798 -0.05643846 0.08287486
v -0.04550724 -0.05643846 0.08378073
v -0.04448211 -0.05643846 0.08130585
v -0.04503833 -0.05643846 0.08203073
v -0.05222649 -0.05643846 -0.28621927
v -0.05222649 -0.05643846 -0.26621929
v -0.05222649 -0.05643846 -0.24621928
v -0.05222649 -0.05643846 -0.22621927
v -0.05222649 -0.05643846 -0.10621928
v -0.05222649 -0.05643846 0.03378073
v -0.05222649 -0.05643846 0.05378073
v -0.05222649 -0.05643846 0.07378073
v -0.05222649 -0.05643846 0.09053073
v -0.05247125 -0.05637445 0.09378073
v -0.05794322 -0.05330247 0.09378073
v -0.08464322 -0.05637445 0.09378073
v -0.07917125 -0.05330247 0.09378073
v -0.05180808 -0.05483846 0.09053073
v -0.04865766 -0.05483846 0.09053073
v -0.05180808 -0.05483846 0.07378073
v -0.04865766 -0.05483846 0.07378073
v -0.05180808 -0.05483846 0.05378073
v -0.04865766 -0.05483846 0.05378073
v -0.05180808 -0.05483846 0.03378073
v -0.04865766 -0.05483846 0.03378073
v -0.05180808 -0.05483846 -0.10621928
v -0.04865766 -0.05483846 -0.10621928
v -0.05180808 -0.05483846 -0.22621927
v -0.04865766 -0.05483846 -0.22621927
v -0.05180808 -0.05483846 -0.24621928
v -0.04865766 -0.05483846 -0.24621928
v -0.05180808 -0.05483846 -0.26621929
v -0.04865766 -0.05483846 -0.26621929
v -0.05180808 -0.05483846 -0.28621927
v -0.04865766 -0.05483846 -0.28621927
v -0.04025724 -0.05483846 -0.29925036
v -0.03953236 -0.05483846 -0.29869413
v -0.0386265 -0.05483846 -0.29531342
v -0.03897615 -0.05483846 -0.29446927
v -0.03255724 -0.05483846 -0.28621927
v -0.03953236 -0.05483846 -0.29374439
v -0.04025724 -0.05483846 -0.29318818
v -0.04110137 -0.05483846 -0.29283854
v -0.04200724 -0.05483846 -0.29271927
v -0.04291311 -0.05483846 -0.29283854
v -0.03897615 -0.05483846 -0.29796928
v -0.0386265 -0.05483846 -0.29712513
v -0.03850724 -0.05483846 -0.29621926
v -0.04375724 -0.05483846 -0.29318818
v -0.04448211 -0.05483846 -0.29374439
v -0.04503833 -0.05483846 -0.29446927
v -0.04503833 -0.05483846 -0.29796928
v -0.04448211 -0.05483846 -0.29869413
v -0.04375724 -0.05483846 -0.29925036
v -0.04538798 -0.05483846 -0.29531342
v -0.04550724 -0.05483846 -0.29621926
v -0.04538798 -0.05483846 -0.29712513
v -0.04291311 -0.05483846 -0.29960001
v -0.04200724 -0.05483846 -0.29971927
v -0.04110137 -0.05483846 -0.29960001
v -0.04025724 -0.05483846 -0.27925035
v -0.03953236 -0.05483846 -0.27869415
v -0.0386265 -0.05483846 -0.27531341
v -0.03897615 -0.05483846 -0.27446929
v -0.03255724 -0.05483846 -0.26621929
v -0.03953236 -0.05483846 -0.2737444
v -0.04025724 -0.05483846 -0.27318817
v -0.04110137 -0.05483846 -0.27283853
v -0.04200724 -0.05483846 -0.27271926
v -0.04291311 -0.05483846 -0.27283853
v -0.03897615 -0.05483846 -0.27796927
v -0.0386265 -0.05483846 -0.27712515
v -0.03850724 -0.05483846 -0.27621928
v -0.04375724 -0.05483846 -0.27318817
v -0.04448211 -0.05483846 -0.2737444
v -0.04503833 -0.05483846 -0.27446929
v -0.04503833 -0.05483846 -0.27796927
v -0.04448211 -0.05483846 -0.27869415
v -0.04375724 -0.05483846 -0.27925035
v -0.04538798 -0.05483846 -0.27531341
v -0.04550724 -0.05483846 -0.27621928
v -0.04538798 -0.05483846 -0.27712515
v -0.04291311 -0.05483846 -0.27960002
v -0.04200724 -0.05483846 -0.27971926
v -0.04110137 -0.05483846 -0.27960002
v -0.0386265 -0.05483846 -0.2553134
v -0.03897615 -0.05483846 -0.25446928
v -0.03255724 -0.05483846 -0.24621928
v -0.03953236 -0.05483846 -0.25374439
v -0.04291311 -0.05483846 -0.25283852
v -0.04375724 -0.05483846 -0.25318819
v -0.04448211 -0.05483846 -0.25374439
v -0.04503833 -0.05483846 -0.25446928
v -0.04025724 -0.05483846 -0.25925037
v -0.03953236 -0.05483846 -0.25869414
v -0.04025724 -0.05483846 -0.25318819
v -0.04110137 -0.05483846 -0.25283852
v -0.04200724 -0.05483846 -0.25271928
v -0.04503833 -0.05483846 -0.25796926
v -0.04448211 -0.05483846 -0.25869414
v -0.04375724 -0.05483846 -0.25925037
v -0.03897615 -0.05483846 -0.25796926
v -0.0386265 -0.05483846 -0.25712514
v -0.03850724 -0.05483846 -0.25621927
v -0.04538798 -0.05483846 -0.2553134
v -0.04550724 -0.05483846 -0.25621927
v -0.04538798 -0.05483846 -0.25712514
v -0.04291311 -0.05483846 -0.25960001
v -0.04200724 -0.05483846 -0.25971928
v -0.04110137 -0.05483846 -0.25960001
v -0.0386265 -0.05483846 -0.23531342
v -0.03897615 -0.05483846 -0.23446926
v -0.03255724 -0.05483846 -0.22621927
v -0.03953236 -0.05483846 -0.23374441
v -0.04291311 -0.05483846 -0.23283854
v -0.04375724 -0.05483846 -0.23318818
v -0.04448211 -0.05483846 -0.23374441
v -0.04503833 -0.05483846 -0.23446926
v -0.04025724 -0.05483846 -0.23925036
v -0.03953236 -0.05483846 -0.23869416
v -0.04025724 -0.05483846 -0.23318818
v -0.04110137 -0.05483846 -0.23283854
v -0.04200724 -0.05483846 -0.23271927
v -0.04503833 -0.05483846 -0.23796928
v -0.04448211 -0.05483846 -0.23869416
v -0.04375724 -0.05483846 -0.23925036
v -0.03897615 -0.05483846 -0.23796928
v -0.0386265 -0.05483846 -0.23712513
v -0.03850724 -0.05483846 -0.23621929
v -0.04538798 -0.05483846 -0.23531342
v -0.04550724 -0.05483846 -0.23621929
v -0.04538798 -0.05483846 -0.23712513
v -0.04291311 -0.05483846 -0.2396
v -0.04200724 -0.05483846 -0.23971927
v -0.04110137 -0.05483846 -0.2396
v -0.04025724 -0.05483846 -0.21925035
v -0.03953236 -0.05483846 -0.21869415
v -0.03897615 -0.05483846 -0.21796927
v -0.0386265 -0.05483846 -0.21712515
v -0.04200724 -0.05483846 -0.21271926
v -0.04110137 -0.05483846 -0.21283853
v -0.03255724 -0.05483846 -0.10621928
v -0.04025724 -0.05483846 -0.21318817
v -0.03953236 -0.05483846 -0.2137444
v -0.03850724 -0.05483846 -0.21621928
v -0.0386265 -0.05483846 -0.2153134
v -0.03897615 -0.05483846 -0.21446928
v -0.04291311 -0.05483846 -0.21283853
v -0.04375724 -0.05483846 -0.21318817
v -0.04448211 -0.05483846 -0.2137444
v -0.04538798 -0.05483846 -0.21712515
v -0.04503833 -0.05483846 -0.21796927
v -0.04448211 -0.05483846 -0.21869415
v -0.04375724 -0.05483846 -0.21925035
v -0.04503833 -0.05483846 -0.21446928
v -0.04538798 -0.05483846 -0.2153134
v -0.04550724 -0.05483846 -0.21621928
v -0.04291311 -0.05483846 -0.21960002
v -0.04200724 -0.05483846 -0.21971926
v -0.04110137 -0.05483846 -0.21960002
v -0.04025724 -0.05483846 0.02681182
v -0.04110137 -0.05483846 0.02716146
v -0.03255724 -0.05483846 0.03378073
v -0.04025724 -0.05483846 0.02074964
v -0.03953236 -0.05483846 0.02130585
v -0.04110137 -0.05483846 0.00716147
v -0.04200724 -0.05483846 0.02728073
v -0.04291311 -0.05483846 0.02716146
v -0.04375724 -0.05483846 0.02681182
v -0.03897615 -0.05483846 0.00553073
v -0.03953236 -0.05483846 0.0062556
v -0.04025724 -0.05483846 0.00681181
v -0.04448211 -0.05483846 0.0262556
v -0.04503833 -0.05483846 0.02553073
v -0.04538798 -0.05483846 0.02468659
v -0.04200724 -0.05483846 0.00728073
v -0.04291311 -0.05483846 0.00716147
v -0.04538798 -0.05483846 0.02287486
v -0.04550724 -0.05483846 0.02378073
v -0.04503833 -0.05483846 0.00203072
v -0.04448211 -0.05483846 0.00130586
v -0.04375724 -0.05483846 0.00074964
v -0.0386265 -0.05483846 0.02468659
v -0.03897615 -0.05483846 0.02553073
v -0.03953236 -0.05483846 0.0262556
v -0.04503833 -0.05483846 0.02203073
v -0.04448211 -0.05483846 0.02130585
v -0.04375724 -0.05483846 0.02074964
v -0.04375724 -0.05483846 0.00681181
v -0.04448211 -0.05483846 0.0062556
v -0.04503833 -0.05483846 0.00553073
v -0.04025724 -0.05483846 0.00074964
v -0.03953236 -0.05483846 0.00130586
v -0.03897615 -0.05483846 0.00203072
v -0.04291311 -0.05483846 0.02039999
v -0.04200724 -0.05483846 0.02028073
v -0.04110137 -0.05483846 0.02039999
v -0.03897615 -0.05483846 0.02203073
v -0.0386265 -0.05483846 0.02287486
v -0.03850724 -0.05483846 0.02378073
v -0.04538798 -0.05483846 0.00468659
v -0.04550724 -0.05483846 0.00378072
v -0.04538798 -0.05483846 0.00287486
v -0.04291311 -0.05483846 0.00039998
v -0.04200724 -0.05483846 0.00028072
v -0.04110137 -0.05483846 0.00039998
v -0.0386265 -0.05483846 0.00287486
v -0.03850724 -0.05483846 0.00378072
v -0.0386265 -0.05483846 0.00468659
v -0.04110137 -0.05483846 0.04716147
v -0.04200724 -0.05483846 0.04728073
v -0.04291311 -0.05483846 0.04716147
v -0.04025724 -0.05483846 0.04074964
v -0.03953236 -0.05483846 0.04130585
v -0.03255724 -0.05483846 0.05378073
v -0.0386265 -0.05483846 0.04468659
v -0.03897615 -0.05483846 0.04553073
v -0.04375724 -0.05483846 0.04681182
v -0.04448211 -0.05483846 0.0462556
v -0.04503833 -0.05483846 0.04553073
v -0.03953236 -0.05483846 0.0462556
v -0.04025724 -0.05483846 0.04681182
v -0.04538798 -0.05483846 0.04287486
v -0.04550724 -0.05483846 0.04378073
v -0.04538798 -0.05483846 0.04468659
v -0.04503833 -0.05483846 0.04203073
v -0.04448211 -0.05483846 0.04130585
v -0.04375724 -0.05483846 0.04074964
v -0.03897615 -0.05483846 0.04203073
v -0.0386265 -0.05483846 0.04287486
v -0.03850724 -0.05483846 0.04378073
v -0.04291311 -0.05483846 0.04039999
v -0.04200724 -0.05483846 0.04028073
v -0.04110137 -0.05483846 0.04039999
v -0.04503833 -0.05483846 0.06203073
v -0.04448211 -0.05483846 0.06130585
v -0.04200724 -0.05483846 0.06028073
v -0.04110137 -0.05483846 0.06039999
v -0.04025724 -0.05483846 0.06074964
v -0.03953236 -0.05483846 0.06130585
v -0.03897615 -0.05483846 0.06203073
v -0.03897615 -0.05483846 0.06553073
v -0.03953236 -0.05483846 0.0662556
v -0.03255724 -0.05483846 0.07378073
v -0.04025724 -0.05483846 0.06681181
v -0.04110137 -0.05483846 0.06716147
v -0.04200724 -0.05483846 0.06728073
v -0.04291311 -0.05483846 0.06716147
v -0.04375724 -0.05483846 0.06074964
v -0.04291311 -0.05483846 0.06039999
v -0.04375724 -0.05483846 0.06681181
v -0.04448211 -0.05483846 0.0662556
v -0.04503833 -0.05483846 0.06553073
v -0.0386265 -0.05483846 0.06287486
v -0.03850724 -0.05483846 0.06378073
v -0.0386265 -0.05483846 0.06468659
v -0.04538798 -0.05483846 0.06468659
v -0.04550724 -0.05483846 0.06378073
v -0.04538798 -0.05483846 0.06287486
v -0.04110137 -0.05483846 0.08716147
v -0.04200724 -0.05483846 0.08728073
v -0.04291311 -0.05483846 0.08716147
v -0.04375724 -0.05483846 0.08681181
v -0.04448211 -0.05483846 0.0862556
v -0.04503833 -0.05483846 0.08553073
v -0.04538798 -0.05483846 0.08468659
v -0.04550724 -0.05483846 0.08378073
v -0.04538798 -0.05483846 0.08287486
v -0.04503833 -0.05483846 0.08203073
v -0.04291311 -0.05483846 0.08039999
v -0.04200724 -0.05483846 0.08028073
v -0.04110137 -0.05483846 0.08039999
v -0.04025724 -0.05483846 0.08074964
v -0.03953236 -0.05483846 0.08130585
v -0.03897615 -0.05483846 0.08203073
v -0.0386265 -0.05483846 0.08287486
v -0.03255724 -0.05483846 0.09053073
v -0.03850724 -0.05483846 0.08378073
v -0.0386265 -0.05483846 0.08468659
v -0.03897615 -0.05483846 0.08553073
v -0.03953236 -0.05483846 0.0862556
v -0.04025724 -0.05483846 0.08681181
v -0.04448211 -0.05483846 0.08130585
v -0.04375724 -0.05483846 0.08074964
v -0.05205284 -0.05477445 0.09378073
v -0.10455724 -0.05483846 -0.10621928
v -0.10158224 -0.05483846 -0.10621928
v -0.10455724 -0.05483846 -0.22621927
v -0.10158224 -0.05483846 -0.22621927
v -0.10455724 -0.05483846 -0.24621928
v -0.10158224 -0.05483846 -0.24621928
v -0.10455724 -0.05483846 -0.26621929
v -0.10158224 -0.05483846 -0.26621929
v -0.10455724 -0.05483846 -0.28621927
v -0.10158224 -0.05483846 -0.28621927
v -0.10455724 -0.05483846 0.09053073
v -0.10158224 -0.05483846 0.09053073
v -0.10455724 -0.05483846 0.07378073
v -0.10158224 -0.05483846 0.07378073
v -0.10455724 -0.05483846 0.05378073
v -0.10158224 -0.05483846 0.05378073
v -0.10455724 -0.05483846 0.03378073
v -0.10158224 -0.05483846 0.03378073
v -0.09601311 -0.05483846 -0.29283854
v -0.09685724 -0.05483846 -0.29318818
v -0.09758211 -0.05483846 -0.29374439
v -0.09813833 -0.05483846 -0.29446927
v -0.09335724 -0.05483846 -0.29925036
v -0.09263237 -0.05483846 -0.29869413
v -0.09207615 -0.05483846 -0.29446927
v -0.09263237 -0.05483846 -0.29374439
v -0.0853064 -0.05483846 -0.28621927
v -0.0917265 -0.05483846 -0.29531342
v -0.09335724 -0.05483846 -0.29318818
v -0.09420137 -0.05483846 -0.29283854
v -0.09510724 -0.05483846 -0.29271927
v -0.09813833 -0.05483846 -0.29796928
v -0.09758211 -0.05483846 -0.29869413
v -0.09685724 -0.05483846 -0.29925036
v -0.09601311 -0.05483846 -0.29960001
v -0.09510724 -0.05483846 -0.29971927
v -0.09420137 -0.05483846 -0.29960001
v -0.09848798 -0.05483846 -0.29531342
v -0.09860724 -0.05483846 -0.29621926
v -0.09848798 -0.05483846 -0.29712513
v -0.09207615 -0.05483846 -0.29796928
v -0.0917265 -0.05483846 -0.29712513
v -0.09160724 -0.05483846 -0.29621926
v -0.09601311 -0.05483846 -0.27283853
v -0.09685724 -0.05483846 -0.27318817
v -0.09758211 -0.05483846 -0.2737444
v -0.09813833 -0.05483846 -0.27446929
v -0.09335724 -0.05483846 -0.27925035
v -0.09263237 -0.05483846 -0.27869415
v -0.09207615 -0.05483846 -0.27446929
v -0.09263237 -0.05483846 -0.2737444
v -0.0853064 -0.05483846 -0.26621929
v -0.0917265 -0.05483846 -0.27531341
v -0.09335724 -0.05483846 -0.27318817
v -0.09420137 -0.05483846 -0.27283853
v -0.09510724 -0.05483846 -0.27271926
v -0.09813833 -0.05483846 -0.27796927
v -0.09758211 -0.05483846 -0.27869415
v -0.09685724 -0.05483846 -0.27925035
v -0.09601311 -0.05483846 -0.27960002
v -0.09510724 -0.05483846 -0.27971926
v -0.09420137 -0.05483846 -0.27960002
v -0.09848798 -0.05483846 -0.27531341
v -0.09860724 -0.05483846 -0.27621928
v -0.09848798 -0.05483846 -0.27712515
v -0.09207615 -0.05483846 -0.27796927
v -0.0917265 -0.05483846 -0.27712515
v -0.09160724 -0.05483846 -0.27621928
v -0.09207615 -0.05483846 -0.25446928
v -0.09263237 -0.05483846 -0.25374439
v -0.0853064 -0.05483846 -0.24621928
v -0.09601311 -0.05483846 -0.25283852
v -0.09685724 -0.05483846 -0.25318819
v -0.09758211 -0.05483846 -0.25374439
v -0.09813833 -0.05483846 -0.25446928
v -0.09335724 -0.05483846 -0.25925037
v -0.09263237 -0.05483846 -0.25869414
v -0.09207615 -0.05483846 -0.25796926
v -0.09335724 -0.05483846 -0.25318819
v -0.09420137 -0.05483846 -0.25283852
v -0.09510724 -0.05483846 -0.25271928
v -0.09813833 -0.05483846 -0.25796926
v -0.09758211 -0.05483846 -0.25869414
v -0.09685724 -0.05483846 -0.25925037
v -0.09601311 -0.05483846 -0.25960001
v -0.09510724 -0.05483846 -0.25971928
v -0.09420137 -0.05483846 -0.25960001
v -0.09848798 -0.05483846 -0.2553134
v -0.09860724 -0.05483846 -0.25621927
v -0.09848798 -0.05483846 -0.25712514
v -0.0917265 -0.05483846 -0.25712514
v -0.09160724 -0.05483846 -0.25621927
v -0.0917265 -0.05483846 -0.2553134
v -0.09207615 -0.05483846 -0.23446926
v -0.09263237 -0.05483846 -0.23374441
v -0.0853064 -0.05483846 -0.22621927
v -0.09601311 -0.05483846 -0.23283854
v -0.09685724 -0.05483846 -0.23318818
v -0.09758211 -0.05483846 -0.23374441
v -0.09813833 -0.05483846 -0.23446926
v -0.09335724 -0.05483846 -0.23925036
v -0.09263237 -0.05483846 -0.23869416
v -0.09207615 -0.05483846 -0.23796928
v -0.09335724 -0.05483846 -0.23318818
v -0.09420137 -0.05483846 -0.23283854
v -0.09510724 -0.05483846 -0.23271927
v -0.09813833 -0.05483846 -0.23796928
v -0.09758211 -0.05483846 -0.23869416
v -0.09685724 -0.05483846 -0.23925036
v -0.09601311 -0.05483846 -0.2396
v -0.09510724 -0.05483846 -0.23971927
v -0.09420137 -0.05483846 -0.2396
v -0.09848798 -0.05483846 -0.23531342
v -0.09860724 -0.05483846 -0.23621929
v -0.09848798 -0.05483846 -0.23712513
v -0.0917265 -0.05483846 -0.23712513
v -0.09160724 -0.05483846 -0.23621929
v -0.0917265 -0.05483846 -0.23531342
v -0.09758211 -0.05483846 -0.2137444
v -0.09685724 -0.05483846 -0.21318817
v -0.09601311 -0.05483846 -0.21283853
v -0.09263237 -0.05483846 -0.2137444
v -0.09335724 -0.05483846 -0.21318817
v -0.0853064 -0.05483846 -0.10621928
v -0.09420137 -0.05483846 -0.21283853
v -0.09510724 -0.05483846 -0.21271926
v -0.09848798 -0.05483846 -0.21712515
v -0.09813833 -0.05483846 -0.21796927
v -0.09758211 -0.05483846 -0.21869415
v -0.09685724 -0.05483846 -0.21925035
v -0.09335724 -0.05483846 -0.21925035
v -0.09263237 -0.05483846 -0.21869415
v -0.09207615 -0.05483846 -0.21796927
v -0.0917265 -0.05483846 -0.21712515
v -0.09601311 -0.05483846 -0.21960002
v -0.09510724 -0.05483846 -0.21971926
v -0.09420137 -0.05483846 -0.21960002
v -0.09813833 -0.05483846 -0.21446928
v -0.09848798 -0.05483846 -0.2153134
v -0.09860724 -0.05483846 -0.21621928
v -0.09160724 -0.05483846 -0.21621928
v -0.0917265 -0.05483846 -0.2153134
v -0.09207615 -0.05483846 -0.21446928
v -0.09848798 -0.05483846 0.02287486
v -0.09510724 -0.05483846 0.00728073
v -0.09601311 -0.05483846 0.00716147
v -0.09510724 -0.05483846 0.02728073
v -0.09601311 -0.05483846 0.02716146
v -0.09685724 -0.05483846 0.02681182
v -0.09758211 -0.05483846 0.0262556
v -0.09860724 -0.05483846 0.02378073
v -0.09335724 -0.05483846 0.02074964
v -0.09263237 -0.05483846 0.02130585
v -0.09420137 -0.05483846 0.00716147
v -0.09813833 -0.05483846 0.02553073
v -0.09848798 -0.05483846 0.02468659
v -0.09685724 -0.05483846 0.00681181
v -0.09758211 -0.05483846 0.0062556
v -0.09207615 -0.05483846 0.00553073
v -0.09263237 -0.05483846 0.0062556
v -0.0853064 -0.05483846 0.03378073
v -0.09335724 -0.05483846 0.00681181
v -0.09813833 -0.05483846 0.02203073
v -0.09758211 -0.05483846 0.02130585
v -0.09685724 -0.05483846 0.02074964
v -0.09848798 -0.05483846 0.00287486
v -0.09813833 -0.05483846 0.00203072
v -0.09758211 -0.05483846 0.00130586
v -0.09685724 -0.05483846 0.00074964
v -0.09601311 -0.05483846 0.00039998
v -0.09510724 -0.05483846 0.00028072
v -0.09420137 -0.05483846 0.00039998
v -0.09335724 -0.05483846 0.00074964
v -0.09263237 -0.05483846 0.00130586
v -0.09207615 -0.05483846 0.00203072
v -0.09420137 -0.05483846 0.02716146
v -0.09335724 -0.05483846 0.02681182
v -0.09860724 -0.05483846 0.00378072
v -0.09601311 -0.05483846 0.02039999
v -0.09510724 -0.05483846 0.02028073
v -0.09420137 -0.05483846 0.02039999
v -0.0917265 -0.05483846 0.02468659
v -0.09207615 -0.05483846 0.02553073
v -0.09263237 -0.05483846 0.0262556
v -0.09813833 -0.05483846 0.00553073
v -0.09848798 -0.05483846 0.00468659
v -0.0917265 -0.05483846 0.00287486
v -0.09160724 -0.05483846 0.00378072
v -0.0917265 -0.05483846 0.00468659
v -0.09207615 -0.05483846 0.02203073
v -0.0917265 -0.05483846 0.02287486
v -0.09160724 -0.05483846 0.02378073
v -0.09420137 -0.05483846 0.04716147
v -0.09510724 -0.05483846 0.04728073
v -0.09601311 -0.05483846 0.04716147
v -0.09335724 -0.05483846 0.04074964
v -0.09263237 -0.05483846 0.04130585
v -0.09685724 -0.05483846 0.04681182
v -0.09758211 -0.05483846 0.0462556
v -0.09813833 -0.05483846 0.04553073
v -0.09848798 -0.05483846 0.04287486
v -0.09860724 -0.05483846 0.04378073
v -0.09848798 -0.05483846 0.04468659
v -0.09813833 -0.05483846 0.04203073
v -0.09758211 -0.05483846 0.04130585
v -0.09685724 -0.05483846 0.04074964
v -0.0917265 -0.05483846 0.04468659
v -0.09207615 -0.05483846 0.04553073
v -0.0853064 -0.05483846 0.05378073
v -0.09601311 -0.05483846 0.04039999
v -0.09510724 -0.05483846 0.04028073
v -0.09420137 -0.05483846 0.04039999
v -0.09207615 -0.05483846 0.04203073
v -0.0917265 -0.05483846 0.04287486
v -0.09160724 -0.05483846 0.04378073
v -0.09263237 -0.05483846 0.0462556
v -0.09335724 -0.05483846 0.04681182
v -0.09813833 -0.05483846 0.06203073
v -0.09758211 -0.05483846 0.06130585
v -0.09510724 -0.05483846 0.06028073
v -0.09420137 -0.05483846 0.06039999
v -0.09207615 -0.05483846 0.06553073
v -0.09263237 -0.05483846 0.0662556
v -0.0853064 -0.05483846 0.07378073
v -0.09335724 -0.05483846 0.06681181
v -0.09420137 -0.05483846 0.06716147
v -0.09510724 -0.05483846 0.06728073
v -0.09601311 -0.05483846 0.06716147
v -0.09685724 -0.05483846 0.06074964
v -0.09601311 -0.05483846 0.06039999
v -0.09685724 -0.05483846 0.06681181
v -0.09758211 -0.05483846 0.0662556
v -0.09813833 -0.05483846 0.06553073
v -0.09335724 -0.05483846 0.06074964
v -0.09263237 -0.05483846 0.06130585
v -0.09207615 -0.05483846 0.06203073
v -0.0917265 -0.05483846 0.06287486
v -0.09160724 -0.05483846 0.06378073
v -0.0917265 -0.05483846 0.06468659
v -0.09848798 -0.05483846 0.06468659
v -0.09860724 -0.05483846 0.06378073
v -0.09848798 -0.05483846 0.06287486
v -0.09420137 -0.05483846 0.08716147
v -0.09510724 -0.05483846 0.08728073
v -0.09601311 -0.05483846 0.08716147
v -0.09685724 -0.05483846 0.08681181
v -0.09758211 -0.05483846 0.0862556
v -0.09813833 -0.05483846 0.08553073
v -0.0917265 -0.05483846 0.08468659
v -0.09207615 -0.05483846 0.08553073
v -0.0853064 -0.05483846 0.09053073
v -0.09263237 -0.05483846 0.0862556
v -0.09335724 -0.05483846 0.08681181
v -0.09848798 -0.05483846 0.08468659
v -0.09860724 -0.05483846 0.08378073
v -0.09848798 -0.05483846 0.08287486
v -0.09813833 -0.05483846 0.08203073
v -0.09758211 -0.05483846 0.08130585
v -0.09685724 -0.05483846 0.08074964
v -0.09601311 -0.05483846 0.08039999
v -0.09510724 -0.05483846 0.08028073
v -0.09420137 -0.05483846 0.08039999
v -0.09335724 -0.05483846 0.08074964
v -0.09263237 -0.05483846 0.08130585
v -0.09207615 -0.05483846 0.08203073
v -0.0917265 -0.05483846 0.08287486
v -0.09160724 -0.05483846 0.08378073
v -0.0794847 -0.03481859 0.09378073
v -0.05762978 -0.03481859 0.09378073
v -0.05745724 -0.03444075 0.09378073
v -0.05776958 -0.05163846 0.09378073
v -0.07958966 -0.05170247 0.09378073
v -0.08121247 -0.05261352 0.09378073
v -0.07958966 -0.05170247 0.09378073
v -0.07947139 -0.05165472 0.09378073
v -0.0793449 -0.05163846 0.09378073
v -0.05764309 -0.05165472 0.09378073
v -0.05752482 -0.05170247 0.09378073
v -0.05193458 -0.05482219 0.09378073
v -0.05180808 -0.05483846 0.09378073
v -0.05746866 -0.03454702 0.09378073
v -0.05750242 -0.03464844 0.09378073
v -0.05755695 -0.03474036 0.09378073
v -0.07955753 -0.03474036 0.09378073
v -0.07961207 -0.03464844 0.09378073
v -0.07964582 -0.03454702 0.09378073
v -0.07965724 -0.03444075 0.09378073
vn -0.22252 -0.97493 0
vn 0 -1 0
vn -0.21084 -0.97752 0
vn 0 -1 0
vn -0.43388 -0.90097 0
vn -0.62349 -0.78183 0
vn -0.59493 -0.80378 0
vn -0.41216 -0.91111 0
vn -0.90097 -0.43388 0
vn -0.78183 -0.62349 0
vn -0.78173 -0.62361 0
vn -0.87 -0.49305 0
vn -0.75095 -0.66036 0
vn -0.43329 -0.90125 0
vn -0.59472 -0.80393 0
vn -0.62395 -0.78147 0
vn -0.75077 -0.66056 0
vn -0.21072 -0.97755 0
vn -0.22271 -0.97488 0
vn -0.41197 -0.9112 0
vn -0.97493 -0.22252 0
vn -1 -0 0
vn 0.96593 -0.25882 0
vn 1 0 0
vn 0.86603 -0.5 0
vn 0.86608 -0.49991 0
vn 0.87 -0.49305 0
vn 0.70711 -0.70711 0
vn 0.5 -0.86603 0
vn 0.50065 -0.86565 0
vn 0.59728 -0.80204 0
vn 0.75054 -0.66083 0
vn 0.25882 -0.96593 0
vn 0 -1 0
vn 0.21072 -0.97755 0
vn 0.2567 -0.96649 0
vn 0.41006 -0.91206 0
vn 0.21113 -0.97746 0
vn 0.5946 -0.80402 0
vn 0.4122 -0.91109 0
vn 0.75049 -0.66088 0
vn 1 -0 0
vn -0 -1 0
vn -0.25882 -0.96593 0
vn -0.5 -0.86603 0
vn -0.70711 -0.70711 0
vn -0.86603 -0.5 0
vn -0.96593 -0.25882 0
vn -1 0 0
vn -0 -1 0
vn 1 -0 0
vn -1 -0 0
vn 0 1 0
vn 0 0 -1
vn 0 0 1
vn -1 0 0
vn -0.48953 -0.87198 0
vn 0.48953 -0.87198 0
vn 0.48953 0.87198 0
vn -0.48953 0.87198 0
vn -1 -0 0
vn -0.65493 0.75569 0
vn 0.65493 0.75569 0
vn 1 -0 0
vn 1 0 0
vn -0.65493 -0.75569 0
vn 0.65493 -0.75569 0
vn -0 -1 0
vn 0.45828 -0.88881 0
vn 0.23579 -0.9718 0
vn -0.97715 0.21254 0
vn -0.90965 0.41537 0
vn -0.80058 0.59922 0
vn -0.253 -0.96747 0
vn 0.253 -0.96747 0
vn -0.253 0.96747 0
vn 0 1 0
vn 0.253 0.96747 0
vn -0 1 0
vn 0 1 -0
vn 0 1 -0
vn 0 1 -0
vn 0 1 -0
vn 0 1 -0
vn 0.66194 0.74956 0
vn 0.80475 0.59362 0
vn 0.91158 0.41113 0
vn 0.97764 0.21027 0
vn 1 0 0
vn -0.66194 0.74956 0
vn -0.80475 0.59362 0
vn -0.91158 0.41113 0
vn -0.97764 0.21027 0
vn -1 0 0
vn -0.24863 0.9686 0
vn 0.00903 0.99996 0
vn 0.26608 0.96395 0
vn 0.50521 0.863 0
vn 0.71029 0.70391 0
vn 0.86753 0.49739 0
vn 0.96631 0.25736 0
vn -0.96631 0.25736 0
vn -0.86753 0.49739 0
vn -0.71029 0.70391 0
vn -0.50521 0.863 0
vn -0.26608 0.96395 0
vn -0.00903 0.99996 0
vn 0.24863 0.9686 0
vn 0.97715 -0.21254 0
vn 0.90965 -0.41537 0
vn 0.80058 -0.59922 0
vn -0.23579 -0.9718 0
vn -0.45828 -0.88881 0
vn -0.80058 -0.59922 0
vn -0.90965 -0.41537 0
vn -0.97715 -0.21254 0
vn -0 1 0
vn -0.25882 0.96593 0
vn -0.5 0.86603 0
vn -0.70711 0.70711 0
vn -0.86603 0.5 0
vn -0.96593 0.25882 0
vn -1 -0 0
vn 0 -1 0
vn 0.25882 0.96593 0
vn 0.5 0.86603 0
vn 0.70711 0.70711 0
vn 0.86603 0.5 0
vn 0.96593 0.25882 0
vn 1 0 0
vn -0.45828 0.88881 0
vn -0.23579 0.9718 0
vn 0.23579 0.9718 0
vn 0.45828 0.88881 0
vn 0.80058 0.59922 0
vn 0.90965 0.41537 0
vn 0.97715 0.21254 0
vn 0 -1 0
vn 0 -1 0
vn 0 0 -1
vn -0.25882 0 -0.96593
vn -0.5 0 -0.86603
vn -0.70711 0 -0.70711
vn -0.86603 0 -0.5
vn -0.96593 0 -0.25882
vn -1 0 -0
vn -0.96593 0 0.25882
vn -0.86603 0 0.5
vn -0.70711 0 0.70711
vn -0.5 0 0.86603
vn -0.25882 0 0.96593
vn -0 0 1
vn 0.25882 0 0.96593
vn 0.5 0 0.86603
vn 0.70711 0 0.70711
vn 0.86603 0 0.5
vn 0.96593 0 0.25882
vn 1 0 0
vn 0.96593 0 -0.25882
vn 0.86603 0 -0.5
vn 0.70711 0 -0.70711
vn 0.5 0 -0.86603
vn 0.25882 0 -0.96593
vn 1 0 0
vn -0 0 1
usemtl mat0
f 25//19 26//19 27//20
f 27//20 26//19 28//21
f 27//20 28//21 29//22
f 30//23 31//24 32//24
f 32//24 33//25 30//23
f 30//23 33//25 34//23
f 30//23 34//23 25//19
f 25//19 34//23 35//26
f 25//19 35//26 26//19
f 36//27 37//28 38//29
f 39//27 40//30 41//28
f 41//28 40//30 42//28
f 41//28 42//28 31//24
f 31//24 42//28 43//31
f 31//24 43//31 32//24
f 44//24 45//23 46//32
f 46//32 47//33 44//24
f 44//24 47//33 48//34
f 44//24 48//34 37//28
f 37//28 48//34 49//35
f 37//28 49//35 38//29
f 50//19 51//20 52//22
f 52//22 53//36 50//19
f 50//19 53//36 54//37
f 50//19 54//37 45//23
f 45//23 54//37 55//38
f 45//23 55//38 46//32
f 56//20 57//20 58//19
f 58//19 57//20 59//19
f 58//19 59//19 60//23
f 60//23 59//19 61//23
f 60//23 61//23 62//24
f 62//24 61//23 63//24
f 62//24 63//24 64//28
f 64//28 63//24 65//28
f 64//28 65//28 66//27
f 66//27 65//28 67//27
f 66//27 67//27 68//39
f 68//39 67//27 69//39
f 68//39 69//39 70//40
f 70//40 69//39 71//40
f 27//20 56//20 25//19
f 25//19 56//20 58//19
f 25//19 58//19 30//23
f 30//23 58//19 60//23
f 30//23 60//23 31//24
f 31//24 60//23 62//24
f 31//24 62//24 41//28
f 41//28 62//24 64//28
f 41//28 64//28 39//27
f 39//27 64//28 66//27
f 39//27 66//27 72//39
f 72//39 66//27 68//39
f 72//39 68//39 73//40
f 73//40 68//39 70//40
f 38//29 40//30 36//27
f 36//27 40//30 39//27
f 36//27 39//27 74//39
f 74//39 39//27 72//39
f 74//39 72//39 75//40
f 75//40 72//39 73//40
f 76//20 51//20 77//19
f 77//19 51//20 50//19
f 77//19 50//19 78//23
f 78//23 50//19 45//23
f 78//23 45//23 79//24
f 79//24 45//23 44//24
f 79//24 44//24 80//28
f 80//28 44//24 37//28
f 80//28 37//28 81//27
f 81//27 37//28 36//27
f 81//27 36//27 82//39
f 82//39 36//27 74//39
f 82//39 74//39 83//40
f 83//40 74//39 75//40
f 84//20 76//20 85//19
f 85//19 76//20 77//19
f 85//19 77//19 86//23
f 86//23 77//19 78//23
f 86//23 78//23 87//24
f 87//24 78//23 79//24
f 87//24 79//24 88//28
f 88//28 79//24 80//28
f 88//28 80//28 89//27
f 89//27 80//28 81//27
f 89//27 81//27 90//39
f 90//39 81//27 82//39
f 90//39 82//39 91//40
f 91//40 82//39 83//40
f 92//41 93//42 94//42
f 95//43 96//44 97//41
f 97//41 96//44 98//45
f 99//46 100//47 101//48
f 101//48 102//49 99//46
f 99//46 102//49 103//46
f 99//46 103//46 95//43
f 95//43 103//46 104//50
f 95//43 104//50 96//44
f 105//51 106//22 107//52
f 107//52 108//53 105//51
f 105//51 108//53 109//54
f 105//51 109//54 100//47
f 100//47 109//54 110//55
f 100//47 110//55 101//48
f 111//51 112//51 113//22
f 113//22 112//51 114//56
f 113//22 114//56 115//22
f 116//46 117//57 118//47
f 118//47 117//57 119//47
f 118//47 119//47 111//51
f 111//51 119//47 120//58
f 111//51 120//58 112//51
f 121//43 122//59 116//46
f 116//46 122//59 123//46
f 116//46 123//46 117//57
f 94//42 97//41 92//41
f 92//41 97//41 98//45
f 92//41 98//45 121//43
f 121//43 98//45 124//43
f 121//43 124//43 122//59
f 125//42 126//42 127//41
f 127//41 126//42 128//41
f 127//41 128//41 129//43
f 129//43 128//41 130//43
f 129//43 130//43 131//46
f 131//46 130//43 132//46
f 131//46 132//46 133//47
f 133//47 132//46 134//47
f 133//47 134//47 135//51
f 135//51 134//47 136//51
f 135//51 136//51 137//22
f 137//22 136//51 138//22
f 94//42 125//42 97//41
f 97//41 125//42 127//41
f 97//41 127//41 95//43
f 95//43 127//41 129//43
f 95//43 129//43 99//46
f 99//46 129//43 131//46
f 99//46 131//46 100//47
f 100//47 131//46 133//47
f 100//47 133//47 105//51
f 105//51 133//47 135//51
f 105//51 135//51 106//22
f 106//22 135//51 137//22
f 139//42 93//42 140//41
f 140//41 93//42 92//41
f 140//41 92//41 141//43
f 141//43 92//41 121//43
f 141//43 121//43 142//46
f 142//46 121//43 116//46
f 142//46 116//46 143//47
f 143//47 116//46 118//47
f 143//47 118//47 144//51
f 144//51 118//47 111//51
f 144//51 111//51 145//22
f 145//22 111//51 113//22
f 146//42 139//42 147//41
f 147//41 139//42 140//41
f 147//41 140//41 148//43
f 148//43 140//41 141//43
f 148//43 141//43 149//46
f 149//46 141//43 142//46
f 149//46 142//46 150//47
f 150//47 142//46 143//47
f 150//47 143//47 151//51
f 151//51 143//47 144//51
f 151//51 144//51 152//22
f 152//22 144//51 145//22
f 153//60 154//60 155//41
f 153//60 155//41 156//41
f 156//41 155//41 157//43
f 156//41 157//43 158//43
f 158//43 157//43 159//46
f 158//43 159//46 160//46
f 160//46 159//46 161//47
f 160//46 161//47 162//47
f 162//47 161//47 163//51
f 162//47 163//51 164//51
f 164//51 163//51 165//61
f 164//51 165//61 166//61
f 167//60 168//60 169//41
f 167//60 169//41 170//41
f 170//41 169//41 171//43
f 170//41 171//43 172//43
f 172//43 171//43 173//46
f 172//43 173//46 174//46
f 174//46 173//46 175//47
f 174//46 175//47 176//47
f 176//47 175//47 177//51
f 176//47 177//51 178//51
f 178//51 177//51 179//61
f 178//51 179//61 180//61
f 181//61 182//61 183//62
f 181//61 183//62 184//62
f 184//62 183//62 185//63
f 184//62 185//63 186//63
f 186//63 185//63 187//64
f 186//63 187//64 188//64
f 188//64 187//64 189//65
f 188//64 189//65 190//65
f 190//65 189//65 191//66
f 190//65 191//66 192//66
f 192//66 191//66 193//67
f 192//66 193//67 194//67
f 195//61 196//61 197//62
f 195//61 197//62 198//62
f 198//62 197//62 199//63
f 198//62 199//63 200//63
f 200//63 199//63 201//64
f 200//63 201//64 202//64
f 202//64 201//64 203//65
f 202//64 203//65 204//65
f 204//65 203//65 205//66
f 204//65 205//66 206//66
f 206//66 205//66 207//67
f 206//66 207//67 208//67
f 84//52 182//52 76//52
f 76//52 182//52 181//52
f 76//52 181//52 51//52
f 51//52 181//52 209//52
f 51//52 209//52 52//52
f 27//52 29//52 196//52
f 27//52 196//52 56//52
f 56//52 196//52 195//52
f 56//52 195//52 57//52
f 113//68 115//68 166//68
f 113//68 166//68 145//68
f 145//68 166//68 165//68
f 145//68 165//68 152//68
f 138//68 180//68 137//68
f 137//68 180//68 179//68
f 137//68 179//68 106//68
f 106//68 179//68 210//68
f 106//68 210//68 107//68
f 211//69 212//69 213//69
f 213//69 212//69 214//69
f 215//70 216//70 217//70
f 217//70 216//70 218//70
f 219//71 220//71 221//71
f 221//71 220//71 222//71
f 223//71 224//71 225//71
f 225//71 224//71 226//71
f 219//72 227//72 220//72
f 220//72 227//72 228//72
f 220//72 228//72 229//72
f 229//72 230//72 220//72
f 220//72 230//72 231//72
f 220//72 231//72 232//72
f 232//72 231//72 233//72
f 232//72 233//72 234//72
f 235//72 236//72 237//72
f 237//72 236//72 227//72
f 237//72 227//72 238//72
f 239//72 240//72 241//72
f 241//72 240//72 242//72
f 241//72 242//72 243//72
f 243//72 242//72 244//72
f 245//72 132//72 130//72
f 219//72 246//72 227//72
f 227//72 246//72 247//72
f 227//72 247//72 248//72
f 248//72 249//72 227//72
f 227//72 249//72 250//72
f 227//72 250//72 238//72
f 251//72 252//72 253//72
f 244//72 71//72 243//72
f 243//72 71//72 69//72
f 243//72 69//72 254//72
f 254//72 69//72 67//72
f 254//72 67//72 255//72
f 255//72 67//72 65//72
f 255//72 65//72 233//72
f 233//72 65//72 63//72
f 233//72 63//72 61//72
f 256//72 212//72 257//72
f 257//72 212//72 211//72
f 257//72 211//72 258//72
f 258//72 211//72 259//72
f 260//72 261//72 262//72
f 262//72 261//72 263//72
f 264//72 265//72 266//72
f 266//72 265//72 267//72
f 266//72 267//72 268//72
f 267//72 269//72 268//72
f 268//72 269//72 270//72
f 268//72 270//72 271//72
f 271//72 270//72 272//72
f 256//72 273//72 212//72
f 212//72 273//72 274//72
f 212//72 274//72 275//72
f 275//72 274//72 276//72
f 275//72 276//72 277//72
f 278//72 279//72 276//72
f 279//72 280//72 276//72
f 276//72 280//72 281//72
f 276//72 281//72 277//72
f 138//72 136//72 282//72
f 282//72 136//72 134//72
f 251//72 253//72 237//72
f 237//72 253//72 283//72
f 237//72 283//72 235//72
f 284//72 285//72 272//72
f 272//72 285//72 286//72
f 272//72 286//72 271//72
f 287//72 288//72 289//72
f 290//72 291//72 292//72
f 239//72 262//72 240//72
f 240//72 262//72 263//72
f 240//72 263//72 293//72
f 293//72 263//72 294//72
f 293//72 294//72 295//72
f 295//72 294//72 296//72
f 295//72 296//72 297//72
f 298//72 299//72 226//72
f 226//72 299//72 300//72
f 226//72 300//72 225//72
f 225//72 300//72 301//72
f 225//72 301//72 302//72
f 303//72 304//72 305//72
f 208//72 306//72 233//72
f 233//72 306//72 307//72
f 308//72 309//72 310//72
f 259//72 211//72 290//72
f 290//72 211//72 311//72
f 290//72 311//72 291//72
f 312//72 313//72 314//72
f 314//72 313//72 315//72
f 314//72 315//72 316//72
f 282//72 317//72 167//72
f 318//72 282//72 319//72
f 319//72 282//72 320//72
f 320//72 282//72 226//72
f 226//72 282//72 321//72
f 226//72 321//72 298//72
f 322//72 323//72 324//72
f 325//72 326//72 327//72
f 327//72 326//72 328//72
f 327//72 328//72 329//72
f 61//72 59//72 233//72
f 233//72 59//72 57//72
f 233//72 57//72 208//72
f 208//72 57//72 195//72
f 208//72 195//72 198//72
f 307//72 330//72 233//72
f 233//72 330//72 331//72
f 233//72 331//72 234//72
f 332//72 333//72 260//72
f 260//72 333//72 334//72
f 260//72 334//72 261//72
f 335//72 336//72 337//72
f 336//72 338//72 337//72
f 337//72 338//72 339//72
f 337//72 339//72 340//72
f 337//72 341//72 335//72
f 335//72 341//72 342//72
f 335//72 342//72 316//72
f 316//72 342//72 343//72
f 316//72 343//72 314//72
f 318//72 344//72 282//72
f 282//72 344//72 345//72
f 282//72 345//72 317//72
f 245//72 346//72 132//72
f 132//72 346//72 347//72
f 132//72 347//72 348//72
f 324//72 323//72 349//72
f 349//72 323//72 350//72
f 349//72 350//72 327//72
f 327//72 350//72 351//72
f 327//72 351//72 325//72
f 204//72 206//72 202//72
f 202//72 206//72 208//72
f 202//72 208//72 200//72
f 200//72 208//72 198//72
f 170//72 172//72 174//72
f 138//72 282//72 180//72
f 180//72 282//72 167//72
f 180//72 167//72 178//72
f 352//72 353//72 302//72
f 302//72 353//72 354//72
f 302//72 354//72 355//72
f 292//72 356//72 290//72
f 290//72 356//72 287//72
f 290//72 287//72 357//72
f 357//72 287//72 289//72
f 276//72 358//72 278//72
f 278//72 358//72 359//72
f 278//72 359//72 332//72
f 332//72 359//72 360//72
f 332//72 360//72 333//72
f 361//72 362//72 215//72
f 215//72 362//72 363//72
f 215//72 363//72 364//72
f 324//72 365//72 322//72
f 322//72 365//72 366//72
f 322//72 366//72 367//72
f 367//72 366//72 305//72
f 367//72 305//72 368//72
f 368//72 305//72 304//72
f 264//72 266//72 305//72
f 305//72 266//72 369//72
f 305//72 369//72 303//72
f 308//72 370//72 284//72
f 308//72 310//72 371//72
f 371//72 310//72 372//72
f 371//72 372//72 373//72
f 374//72 375//72 376//72
f 376//72 375//72 377//72
f 376//72 377//72 378//72
f 379//72 380//72 381//72
f 381//72 380//72 382//72
f 381//72 382//72 383//72
f 383//72 382//72 384//72
f 383//72 384//72 126//72
f 126//72 384//72 245//72
f 126//72 245//72 128//72
f 128//72 245//72 130//72
f 340//72 339//72 385//72
f 385//72 339//72 386//72
f 385//72 386//72 387//72
f 387//72 386//72 388//72
f 387//72 388//72 379//72
f 379//72 388//72 389//72
f 379//72 389//72 380//72
f 297//72 390//72 295//72
f 295//72 390//72 391//72
f 295//72 391//72 392//72
f 170//72 174//72 167//72
f 167//72 174//72 176//72
f 167//72 176//72 178//72
f 348//72 327//72 132//72
f 132//72 327//72 329//72
f 132//72 329//72 134//72
f 134//72 329//72 393//72
f 134//72 393//72 282//72
f 355//72 394//72 302//72
f 302//72 394//72 216//72
f 302//72 216//72 225//72
f 225//72 216//72 215//72
f 225//72 215//72 395//72
f 395//72 215//72 364//72
f 396//72 397//72 398//72
f 398//72 397//72 399//72
f 398//72 399//72 400//72
f 400//72 399//72 401//72
f 400//72 401//72 402//72
f 402//72 401//72 403//72
f 402//72 403//72 308//72
f 308//72 403//72 404//72
f 308//72 404//72 370//72
f 272//72 405//72 284//72
f 284//72 405//72 406//72
f 284//72 406//72 308//72
f 308//72 406//72 407//72
f 308//72 407//72 309//72
f 408//72 409//72 378//72
f 378//72 409//72 410//72
f 378//72 410//72 411//72
f 411//72 410//72 412//72
f 413//72 414//72 415//72
f 314//72 416//72 312//72
f 312//72 416//72 417//72
f 312//72 417//72 418//72
f 418//72 417//72 295//72
f 418//72 295//72 419//72
f 419//72 295//72 392//72
f 420//72 421//72 422//72
f 422//72 421//72 423//72
f 422//72 423//72 287//72
f 287//72 423//72 424//72
f 287//72 424//72 288//72
f 372//72 425//72 373//72
f 373//72 425//72 426//72
f 373//72 426//72 427//72
f 427//72 426//72 428//72
f 427//72 428//72 429//72
f 429//72 428//72 430//72
f 429//72 430//72 420//72
f 420//72 430//72 431//72
f 420//72 431//72 421//72
f 356//72 432//72 287//72
f 287//72 432//72 433//72
f 287//72 433//72 434//72
f 434//72 433//72 435//72
f 434//72 435//72 436//72
f 436//72 435//72 437//72
f 436//72 437//72 377//72
f 377//72 437//72 438//72
f 377//72 438//72 378//72
f 378//72 438//72 439//72
f 378//72 439//72 408//72
f 440//72 441//72 442//72
f 396//72 443//72 397//72
f 397//72 443//72 444//72
f 397//72 444//72 445//72
f 446//72 447//72 448//72
f 413//72 415//72 376//72
f 376//72 415//72 449//72
f 376//72 449//72 374//72
f 396//72 450//72 443//72
f 443//72 450//72 440//72
f 443//72 440//72 451//72
f 451//72 440//72 442//72
f 445//72 444//72 448//72
f 448//72 444//72 452//72
f 448//72 452//72 446//72
f 453//73 454//73 455//73
f 150//73 151//73 456//73
f 222//73 457//73 458//73
f 456//73 151//73 459//73
f 460//73 461//73 462//73
f 463//73 464//73 465//73
f 465//73 464//73 462//73
f 466//73 467//73 468//73
f 462//73 461//73 469//73
f 457//73 222//73 455//73
f 455//73 222//73 470//73
f 455//73 470//73 453//73
f 458//73 471//73 222//73
f 222//73 471//73 472//73
f 222//73 472//73 221//73
f 221//73 472//73 473//73
f 146//73 147//73 474//73
f 460//73 462//73 475//73
f 475//73 462//73 464//73
f 475//73 464//73 476//73
f 84//73 85//73 455//73
f 477//73 478//73 479//73
f 474//73 147//73 480//73
f 480//73 147//73 148//73
f 480//73 148//73 481//73
f 482//73 483//73 224//73
f 224//73 483//73 484//73
f 85//73 86//73 455//73
f 455//73 86//73 87//73
f 455//73 87//73 485//73
f 485//73 87//73 88//73
f 485//73 88//73 486//73
f 486//73 88//73 89//73
f 486//73 89//73 487//73
f 487//73 89//73 90//73
f 487//73 90//73 463//73
f 463//73 90//73 91//73
f 463//73 91//73 464//73
f 488//73 489//73 490//73
f 490//73 489//73 491//73
f 490//73 491//73 474//73
f 474//73 491//73 492//73
f 474//73 492//73 146//73
f 493//73 494//73 495//73
f 496//73 497//73 498//73
f 498//73 497//73 499//73
f 498//73 499//73 500//73
f 501//73 502//73 503//73
f 503//73 502//73 504//73
f 481//73 148//73 456//73
f 456//73 148//73 149//73
f 456//73 149//73 150//73
f 505//73 506//73 507//73
f 507//73 506//73 508//73
f 507//73 508//73 509//73
f 510//73 511//73 512//73
f 512//73 511//73 513//73
f 512//73 513//73 514//73
f 515//73 214//73 513//73
f 513//73 214//73 516//73
f 516//73 517//73 513//73
f 513//73 517//73 518//73
f 513//73 518//73 514//73
f 519//73 473//73 520//73
f 520//73 473//73 521//73
f 520//73 521//73 522//73
f 496//73 523//73 497//73
f 497//73 523//73 524//73
f 497//73 524//73 525//73
f 525//73 524//73 213//73
f 525//73 213//73 526//73
f 526//73 213//73 214//73
f 526//73 214//73 527//73
f 527//73 214//73 515//73
f 468//73 467//73 504//73
f 504//73 467//73 528//73
f 504//73 528//73 503//73
f 501//73 529//73 502//73
f 502//73 529//73 530//73
f 502//73 530//73 531//73
f 482//73 224//73 507//73
f 507//73 224//73 223//73
f 507//73 223//73 505//73
f 509//73 532//73 507//73
f 507//73 532//73 217//73
f 507//73 217//73 218//73
f 484//73 154//73 533//73
f 455//73 534//73 193//73
f 535//73 536//73 537//73
f 537//73 536//73 520//73
f 537//73 520//73 538//73
f 538//73 520//73 522//73
f 519//73 539//73 473//73
f 473//73 539//73 540//73
f 473//73 540//73 541//73
f 541//73 542//73 473//73
f 473//73 542//73 543//73
f 473//73 543//73 221//73
f 495//73 494//73 544//73
f 544//73 494//73 545//73
f 544//73 545//73 546//73
f 547//73 548//73 549//73
f 550//73 551//73 552//73
f 552//73 551//73 553//73
f 552//73 553//73 554//73
f 554//73 553//73 555//73
f 556//73 557//73 218//73
f 218//73 557//73 558//73
f 218//73 558//73 559//73
f 454//73 560//73 455//73
f 455//73 560//73 561//73
f 455//73 561//73 534//73
f 546//73 545//73 562//73
f 562//73 545//73 563//73
f 562//73 563//73 564//73
f 563//73 565//73 564//73
f 564//73 565//73 566//73
f 564//73 566//73 567//73
f 567//73 566//73 568//73
f 567//73 568//73 569//73
f 550//73 570//73 551//73
f 551//73 570//73 571//73
f 551//73 571//73 572//73
f 572//73 571//73 479//73
f 572//73 479//73 573//73
f 573//73 479//73 478//73
f 466//73 468//73 479//73
f 479//73 468//73 574//73
f 479//73 574//73 477//73
f 559//73 575//73 218//73
f 218//73 575//73 576//73
f 218//73 576//73 507//73
f 459//73 151//73 484//73
f 484//73 151//73 152//73
f 484//73 152//73 154//73
f 154//73 152//73 165//73
f 154//73 165//73 163//73
f 191//73 189//73 187//73
f 84//73 455//73 182//73
f 182//73 455//73 193//73
f 182//73 193//73 183//73
f 493//73 495//73 577//73
f 577//73 495//73 578//73
f 577//73 578//73 579//73
f 579//73 578//73 580//73
f 579//73 580//73 581//73
f 569//73 568//73 582//73
f 582//73 568//73 583//73
f 582//73 583//73 584//73
f 157//73 155//73 159//73
f 159//73 155//73 154//73
f 159//73 154//73 161//73
f 161//73 154//73 163//73
f 533//73 585//73 484//73
f 484//73 585//73 586//73
f 484//73 586//73 587//73
f 587//73 588//73 484//73
f 484//73 588//73 589//73
f 484//73 589//73 224//73
f 461//73 590//73 469//73
f 469//73 590//73 591//73
f 469//73 591//73 592//73
f 592//73 591//73 593//73
f 592//73 593//73 510//73
f 510//73 593//73 594//73
f 510//73 594//73 511//73
f 580//73 595//73 581//73
f 581//73 595//73 596//73
f 581//73 596//73 597//73
f 597//73 596//73 598//73
f 597//73 598//73 464//73
f 464//73 598//73 599//73
f 464//73 599//73 476//73
f 531//73 600//73 502//73
f 502//73 600//73 489//73
f 502//73 489//73 601//73
f 601//73 489//73 488//73
f 583//73 602//73 584//73
f 584//73 602//73 603//73
f 584//73 603//73 604//73
f 604//73 603//73 605//73
f 555//73 553//73 606//73
f 606//73 553//73 607//73
f 606//73 607//73 608//73
f 191//73 187//73 193//73
f 193//73 187//73 185//73
f 193//73 185//73 183//73
f 500//73 548//73 498//73
f 498//73 548//73 547//73
f 498//73 547//73 609//73
f 609//73 547//73 610//73
f 611//73 612//73 613//73
f 613//73 612//73 614//73
f 613//73 614//73 615//73
f 615//73 614//73 616//73
f 615//73 616//73 617//73
f 600//73 618//73 489//73
f 489//73 618//73 619//73
f 489//73 619//73 603//73
f 603//73 619//73 620//73
f 603//73 620//73 605//73
f 621//73 622//73 623//73
f 623//73 622//73 624//73
f 623//73 624//73 625//73
f 626//73 627//73 611//73
f 611//73 627//73 628//73
f 611//73 628//73 606//73
f 629//73 630//73 631//73
f 632//73 633//73 625//73
f 625//73 633//73 634//73
f 625//73 634//73 635//73
f 635//73 634//73 636//73
f 637//73 638//73 639//73
f 640//73 641//73 642//73
f 642//73 641//73 643//73
f 642//73 643//73 611//73
f 611//73 643//73 644//73
f 611//73 644//73 626//73
f 549//73 645//73 547//73
f 547//73 645//73 646//73
f 547//73 646//73 647//73
f 647//73 646//73 648//73
f 647//73 648//73 649//73
f 608//73 650//73 606//73
f 606//73 650//73 651//73
f 606//73 651//73 611//73
f 611//73 651//73 652//73
f 611//73 652//73 612//73
f 610//73 547//73 653//73
f 653//73 547//73 654//73
f 653//73 654//73 655//73
f 655//73 654//73 656//73
f 655//73 656//73 624//73
f 624//73 656//73 657//73
f 624//73 657//73 625//73
f 625//73 657//73 658//73
f 625//73 658//73 632//73
f 648//73 659//73 649//73
f 649//73 659//73 660//73
f 649//73 660//73 661//73
f 661//73 660//73 662//73
f 661//73 662//73 663//73
f 663//73 662//73 664//73
f 663//73 664//73 640//73
f 640//73 664//73 665//73
f 640//73 665//73 641//73
f 631//73 630//73 666//73
f 637//73 639//73 623//73
f 623//73 639//73 667//73
f 623//73 667//73 621//73
f 616//73 666//73 617//73
f 617//73 666//73 630//73
f 617//73 630//73 668//73
f 668//73 630//73 669//73
f 668//73 669//73 670//73
f 671//73 672//73 673//73
f 670//73 674//73 668//73
f 668//73 674//73 675//73
f 668//73 675//73 676//73
f 631//73 677//73 629//73
f 629//73 677//73 671//73
f 629//73 671//73 678//73
f 678//73 671//73 673//73
f 396//52 398//52 679//52
f 680//52 679//52 681//52
f 681//52 679//52 682//52
f 683//52 684//52 685//52
f 686//52 687//52 400//52
f 400//52 687//52 688//52
f 688//52 689//52 400//52
f 400//52 689//52 690//52
f 400//52 690//52 398//52
f 398//52 690//52 691//52
f 398//52 691//52 692//52
f 692//52 693//52 398//52
f 398//52 693//52 694//52
f 398//52 694//52 695//52
f 695//52 696//52 398//52
f 398//52 696//52 697//52
f 398//52 697//52 679//52
f 679//52 697//52 698//52
f 679//52 698//52 682//52
f 680//52 699//52 679//52
f 679//52 699//52 700//52
f 679//52 700//52 685//52
f 685//52 700//52 701//52
f 685//52 701//52 683//52
f 684//52 702//52 685//52
f 685//52 702//52 703//52
f 685//52 703//52 400//52
f 400//52 703//52 704//52
f 400//52 704//52 686//52
f 705//52 706//52 707//52
f 707//52 706//52 708//52
f 709//52 710//52 711//52
f 712//52 713//52 685//52
f 685//52 713//52 714//52
f 714//52 715//52 685//52
f 685//52 715//52 716//52
f 685//52 716//52 679//52
f 679//52 716//52 717//52
f 679//52 717//52 718//52
f 718//52 719//52 679//52
f 679//52 719//52 720//52
f 679//52 720//52 721//52
f 721//52 722//52 679//52
f 679//52 722//52 723//52
f 679//52 723//52 706//52
f 706//52 723//52 724//52
f 706//52 724//52 708//52
f 705//52 725//52 706//52
f 706//52 725//52 726//52
f 706//52 726//52 711//52
f 711//52 726//52 727//52
f 711//52 727//52 709//52
f 710//52 728//52 711//52
f 711//52 728//52 729//52
f 711//52 729//52 685//52
f 685//52 729//52 730//52
f 685//52 730//52 712//52
f 731//52 732//52 733//52
f 734//52 735//52 711//52
f 736//52 737//52 706//52
f 706//52 737//52 738//52
f 706//52 738//52 739//52
f 740//52 741//52 742//52
f 742//52 741//52 743//52
f 734//52 711//52 744//52
f 735//52 745//52 711//52
f 711//52 745//52 746//52
f 711//52 746//52 706//52
f 706//52 746//52 747//52
f 706//52 747//52 736//52
f 739//52 748//52 706//52
f 706//52 748//52 749//52
f 706//52 749//52 742//52
f 742//52 749//52 750//52
f 742//52 750//52 740//52
f 743//52 751//52 742//52
f 742//52 751//52 752//52
f 742//52 752//52 733//52
f 733//52 752//52 753//52
f 733//52 753//52 731//52
f 732//52 754//52 733//52
f 733//52 754//52 755//52
f 733//52 755//52 711//52
f 711//52 755//52 756//52
f 711//52 756//52 744//52
f 757//52 758//52 733//52
f 758//52 759//52 733//52
f 733//52 759//52 760//52
f 733//52 760//52 742//52
f 742//52 760//52 761//52
f 742//52 761//52 762//52
f 763//52 764//52 765//52
f 765//52 764//52 766//52
f 762//52 767//52 742//52
f 742//52 767//52 768//52
f 742//52 768//52 769//52
f 770//52 771//52 772//52
f 772//52 771//52 773//52
f 773//52 774//52 772//52
f 772//52 774//52 775//52
f 772//52 775//52 765//52
f 765//52 775//52 776//52
f 765//52 776//52 763//52
f 769//52 777//52 742//52
f 742//52 777//52 778//52
f 742//52 778//52 772//52
f 772//52 778//52 779//52
f 772//52 779//52 770//52
f 766//52 780//52 765//52
f 765//52 780//52 781//52
f 765//52 781//52 733//52
f 733//52 781//52 782//52
f 733//52 782//52 757//52
f 783//52 784//52 765//52
f 785//52 786//52 787//52
f 765//52 784//52 772//52
f 772//52 784//52 788//52
f 772//52 788//52 789//52
f 789//52 790//52 772//52
f 772//52 790//52 791//52
f 772//52 791//52 792//52
f 793//52 794//52 795//52
f 795//52 794//52 796//52
f 797//52 798//52 765//52
f 765//52 798//52 799//52
f 765//52 799//52 783//52
f 796//52 800//52 795//52
f 795//52 800//52 801//52
f 795//52 801//52 787//52
f 787//52 801//52 802//52
f 787//52 802//52 785//52
f 786//52 803//52 787//52
f 787//52 803//52 804//52
f 787//52 804//52 765//52
f 765//52 804//52 805//52
f 765//52 805//52 797//52
f 792//52 806//52 772//52
f 772//52 806//52 807//52
f 772//52 807//52 795//52
f 795//52 807//52 808//52
f 795//52 808//52 793//52
f 809//52 810//52 811//52
f 811//52 810//52 812//52
f 813//52 814//52 787//52
f 815//52 816//52 817//52
f 809//52 818//52 810//52
f 810//52 818//52 819//52
f 810//52 819//52 820//52
f 820//52 819//52 815//52
f 820//52 815//52 821//52
f 821//52 815//52 817//52
f 822//52 823//52 824//52
f 824//52 823//52 816//52
f 824//52 816//52 825//52
f 825//52 816//52 815//52
f 814//52 826//52 787//52
f 787//52 826//52 827//52
f 787//52 827//52 795//52
f 795//52 827//52 828//52
f 795//52 828//52 829//52
f 830//52 831//52 832//52
f 829//52 833//52 795//52
f 795//52 833//52 834//52
f 795//52 834//52 835//52
f 836//52 837//52 838//52
f 838//52 837//52 839//52
f 838//52 839//52 840//52
f 841//52 842//52 830//52
f 830//52 842//52 843//52
f 843//52 844//52 830//52
f 830//52 844//52 845//52
f 830//52 845//52 812//52
f 832//52 846//52 830//52
f 830//52 846//52 847//52
f 830//52 847//52 787//52
f 787//52 847//52 848//52
f 787//52 848//52 813//52
f 822//52 849//52 823//52
f 823//52 849//52 850//52
f 823//52 850//52 851//52
f 840//52 852//52 838//52
f 838//52 852//52 853//52
f 838//52 853//52 830//52
f 830//52 853//52 854//52
f 830//52 854//52 841//52
f 810//52 855//52 812//52
f 812//52 855//52 856//52
f 812//52 856//52 830//52
f 830//52 856//52 857//52
f 830//52 857//52 831//52
f 835//52 858//52 795//52
f 795//52 858//52 823//52
f 795//52 823//52 838//52
f 838//52 823//52 851//52
f 838//52 851//52 836//52
f 859//52 860//52 830//52
f 860//52 861//52 830//52
f 830//52 861//52 862//52
f 830//52 862//52 838//52
f 838//52 862//52 863//52
f 838//52 863//52 864//52
f 864//52 865//52 838//52
f 838//52 865//52 866//52
f 838//52 866//52 867//52
f 868//52 869//52 870//52
f 870//52 869//52 871//52
f 870//52 871//52 872//52
f 868//52 873//52 869//52
f 869//52 873//52 874//52
f 869//52 874//52 875//52
f 875//52 876//52 869//52
f 869//52 876//52 877//52
f 869//52 877//52 830//52
f 830//52 877//52 878//52
f 830//52 878//52 859//52
f 867//52 879//52 838//52
f 838//52 879//52 880//52
f 838//52 880//52 871//52
f 871//52 880//52 881//52
f 871//52 881//52 882//52
f 882//52 883//52 871//52
f 871//52 883//52 884//52
f 871//52 884//52 872//52
f 871//52 885//52 886//52
f 885//52 871//52 887//52
f 887//52 871//52 869//52
f 887//52 869//52 888//52
f 889//52 890//52 891//52
f 890//52 892//52 891//52
f 891//52 892//52 893//52
f 891//52 893//52 894//52
f 886//52 895//52 871//52
f 871//52 895//52 896//52
f 871//52 896//52 897//52
f 894//52 898//52 899//52
f 899//52 898//52 900//52
f 899//52 900//52 901//52
f 902//52 903//52 869//52
f 869//52 903//52 904//52
f 869//52 904//52 888//52
f 897//52 905//52 871//52
f 871//52 905//52 906//52
f 871//52 906//52 891//52
f 891//52 906//52 907//52
f 891//52 907//52 889//52
f 901//52 908//52 899//52
f 899//52 908//52 909//52
f 899//52 909//52 869//52
f 869//52 909//52 910//52
f 869//52 910//52 902//52
f 911//52 891//52 912//52
f 912//52 891//52 913//52
f 894//52 899//52 891//52
f 891//52 899//52 914//52
f 891//52 914//52 913//52
f 915//52 916//52 917//52
f 918//52 919//52 920//52
f 920//52 919//52 921//52
f 916//52 922//52 917//52
f 917//52 922//52 923//52
f 917//52 923//52 924//52
f 918//52 925//52 919//52
f 919//52 925//52 926//52
f 919//52 926//52 915//52
f 924//52 927//52 917//52
f 917//52 927//52 928//52
f 917//52 928//52 899//52
f 899//52 928//52 929//52
f 899//52 929//52 930//52
f 930//52 931//52 899//52
f 899//52 931//52 932//52
f 899//52 932//52 914//52
f 921//52 919//52 933//52
f 933//52 919//52 891//52
f 933//52 891//52 934//52
f 911//52 935//52 891//52
f 891//52 935//52 936//52
f 891//52 936//52 934//52
f 915//52 917//52 919//52
f 919//52 917//52 615//52
f 919//52 615//52 617//52
f 396//52 679//52 937//52
f 937//52 679//52 706//52
f 937//52 706//52 938//52
f 938//52 706//52 742//52
f 938//52 742//52 939//52
f 939//52 742//52 772//52
f 939//52 772//52 940//52
f 940//52 772//52 795//52
f 940//52 795//52 941//52
f 941//52 795//52 838//52
f 941//52 838//52 942//52
f 942//52 838//52 871//52
f 942//52 871//52 943//52
f 943//52 871//52 891//52
f 943//52 891//52 944//52
f 944//52 891//52 919//52
f 944//52 919//52 945//52
f 945//52 919//52 617//52
f 945//52 617//52 668//52
f 630//74 629//74 443//74
f 443//74 629//74 444//74
f 376//42 378//42 625//42
f 625//42 378//42 623//42
f 436//52 377//52 946//52
f 947//52 948//52 949//52
f 375//52 950//52 951//52
f 951//52 952//52 375//52
f 375//52 952//52 953//52
f 375//52 953//52 377//52
f 377//52 953//52 954//52
f 377//52 954//52 955//52
f 955//52 956//52 377//52
f 377//52 956//52 957//52
f 377//52 957//52 958//52
f 947//52 949//52 959//52
f 958//52 960//52 377//52
f 377//52 960//52 961//52
f 377//52 961//52 946//52
f 946//52 961//52 962//52
f 962//52 963//52 946//52
f 946//52 963//52 964//52
f 946//52 964//52 965//52
f 965//52 966//52 946//52
f 946//52 966//52 967//52
f 946//52 967//52 949//52
f 949//52 967//52 968//52
f 949//52 968//52 959//52
f 948//52 969//52 949//52
f 949//52 969//52 970//52
f 949//52 970//52 375//52
f 375//52 970//52 971//52
f 375//52 971//52 950//52
f 972//52 973//52 974//52
f 949//52 975//52 976//52
f 976//52 977//52 949//52
f 949//52 977//52 978//52
f 949//52 978//52 946//52
f 946//52 978//52 979//52
f 946//52 979//52 980//52
f 980//52 981//52 946//52
f 946//52 981//52 982//52
f 946//52 982//52 983//52
f 972//52 974//52 984//52
f 983//52 985//52 946//52
f 946//52 985//52 986//52
f 946//52 986//52 987//52
f 987//52 986//52 988//52
f 988//52 989//52 987//52
f 987//52 989//52 990//52
f 987//52 990//52 991//52
f 991//52 992//52 987//52
f 987//52 992//52 993//52
f 987//52 993//52 974//52
f 974//52 993//52 994//52
f 974//52 994//52 984//52
f 973//52 995//52 974//52
f 974//52 995//52 996//52
f 974//52 996//52 949//52
f 949//52 996//52 997//52
f 949//52 997//52 975//52
f 998//52 999//52 1000//52
f 998//52 1000//52 1001//52
f 974//52 1002//52 1003//52
f 1004//52 1005//52 987//52
f 987//52 1005//52 1006//52
f 987//52 1006//52 1007//52
f 1008//52 1009//52 1010//52
f 1010//52 1009//52 1011//52
f 1003//52 1012//52 974//52
f 974//52 1012//52 1013//52
f 974//52 1013//52 987//52
f 987//52 1013//52 1014//52
f 987//52 1014//52 1004//52
f 1011//52 1015//52 1010//52
f 1010//52 1015//52 1016//52
f 1010//52 1016//52 1000//52
f 1000//52 1016//52 1017//52
f 1000//52 1017//52 1001//52
f 999//52 1018//52 1000//52
f 1000//52 1018//52 1019//52
f 1000//52 1019//52 974//52
f 974//52 1019//52 1020//52
f 974//52 1020//52 1002//52
f 1007//52 1021//52 987//52
f 987//52 1021//52 1022//52
f 987//52 1022//52 1010//52
f 1010//52 1022//52 1023//52
f 1010//52 1023//52 1008//52
f 1024//52 1025//52 1026//52
f 1000//52 1027//52 1028//52
f 1029//52 1030//52 1010//52
f 1010//52 1030//52 1031//52
f 1010//52 1031//52 1032//52
f 1033//52 1034//52 1035//52
f 1035//52 1034//52 1036//52
f 1035//52 1036//52 1037//52
f 1025//52 1038//52 1026//52
f 1026//52 1038//52 1039//52
f 1026//52 1039//52 1040//52
f 1028//52 1041//52 1000//52
f 1000//52 1041//52 1042//52
f 1000//52 1042//52 1010//52
f 1010//52 1042//52 1043//52
f 1010//52 1043//52 1029//52
f 1040//52 1044//52 1026//52
f 1026//52 1044//52 1045//52
f 1026//52 1045//52 1000//52
f 1000//52 1045//52 1046//52
f 1000//52 1046//52 1027//52
f 1032//52 1047//52 1010//52
f 1010//52 1047//52 1048//52
f 1010//52 1048//52 1035//52
f 1035//52 1048//52 1049//52
f 1035//52 1049//52 1033//52
f 1050//52 1051//52 1026//52
f 1026//52 1051//52 1052//52
f 1026//52 1052//52 1053//52
f 1053//52 1054//52 1026//52
f 1026//52 1054//52 1035//52
f 1026//52 1035//52 1024//52
f 1024//52 1035//52 1037//52
f 1054//52 1055//52 1035//52
f 1035//52 1055//52 1056//52
f 1035//52 1056//52 1057//52
f 1057//52 1058//52 1035//52
f 1035//52 1058//52 1059//52
f 1035//52 1059//52 1060//52
f 1061//52 1062//52 1063//52
f 1064//52 1065//52 1066//52
f 1062//52 1067//52 1063//52
f 1063//52 1067//52 1068//52
f 1063//52 1068//52 1026//52
f 1026//52 1068//52 1069//52
f 1026//52 1069//52 1050//52
f 1060//52 1070//52 1035//52
f 1035//52 1070//52 1071//52
f 1035//52 1071//52 1066//52
f 1066//52 1071//52 1072//52
f 1066//52 1072//52 1064//52
f 1065//52 1073//52 1066//52
f 1066//52 1073//52 1074//52
f 1066//52 1074//52 1063//52
f 1063//52 1074//52 1075//52
f 1063//52 1075//52 1061//52
f 1076//52 1077//52 1078//52
f 1078//52 1077//52 1079//52
f 1078//52 1079//52 1080//52
f 1081//52 1082//52 1080//52
f 1083//52 1084//52 1085//52
f 1085//52 1084//52 1086//52
f 1085//52 1086//52 1087//52
f 1088//52 1089//52 1063//52
f 1090//52 1091//52 1066//52
f 1066//52 1091//52 1092//52
f 1066//52 1092//52 1093//52
f 1082//52 1094//52 1080//52
f 1080//52 1094//52 1095//52
f 1080//52 1095//52 1078//52
f 1078//52 1095//52 1096//52
f 1078//52 1096//52 1097//52
f 1097//52 1098//52 1078//52
f 1078//52 1098//52 1099//52
f 1078//52 1099//52 1100//52
f 1101//52 1102//52 1085//52
f 1085//52 1102//52 1103//52
f 1085//52 1103//52 1104//52
f 1105//52 1106//52 1083//52
f 1083//52 1106//52 1107//52
f 1083//52 1107//52 1108//52
f 1108//52 1107//52 1109//52
f 1108//52 1109//52 1080//52
f 1080//52 1109//52 1110//52
f 1080//52 1110//52 1081//52
f 1087//52 1111//52 1085//52
f 1085//52 1111//52 1112//52
f 1085//52 1112//52 1063//52
f 1063//52 1112//52 1113//52
f 1063//52 1113//52 1088//52
f 1089//52 1114//52 1063//52
f 1063//52 1114//52 1115//52
f 1063//52 1115//52 1066//52
f 1066//52 1115//52 1116//52
f 1066//52 1116//52 1090//52
f 1093//52 1117//52 1066//52
f 1066//52 1117//52 1118//52
f 1066//52 1118//52 1078//52
f 1078//52 1118//52 1119//52
f 1078//52 1119//52 1076//52
f 1100//52 1120//52 1078//52
f 1078//52 1120//52 1121//52
f 1078//52 1121//52 1085//52
f 1085//52 1121//52 1122//52
f 1085//52 1122//52 1101//52
f 1104//52 1123//52 1085//52
f 1085//52 1123//52 1124//52
f 1085//52 1124//52 1083//52
f 1083//52 1124//52 1125//52
f 1083//52 1125//52 1105//52
f 1126//52 1127//52 1128//52
f 1128//52 1127//52 1129//52
f 1130//52 1131//52 1085//52
f 1132//52 1133//52 1078//52
f 1078//52 1133//52 1134//52
f 1078//52 1134//52 1135//52
f 1136//52 1137//52 1138//52
f 1138//52 1137//52 1128//52
f 1138//52 1128//52 1139//52
f 1139//52 1128//52 1129//52
f 1136//52 1140//52 1137//52
f 1137//52 1140//52 1141//52
f 1137//52 1141//52 1142//52
f 1131//52 1143//52 1085//52
f 1085//52 1143//52 1144//52
f 1085//52 1144//52 1078//52
f 1078//52 1144//52 1145//52
f 1078//52 1145//52 1132//52
f 1135//52 1146//52 1078//52
f 1078//52 1146//52 1147//52
f 1078//52 1147//52 1128//52
f 1128//52 1147//52 1148//52
f 1128//52 1148//52 1126//52
f 1142//52 1149//52 1137//52
f 1137//52 1149//52 1150//52
f 1137//52 1150//52 1085//52
f 1085//52 1150//52 1151//52
f 1085//52 1151//52 1130//52
f 1152//52 1153//52 1154//52
f 1155//52 1156//52 1137//52
f 1155//52 1137//52 1157//52
f 1156//52 1158//52 1137//52
f 1137//52 1158//52 1159//52
f 1137//52 1159//52 1128//52
f 1128//52 1159//52 1160//52
f 1128//52 1160//52 1161//52
f 1153//52 1162//52 1154//52
f 1154//52 1162//52 1163//52
f 1154//52 1163//52 1164//52
f 1161//52 1165//52 1128//52
f 1128//52 1165//52 1166//52
f 1128//52 1166//52 1167//52
f 1164//52 1168//52 1169//52
f 1169//52 1168//52 1170//52
f 1169//52 1170//52 1171//52
f 1167//52 1172//52 1128//52
f 1128//52 1172//52 1173//52
f 1128//52 1173//52 1154//52
f 1154//52 1173//52 1174//52
f 1154//52 1174//52 1152//52
f 1171//52 1175//52 1169//52
f 1169//52 1175//52 1176//52
f 1169//52 1176//52 1137//52
f 1137//52 1176//52 1177//52
f 1137//52 1177//52 1157//52
f 1178//52 1154//52 1179//52
f 1179//52 1154//52 1180//52
f 1164//52 1169//52 1154//52
f 1154//52 1169//52 1181//52
f 1154//52 1181//52 1180//52
f 1182//52 1183//52 1184//52
f 1185//52 1186//52 1184//52
f 1184//52 1186//52 1187//52
f 1184//52 1187//52 1169//52
f 1169//52 1187//52 1188//52
f 1169//52 1188//52 1189//52
f 1189//52 1190//52 1169//52
f 1169//52 1190//52 1191//52
f 1169//52 1191//52 1181//52
f 1192//52 1193//52 1194//52
f 1194//52 1193//52 1195//52
f 1183//52 1196//52 1184//52
f 1184//52 1196//52 1197//52
f 1184//52 1197//52 1185//52
f 1192//52 1198//52 1193//52
f 1193//52 1198//52 1199//52
f 1193//52 1199//52 1182//52
f 1154//52 1200//52 1193//52
f 1193//52 1200//52 1201//52
f 1193//52 1201//52 1195//52
f 1178//52 1202//52 1154//52
f 1154//52 1202//52 1203//52
f 1154//52 1203//52 1200//52
f 1182//52 1184//52 1193//52
f 1193//52 1184//52 658//52
f 1193//52 658//52 657//52
f 436//52 946//52 1204//52
f 1204//52 946//52 987//52
f 1204//52 987//52 1205//52
f 1205//52 987//52 1010//52
f 1205//52 1010//52 1206//52
f 1206//52 1010//52 1035//52
f 1206//52 1035//52 1207//52
f 1207//52 1035//52 1066//52
f 1207//52 1066//52 1208//52
f 1208//52 1066//52 1078//52
f 1208//52 1078//52 1209//52
f 1209//52 1078//52 1128//52
f 1209//52 1128//52 1210//52
f 1210//52 1128//52 1154//52
f 1210//52 1154//52 1211//52
f 1211//52 1154//52 1193//52
f 1211//52 1193//52 1212//52
f 1212//52 1193//52 657//52
f 1212//52 657//52 656//52
f 1213//75 1214//75 287//75
f 287//75 1214//75 422//75
f 661//52 663//52 429//52
f 429//52 663//52 427//52
f 308//76 371//76 1215//76
f 1215//76 371//76 1216//76
f 655//71 624//71 1217//71
f 1217//71 624//71 1218//71
f 1217//71 1218//71 1219//71
f 1219//71 1218//71 1220//71
f 1219//71 1220//71 1221//71
f 1221//71 1220//71 1222//71
f 1221//71 1222//71 1223//71
f 1223//71 1222//71 1224//71
f 1223//71 1224//71 1225//71
f 1225//71 1224//71 1226//71
f 1225//71 1226//71 1227//71
f 1227//71 1226//71 1228//71
f 1227//71 1228//71 1229//71
f 1229//71 1228//71 1230//71
f 1229//71 1230//71 1231//71
f 1231//71 1230//71 1232//71
f 1231//71 1232//71 1233//71
f 1233//71 1232//71 1234//71
f 1233//71 1234//71 437//71
f 437//71 1234//71 438//71
f 439//71 1235//71 1236//71
f 1237//71 1238//71 1239//71
f 1239//71 1238//71 1240//71
f 1240//71 1241//71 1239//71
f 1239//71 1241//71 1242//71
f 1239//71 1242//71 1234//71
f 1234//71 1242//71 1243//71
f 1234//71 1243//71 1244//71
f 1236//71 1245//71 439//71
f 439//71 1245//71 1246//71
f 439//71 1246//71 1239//71
f 1239//71 1246//71 1247//71
f 1239//71 1247//71 1237//71
f 1244//71 1248//71 1234//71
f 1234//71 1248//71 1249//71
f 1234//71 1249//71 1250//71
f 1251//71 1252//71 438//71
f 438//71 1252//71 1253//71
f 1250//71 1254//71 1234//71
f 1234//71 1254//71 1255//71
f 1234//71 1255//71 438//71
f 438//71 1255//71 1256//71
f 438//71 1256//71 1251//71
f 1253//71 1257//71 438//71
f 438//71 1257//71 1258//71
f 438//71 1258//71 439//71
f 439//71 1258//71 1259//71
f 439//71 1259//71 1235//71
f 1239//71 1260//71 1261//71
f 1262//71 1263//71 1264//71
f 1264//71 1263//71 1265//71
f 1265//71 1266//71 1264//71
f 1264//71 1266//71 1267//71
f 1264//71 1267//71 1232//71
f 1232//71 1267//71 1268//71
f 1232//71 1268//71 1269//71
f 1261//71 1270//71 1239//71
f 1239//71 1270//71 1271//71
f 1239//71 1271//71 1264//71
f 1264//71 1271//71 1272//71
f 1264//71 1272//71 1262//71
f 1269//71 1273//71 1232//71
f 1232//71 1273//71 1274//71
f 1232//71 1274//71 1275//71
f 1276//71 1277//71 1234//71
f 1234//71 1277//71 1278//71
f 1275//71 1279//71 1232//71
f 1232//71 1279//71 1280//71
f 1232//71 1280//71 1234//71
f 1234//71 1280//71 1281//71
f 1234//71 1281//71 1276//71
f 1278//71 1282//71 1234//71
f 1234//71 1282//71 1283//71
f 1234//71 1283//71 1239//71
f 1239//71 1283//71 1284//71
f 1239//71 1284//71 1260//71
f 1285//71 1286//71 1287//71
f 1287//71 1286//71 1288//71
f 1289//71 1290//71 1230//71
f 1230//71 1290//71 1291//71
f 1230//71 1291//71 1292//71
f 1293//71 1294//71 1264//71
f 1288//71 1295//71 1287//71
f 1287//71 1295//71 1296//71
f 1287//71 1296//71 1230//71
f 1230//71 1296//71 1297//71
f 1230//71 1297//71 1289//71
f 1298//71 1299//71 1232//71
f 1232//71 1299//71 1300//71
f 1294//71 1301//71 1264//71
f 1264//71 1301//71 1302//71
f 1264//71 1302//71 1287//71
f 1287//71 1302//71 1303//71
f 1287//71 1303//71 1285//71
f 1292//71 1304//71 1230//71
f 1230//71 1304//71 1305//71
f 1230//71 1305//71 1232//71
f 1232//71 1305//71 1306//71
f 1232//71 1306//71 1298//71
f 1300//71 1307//71 1232//71
f 1232//71 1307//71 1308//71
f 1232//71 1308//71 1264//71
f 1264//71 1308//71 1309//71
f 1264//71 1309//71 1293//71
f 1310//71 1311//71 1312//71
f 1312//71 1311//71 1313//71
f 1314//71 1315//71 1228//71
f 1228//71 1315//71 1316//71
f 1228//71 1316//71 1317//71
f 1318//71 1319//71 1287//71
f 1313//71 1320//71 1312//71
f 1312//71 1320//71 1321//71
f 1312//71 1321//71 1228//71
f 1228//71 1321//71 1322//71
f 1228//71 1322//71 1314//71
f 1323//71 1324//71 1230//71
f 1230//71 1324//71 1325//71
f 1319//71 1326//71 1287//71
f 1287//71 1326//71 1327//71
f 1287//71 1327//71 1312//71
f 1312//71 1327//71 1328//71
f 1312//71 1328//71 1310//71
f 1317//71 1329//71 1228//71
f 1228//71 1329//71 1330//71
f 1228//71 1330//71 1230//71
f 1230//71 1330//71 1331//71
f 1230//71 1331//71 1323//71
f 1325//71 1332//71 1230//71
f 1230//71 1332//71 1333//71
f 1230//71 1333//71 1287//71
f 1287//71 1333//71 1334//71
f 1287//71 1334//71 1318//71
f 1335//71 1336//71 1312//71
f 1312//71 1336//71 1337//71
f 1312//71 1337//71 1338//71
f 1339//71 1226//71 1340//71
f 1340//71 1226//71 1341//71
f 1340//71 1341//71 1342//71
f 1342//71 1341//71 1343//71
f 1338//71 1344//71 1312//71
f 1312//71 1344//71 1345//71
f 1312//71 1345//71 1341//71
f 1341//71 1345//71 1346//71
f 1341//71 1346//71 1343//71
f 1339//71 1347//71 1226//71
f 1226//71 1347//71 1348//71
f 1226//71 1348//71 1349//71
f 1350//71 1351//71 1228//71
f 1228//71 1351//71 1352//71
f 1228//71 1352//71 1353//71
f 1349//71 1354//71 1226//71
f 1226//71 1354//71 1355//71
f 1226//71 1355//71 1228//71
f 1228//71 1355//71 1356//71
f 1228//71 1356//71 1350//71
f 1353//71 1357//71 1228//71
f 1228//71 1357//71 1358//71
f 1228//71 1358//71 1312//71
f 1312//71 1358//71 1359//71
f 1312//71 1359//71 1335//71
f 1360//71 1361//71 1362//71
f 1363//71 1364//71 1365//71
f 1362//71 1361//71 1224//71
f 1361//71 1366//71 1224//71
f 1224//71 1366//71 1367//71
f 1224//71 1367//71 1368//71
f 1369//71 1370//71 1362//71
f 1362//71 1370//71 1371//71
f 1362//71 1371//71 1365//71
f 1368//71 1372//71 1224//71
f 1224//71 1372//71 1373//71
f 1224//71 1373//71 1374//71
f 1375//71 1376//71 1377//71
f 1377//71 1376//71 1224//71
f 1377//71 1224//71 1378//71
f 1378//71 1224//71 1374//71
f 1379//71 1380//71 1226//71
f 1226//71 1380//71 1381//71
f 1382//71 1383//71 1362//71
f 1362//71 1383//71 1384//71
f 1362//71 1384//71 1360//71
f 1377//71 1385//71 1375//71
f 1375//71 1385//71 1386//71
f 1375//71 1386//71 1387//71
f 1376//71 1388//71 1224//71
f 1224//71 1388//71 1389//71
f 1224//71 1389//71 1390//71
f 1391//71 1392//71 1341//71
f 1341//71 1392//71 1393//71
f 1387//71 1394//71 1375//71
f 1375//71 1394//71 1395//71
f 1375//71 1395//71 1365//71
f 1365//71 1395//71 1396//71
f 1365//71 1396//71 1363//71
f 1364//71 1397//71 1365//71
f 1365//71 1397//71 1398//71
f 1365//71 1398//71 1362//71
f 1362//71 1398//71 1399//71
f 1362//71 1399//71 1382//71
f 1390//71 1400//71 1224//71
f 1224//71 1400//71 1401//71
f 1224//71 1401//71 1226//71
f 1226//71 1401//71 1402//71
f 1226//71 1402//71 1379//71
f 1381//71 1403//71 1226//71
f 1226//71 1403//71 1404//71
f 1226//71 1404//71 1341//71
f 1341//71 1404//71 1405//71
f 1341//71 1405//71 1391//71
f 1393//71 1406//71 1341//71
f 1341//71 1406//71 1407//71
f 1341//71 1407//71 1362//71
f 1362//71 1407//71 1408//71
f 1362//71 1408//71 1369//71
f 1409//71 1410//71 1222//71
f 1222//71 1410//71 1411//71
f 1412//71 1413//71 1362//71
f 1414//71 1415//71 1416//71
f 1411//71 1417//71 1222//71
f 1222//71 1417//71 1418//71
f 1222//71 1418//71 1419//71
f 1416//71 1420//71 1414//71
f 1414//71 1420//71 1421//71
f 1414//71 1421//71 1409//71
f 1422//71 1224//71 1423//71
f 1423//71 1224//71 1222//71
f 1423//71 1222//71 1424//71
f 1424//71 1222//71 1419//71
f 1422//71 1425//71 1224//71
f 1224//71 1425//71 1426//71
f 1224//71 1426//71 1427//71
f 1413//71 1428//71 1362//71
f 1362//71 1428//71 1429//71
f 1362//71 1429//71 1414//71
f 1414//71 1429//71 1430//71
f 1414//71 1430//71 1415//71
f 1427//71 1431//71 1224//71
f 1224//71 1431//71 1432//71
f 1224//71 1432//71 1362//71
f 1362//71 1432//71 1433//71
f 1362//71 1433//71 1412//71
f 1434//71 1435//71 1222//71
f 1409//71 1222//71 1414//71
f 1414//71 1222//71 1436//71
f 1414//71 1436//71 1437//71
f 1437//71 1438//71 1414//71
f 1414//71 1438//71 1439//71
f 1414//71 1439//71 1440//71
f 1441//71 1442//71 1443//71
f 1443//71 1442//71 1444//71
f 1445//71 1446//71 1220//71
f 1220//71 1446//71 1447//71
f 1435//71 1448//71 1222//71
f 1222//71 1448//71 1449//71
f 1222//71 1449//71 1436//71
f 1447//71 1450//71 1220//71
f 1220//71 1450//71 1451//71
f 1220//71 1451//71 1452//71
f 1440//71 1453//71 1414//71
f 1414//71 1453//71 1454//71
f 1414//71 1454//71 1443//71
f 1443//71 1454//71 1455//71
f 1443//71 1455//71 1441//71
f 1452//71 1456//71 1220//71
f 1220//71 1456//71 1457//71
f 1220//71 1457//71 1222//71
f 1222//71 1457//71 1458//71
f 1222//71 1458//71 1434//71
f 1459//71 1460//71 1218//71
f 1218//71 1460//71 1461//71
f 1461//71 1462//71 1218//71
f 1218//71 1462//71 1463//71
f 1218//71 1463//71 1464//71
f 1464//71 1465//71 1218//71
f 1218//71 1465//71 1466//71
f 1218//71 1466//71 1220//71
f 1220//71 1466//71 1467//71
f 1220//71 1467//71 1468//71
f 1469//71 1470//71 1220//71
f 1220//71 1470//71 1443//71
f 1220//71 1443//71 1445//71
f 1445//71 1443//71 1444//71
f 1470//71 1471//71 1443//71
f 1443//71 1471//71 1472//71
f 1443//71 1472//71 1473//71
f 1473//71 1474//71 1443//71
f 1443//71 1474//71 1475//71
f 1443//71 1475//71 1476//71
f 1476//71 1475//71 1477//71
f 1476//71 1477//71 1478//71
f 1478//71 1479//71 1476//71
f 1476//71 1479//71 1480//71
f 1476//71 1480//71 1481//71
f 1468//71 1482//71 1220//71
f 1220//71 1482//71 1483//71
f 1220//71 1483//71 1469//71
f 624//71 622//71 1218//71
f 1218//71 622//71 1476//71
f 1218//71 1476//71 1459//71
f 1459//71 1476//71 1481//71
f 433//77 432//77 1484//77
f 1484//77 432//77 609//77
f 237//69 238//69 520//69
f 520//69 238//69 519//69
f 553//70 551//70 268//70
f 268//70 551//70 266//70
f 612//78 652//78 404//78
f 404//78 652//78 370//78
f 1485//71 1486//71 1487//71
f 1487//71 1486//71 1488//71
f 1487//71 1488//71 1489//71
f 1489//71 1488//71 1490//71
f 1489//71 1490//71 1491//71
f 1491//71 1490//71 1492//71
f 1491//71 1492//71 1493//71
f 1493//71 1492//71 1494//71
f 1493//71 1494//71 397//71
f 397//71 1494//71 399//71
f 631//71 666//71 1495//71
f 1495//71 666//71 1496//71
f 1495//71 1496//71 1497//71
f 1497//71 1496//71 1498//71
f 1497//71 1498//71 1499//71
f 1499//71 1498//71 1500//71
f 1499//71 1500//71 1501//71
f 1501//71 1500//71 1502//71
f 1501//71 1502//71 1485//71
f 1503//71 1504//71 1494//71
f 1494//71 1504//71 1505//71
f 1494//71 1505//71 1506//71
f 401//71 1507//71 1508//71
f 1509//71 1510//71 1511//71
f 1509//71 1511//71 1512//71
f 1510//71 1513//71 1511//71
f 1511//71 1513//71 1514//71
f 1511//71 1514//71 1494//71
f 1494//71 1514//71 1515//71
f 1494//71 1515//71 1503//71
f 1516//71 1517//71 399//71
f 399//71 1517//71 1518//71
f 1518//71 1519//71 399//71
f 399//71 1519//71 1520//71
f 399//71 1520//71 401//71
f 401//71 1520//71 1521//71
f 401//71 1521//71 1507//71
f 1506//71 1522//71 1494//71
f 1494//71 1522//71 1523//71
f 1494//71 1523//71 399//71
f 399//71 1523//71 1524//71
f 399//71 1524//71 1516//71
f 1508//71 1525//71 401//71
f 401//71 1525//71 1526//71
f 401//71 1526//71 1511//71
f 1511//71 1526//71 1527//71
f 1511//71 1527//71 1512//71
f 1528//71 1529//71 1492//71
f 1492//71 1529//71 1530//71
f 1492//71 1530//71 1531//71
f 1511//71 1532//71 1533//71
f 1534//71 1535//71 1536//71
f 1534//71 1536//71 1537//71
f 1535//71 1538//71 1536//71
f 1536//71 1538//71 1539//71
f 1536//71 1539//71 1492//71
f 1492//71 1539//71 1540//71
f 1492//71 1540//71 1528//71
f 1541//71 1542//71 1494//71
f 1494//71 1542//71 1543//71
f 1543//71 1544//71 1494//71
f 1494//71 1544//71 1545//71
f 1494//71 1545//71 1511//71
f 1511//71 1545//71 1546//71
f 1511//71 1546//71 1532//71
f 1531//71 1547//71 1492//71
f 1492//71 1547//71 1548//71
f 1492//71 1548//71 1494//71
f 1494//71 1548//71 1549//71
f 1494//71 1549//71 1541//71
f 1533//71 1550//71 1511//71
f 1511//71 1550//71 1551//71
f 1511//71 1551//71 1536//71
f 1536//71 1551//71 1552//71
f 1536//71 1552//71 1537//71
f 1553//71 1554//71 1555//71
f 1556//71 1557//71 1490//71
f 1490//71 1557//71 1558//71
f 1490//71 1558//71 1559//71
f 1560//71 1561//71 1536//71
f 1536//71 1561//71 1562//71
f 1554//71 1563//71 1555//71
f 1555//71 1563//71 1564//71
f 1555//71 1564//71 1490//71
f 1490//71 1564//71 1565//71
f 1490//71 1565//71 1556//71
f 1566//71 1567//71 1492//71
f 1492//71 1567//71 1568//71
f 1568//71 1569//71 1492//71
f 1492//71 1569//71 1570//71
f 1492//71 1570//71 1536//71
f 1536//71 1570//71 1571//71
f 1536//71 1571//71 1560//71
f 1559//71 1572//71 1490//71
f 1490//71 1572//71 1573//71
f 1490//71 1573//71 1492//71
f 1492//71 1573//71 1574//71
f 1492//71 1574//71 1566//71
f 1562//71 1575//71 1536//71
f 1536//71 1575//71 1576//71
f 1536//71 1576//71 1555//71
f 1555//71 1576//71 1577//71
f 1555//71 1577//71 1553//71
f 1578//71 1579//71 1580//71
f 1581//71 1582//71 1488//71
f 1488//71 1582//71 1583//71
f 1488//71 1583//71 1584//71
f 1585//71 1586//71 1555//71
f 1555//71 1586//71 1587//71
f 1579//71 1588//71 1580//71
f 1580//71 1588//71 1589//71
f 1580//71 1589//71 1488//71
f 1488//71 1589//71 1590//71
f 1488//71 1590//71 1581//71
f 1591//71 1592//71 1490//71
f 1490//71 1592//71 1593//71
f 1593//71 1594//71 1490//71
f 1490//71 1594//71 1595//71
f 1490//71 1595//71 1555//71
f 1555//71 1595//71 1596//71
f 1555//71 1596//71 1585//71
f 1584//71 1597//71 1488//71
f 1488//71 1597//71 1598//71
f 1488//71 1598//71 1490//71
f 1490//71 1598//71 1599//71
f 1490//71 1599//71 1591//71
f 1587//71 1600//71 1555//71
f 1555//71 1600//71 1601//71
f 1555//71 1601//71 1580//71
f 1580//71 1601//71 1602//71
f 1580//71 1602//71 1578//71
f 1603//71 1486//71 1604//71
f 1604//71 1486//71 1605//71
f 1606//71 1607//71 1608//71
f 1608//71 1607//71 1609//71
f 1608//71 1609//71 1486//71
f 1486//71 1609//71 1610//71
f 1486//71 1610//71 1605//71
f 1611//71 1612//71 1488//71
f 1488//71 1612//71 1613//71
f 1488//71 1613//71 1614//71
f 1615//71 1616//71 1580//71
f 1580//71 1616//71 1617//71
f 1580//71 1617//71 1618//71
f 1614//71 1619//71 1488//71
f 1488//71 1619//71 1620//71
f 1488//71 1620//71 1580//71
f 1580//71 1620//71 1621//71
f 1580//71 1621//71 1615//71
f 1603//71 1622//71 1486//71
f 1486//71 1622//71 1623//71
f 1486//71 1623//71 1488//71
f 1488//71 1623//71 1624//71
f 1488//71 1624//71 1611//71
f 1618//71 1625//71 1580//71
f 1580//71 1625//71 1626//71
f 1580//71 1626//71 1608//71
f 1608//71 1626//71 1627//71
f 1608//71 1627//71 1606//71
f 1628//71 1629//71 1630//71
f 1631//71 1632//71 1502//71
f 1502//71 1632//71 1633//71
f 1502//71 1633//71 1634//71
f 1502//71 1635//71 1628//71
f 1636//71 1637//71 1638//71
f 1634//71 1639//71 1502//71
f 1502//71 1639//71 1640//71
f 1502//71 1640//71 1635//71
f 1628//71 1630//71 1502//71
f 1502//71 1630//71 1641//71
f 1502//71 1641//71 1642//71
f 1643//71 1644//71 1645//71
f 1645//71 1644//71 1646//71
f 1645//71 1646//71 1638//71
f 1628//71 1647//71 1629//71
f 1629//71 1647//71 1648//71
f 1629//71 1648//71 1649//71
f 1650//71 1651//71 1486//71
f 1486//71 1651//71 1652//71
f 1486//71 1652//71 1653//71
f 1653//71 1654//71 1486//71
f 1486//71 1654//71 1655//71
f 1486//71 1655//71 1608//71
f 1608//71 1655//71 1656//71
f 1656//71 1657//71 1608//71
f 1608//71 1657//71 1658//71
f 1608//71 1658//71 1659//71
f 1631//71 1502//71 1660//71
f 1660//71 1502//71 1645//71
f 1660//71 1645//71 1661//71
f 1485//71 1502//71 1486//71
f 1486//71 1502//71 1662//71
f 1486//71 1662//71 1650//71
f 1649//71 1663//71 1629//71
f 1629//71 1663//71 1664//71
f 1629//71 1664//71 1638//71
f 1638//71 1664//71 1665//71
f 1638//71 1665//71 1636//71
f 1666//71 1667//71 1645//71
f 1645//71 1667//71 1668//71
f 1645//71 1668//71 1661//71
f 1642//71 1669//71 1502//71
f 1502//71 1669//71 1670//71
f 1502//71 1670//71 1662//71
f 1659//71 1671//71 1608//71
f 1608//71 1671//71 1672//71
f 1608//71 1672//71 1645//71
f 1645//71 1672//71 1673//71
f 1645//71 1673//71 1643//71
f 1637//71 1674//71 1638//71
f 1638//71 1674//71 1675//71
f 1638//71 1675//71 1645//71
f 1645//71 1675//71 1676//71
f 1645//71 1676//71 1666//71
f 1677//71 1678//71 1500//71
f 1500//71 1678//71 1679//71
f 1680//71 1681//71 1645//71
f 1679//71 1682//71 1500//71
f 1500//71 1682//71 1683//71
f 1500//71 1683//71 1684//71
f 1685//71 1502//71 1686//71
f 1686//71 1502//71 1500//71
f 1686//71 1500//71 1687//71
f 1687//71 1500//71 1684//71
f 1685//71 1688//71 1502//71
f 1502//71 1688//71 1689//71
f 1502//71 1689//71 1690//71
f 1691//71 1692//71 1693//71
f 1690//71 1694//71 1502//71
f 1502//71 1694//71 1695//71
f 1502//71 1695//71 1645//71
f 1645//71 1695//71 1696//71
f 1645//71 1696//71 1680//71
f 1681//71 1697//71 1645//71
f 1645//71 1697//71 1698//71
f 1645//71 1698//71 1693//71
f 1693//71 1698//71 1699//71
f 1693//71 1699//71 1691//71
f 1692//71 1700//71 1693//71
f 1693//71 1700//71 1701//71
f 1693//71 1701//71 1677//71
f 1702//71 1703//71 1500//71
f 1677//71 1500//71 1693//71
f 1693//71 1500//71 1704//71
f 1693//71 1704//71 1705//71
f 1706//71 1707//71 1708//71
f 1708//71 1707//71 1709//71
f 1710//71 1711//71 1498//71
f 1498//71 1711//71 1712//71
f 1703//71 1713//71 1500//71
f 1500//71 1713//71 1714//71
f 1500//71 1714//71 1704//71
f 1712//71 1715//71 1498//71
f 1498//71 1715//71 1716//71
f 1498//71 1716//71 1717//71
f 1705//71 1718//71 1693//71
f 1693//71 1718//71 1719//71
f 1693//71 1719//71 1720//71
f 1720//71 1721//71 1693//71
f 1693//71 1721//71 1722//71
f 1693//71 1722//71 1708//71
f 1708//71 1722//71 1723//71
f 1708//71 1723//71 1706//71
f 1717//71 1724//71 1498//71
f 1498//71 1724//71 1725//71
f 1498//71 1725//71 1500//71
f 1500//71 1725//71 1726//71
f 1500//71 1726//71 1702//71
f 1727//71 1728//71 1496//71
f 1496//71 1728//71 1729//71
f 1729//71 1730//71 1496//71
f 1496//71 1730//71 1731//71
f 1496//71 1731//71 1732//71
f 1733//71 1734//71 1735//71
f 1735//71 1734//71 1736//71
f 1735//71 1736//71 1737//71
f 1732//71 1738//71 1496//71
f 1496//71 1738//71 1739//71
f 1496//71 1739//71 1498//71
f 1498//71 1739//71 1740//71
f 1498//71 1740//71 1741//71
f 1741//71 1742//71 1498//71
f 1498//71 1742//71 1743//71
f 1498//71 1743//71 1744//71
f 1744//71 1745//71 1498//71
f 1498//71 1745//71 1708//71
f 1498//71 1708//71 1710//71
f 1710//71 1708//71 1709//71
f 1745//71 1746//71 1708//71
f 1708//71 1746//71 1747//71
f 1708//71 1747//71 1748//71
f 1748//71 1749//71 1708//71
f 1708//71 1749//71 1750//71
f 1708//71 1750//71 1735//71
f 1735//71 1750//71 1751//71
f 1735//71 1751//71 1733//71
f 666//71 616//71 1496//71
f 1496//71 616//71 1735//71
f 1496//71 1735//71 1727//71
f 1727//71 1735//71 1737//71
f 194//74 193//74 534//74
f 194//74 534//74 207//74
f 207//74 534//74 306//74
f 207//74 306//74 208//74
f 209//52 181//52 52//52
f 52//52 181//52 196//52
f 52//52 196//52 29//52
f 70//79 71//79 244//79
f 91//79 83//79 464//79
f 464//79 83//79 75//79
f 464//79 75//79 244//79
f 244//79 75//79 73//79
f 244//79 73//79 70//79
f 295//80 417//80 577//80
f 577//80 417//80 493//80
f 343//71 342//71 563//71
f 563//71 342//71 565//71
f 340//81 385//81 583//81
f 583//81 385//81 602//81
f 139//82 146//82 492//82
f 126//82 125//82 383//82
f 383//82 125//82 94//82
f 383//82 94//82 492//82
f 492//82 94//82 93//82
f 492//82 93//82 139//82
f 210//68 179//68 107//68
f 107//68 179//68 166//68
f 107//68 166//68 115//68
f 168//42 167//42 317//42
f 168//42 317//42 153//42
f 153//42 317//42 533//42
f 153//42 533//42 154//42
f 302//52 301//52 576//52
f 576//52 301//52 507//52
f 480//74 481//74 329//74
f 329//74 481//74 393//74
f 468//71 504//71 322//71
f 322//71 504//71 323//71
f 278//71 332//71 510//71
f 510//71 332//71 592//71
f 485//42 486//42 255//42
f 255//42 486//42 254//42
f 227//52 236//52 473//52
f 473//52 236//52 521//52
f 269//83 267//83 552//83
f 552//83 267//83 550//83
f 503//52 528//52 349//52
f 349//52 528//52 324//52
f 619//74 618//74 382//74
f 382//74 618//74 384//74
f 582//84 1752//84 339//84
f 339//84 1752//84 386//84
f 562//52 564//52 316//52
f 316//52 564//52 335//52
f 312//85 418//85 495//85
f 495//85 418//85 1753//85
f 599//42 1754//42 297//42
f 297//42 1754//42 390//42
f 593//86 591//86 360//86
f 360//86 591//86 333//86
f 525//74 526//74 257//74
f 257//74 526//74 256//74
f 659//77 648//77 421//77
f 421//77 648//77 423//77
f 664//71 1755//71 428//71
f 428//71 1755//71 430//71
f 425//78 372//78 1756//78
f 1756//78 372//78 1757//78
f 312//85 495//85 544//87
f 312//85 544//87 313//87
f 313//87 544//87 546//88
f 313//87 546//88 315//88
f 315//88 546//88 562//61
f 315//88 562//61 316//61
f 464//40 244//40 597//89
f 597//89 244//40 242//89
f 597//89 242//89 581//90
f 581//90 242//89 240//90
f 581//90 240//90 579//91
f 579//91 240//90 293//91
f 579//91 293//91 577//80
f 577//80 293//91 295//80
f 29//20 28//21 52//22
f 52//22 28//21 53//36
f 53//36 28//21 54//37
f 54//37 28//21 26//19
f 54//37 26//19 55//38
f 55//38 26//19 35//26
f 55//38 35//26 46//32
f 46//32 35//26 34//23
f 46//32 34//23 47//33
f 47//33 34//23 33//25
f 47//33 33//25 48//34
f 48//34 33//25 32//24
f 48//34 32//24 49//35
f 49//35 32//24 43//31
f 49//35 43//31 38//29
f 38//29 43//31 42//28
f 38//29 42//28 40//30
f 115//22 114//56 107//52
f 107//52 114//56 108//53
f 108//53 114//56 109//54
f 109//54 114//56 112//51
f 109//54 112//51 110//55
f 110//55 112//51 120//58
f 110//55 120//58 101//48
f 101//48 120//58 119//47
f 101//48 119//47 102//49
f 102//49 119//47 117//57
f 102//49 117//57 103//46
f 103//46 117//57 123//46
f 103//46 123//46 104//50
f 104//50 123//46 122//59
f 104//50 122//59 96//44
f 96//44 122//59 124//43
f 96//44 124//43 98//45
f 436//61 1204//52 434//92
f 434//92 1204//52 1205//52
f 1205//52 1206//52 434//92
f 434//92 1206//52 1207//52
f 434//92 1207//52 1208//52
f 1208//52 1209//52 654//92
f 654//92 1209//52 1210//52
f 1210//52 1211//52 654//92
f 654//92 1211//52 1212//52
f 654//92 1212//52 656//61
f 1208//52 654//92 434//92
f 434//92 654//92 547//75
f 434//92 547//75 287//75
f 661//22 429//22 649//92
f 649//92 429//22 420//92
f 649//92 420//92 647//75
f 647//75 420//92 422//75
f 611//76 613//93 308//76
f 308//76 613//93 402//93
f 615//61 917//52 613//93
f 613//93 917//52 899//52
f 613//93 899//52 869//52
f 869//52 830//52 613//93
f 613//93 830//52 787//52
f 613//93 787//52 402//93
f 402//93 787//52 765//52
f 402//93 765//52 733//52
f 733//52 711//52 402//93
f 402//93 711//52 685//52
f 402//93 685//52 400//61
f 642//76 371//76 640//93
f 640//93 371//76 373//93
f 640//93 373//93 663//22
f 663//22 373//93 427//22
f 425//78 1758//78 1759//94
f 425//78 1759//94 426//94
f 426//94 1759//94 1760//95
f 426//94 1760//95 428//95
f 430//95 1755//95 1761//96
f 430//95 1761//96 431//96
f 431//96 1761//96 1762//77
f 431//96 1762//77 421//77
f 1763//96 1764//97 1217//98
f 1217//98 1219//98 1763//96
f 1763//96 1219//98 1221//98
f 1763//96 1221//98 1223//98
f 1225//99 1227//100 435//96
f 435//96 1227//100 1229//101
f 1229//101 1231//101 435//96
f 435//96 1231//101 1233//102
f 435//96 1233//102 437//97
f 1223//98 1225//99 1763//96
f 1763//96 1225//99 435//96
f 1763//96 435//96 1484//77
f 1484//77 435//96 433//77
f 609//77 432//77 498//103
f 498//103 432//77 356//103
f 498//103 356//103 496//104
f 496//104 356//103 292//104
f 496//104 292//104 523//105
f 523//105 292//104 291//105
f 523//105 291//105 524//106
f 524//106 291//105 311//106
f 524//106 311//106 213//107
f 213//107 311//106 211//107
f 612//78 404//78 614//94
f 614//94 404//78 403//94
f 401//97 1511//71 403//94
f 403//94 1511//71 1536//71
f 403//94 1536//71 1555//71
f 1555//71 1580//71 403//94
f 403//94 1580//71 1608//71
f 403//94 1608//71 614//94
f 614//94 1608//71 1645//71
f 614//94 1645//71 1693//71
f 1693//71 1708//71 614//94
f 614//94 1708//71 1735//71
f 614//94 1735//71 616//97
f 370//78 652//78 284//108
f 284//108 652//78 651//108
f 284//108 651//108 285//109
f 285//109 651//108 650//109
f 285//109 650//109 286//110
f 286//110 650//109 608//110
f 286//110 608//110 271//111
f 271//111 608//110 607//111
f 271//111 607//111 268//112
f 268//112 607//111 553//112
f 643//78 372//78 644//113
f 644//113 372//78 310//113
f 644//113 310//113 626//114
f 626//114 310//113 309//114
f 626//114 309//114 627//115
f 627//115 309//114 407//115
f 627//115 407//115 628//116
f 628//116 407//115 406//116
f 628//116 406//116 606//117
f 606//117 406//116 405//117
f 606//117 405//117 555//118
f 555//118 405//117 272//118
f 555//118 272//118 554//119
f 554//119 272//118 270//119
f 554//119 270//119 552//107
f 552//107 270//119 269//107
f 525//40 257//40 497//120
f 497//120 257//40 258//120
f 497//120 258//120 499//121
f 499//121 258//120 259//121
f 499//121 259//121 500//122
f 500//122 259//121 290//122
f 500//122 290//122 548//123
f 548//123 290//122 357//123
f 548//123 357//123 549//124
f 549//124 357//123 289//124
f 549//124 289//124 645//125
f 645//125 289//124 288//125
f 645//125 288//125 646//126
f 646//126 288//125 424//126
f 646//126 424//126 648//77
f 648//77 424//126 423//77
f 593//22 360//22 594//62
f 594//62 360//22 359//62
f 594//62 359//62 511//63
f 511//63 359//62 358//63
f 511//63 358//63 513//64
f 513//64 358//63 276//64
f 513//64 276//64 515//65
f 515//65 276//64 274//65
f 515//65 274//65 527//66
f 527//66 274//65 273//66
f 527//66 273//66 526//40
f 526//40 273//66 256//40
f 599//42 297//42 476//41
f 476//41 297//42 296//41
f 476//41 296//41 475//43
f 475//43 296//41 294//43
f 475//43 294//43 460//46
f 460//46 294//43 263//46
f 460//46 263//46 461//47
f 461//47 263//46 261//47
f 461//47 261//47 590//51
f 590//51 261//47 334//51
f 590//51 334//51 591//22
f 591//22 334//51 333//22
f 390//60 1754//60 1765//127
f 390//60 1765//127 391//127
f 391//127 1765//127 1766//128
f 391//127 1766//128 392//128
f 392//128 1766//128 1767//129
f 392//128 1767//129 419//129
f 419//129 1767//129 1753//85
f 419//129 1753//85 418//85
f 335//61 564//61 567//130
f 335//61 567//130 336//130
f 336//130 567//130 569//131
f 336//130 569//131 338//131
f 338//131 569//131 582//84
f 338//131 582//84 339//84
f 386//84 1752//84 1768//132
f 386//84 1768//132 388//132
f 388//132 1768//132 1769//133
f 388//132 1769//133 389//133
f 389//133 1769//133 1770//134
f 389//133 1770//134 380//134
f 380//134 1770//134 1771//67
f 380//134 1771//67 382//67
f 503//22 349//22 501//62
f 501//62 349//22 327//62
f 501//62 327//62 529//63
f 529//63 327//62 348//63
f 529//63 348//63 530//64
f 530//64 348//63 347//64
f 530//64 347//64 531//65
f 531//65 347//64 346//65
f 531//65 346//65 600//66
f 600//66 346//65 245//66
f 600//66 245//66 618//40
f 618//40 245//66 384//40
f 550//42 267//42 570//41
f 570//41 267//42 265//41
f 570//41 265//41 571//43
f 571//43 265//41 264//43
f 571//43 264//43 479//46
f 479//46 264//43 305//46
f 479//46 305//46 466//47
f 466//47 305//46 366//47
f 466//47 366//47 467//51
f 467//51 366//47 365//51
f 467//51 365//51 528//22
f 528//22 365//51 324//22
f 468//135 322//135 367//136
f 468//135 367//136 574//136
f 574//136 367//136 368//137
f 574//136 368//137 477//137
f 477//137 368//137 304//138
f 477//137 304//138 478//138
f 478//138 304//138 303//139
f 478//138 303//139 573//139
f 573//139 303//139 369//140
f 573//139 369//140 572//140
f 572//140 369//140 266//74
f 572//140 266//74 551//74
f 215//67 217//67 532//140
f 215//67 532//140 361//140
f 361//140 532//140 509//139
f 361//140 509//139 362//139
f 362//139 509//139 508//138
f 362//139 508//138 363//138
f 363//138 508//138 506//137
f 363//138 506//137 364//137
f 364//137 506//137 505//136
f 364//137 505//136 395//136
f 395//136 505//136 223//95
f 395//136 223//95 225//95
f 218//141 216//141 394//66
f 218//141 394//66 556//66
f 556//66 394//66 355//65
f 556//66 355//65 557//65
f 557//65 355//65 354//64
f 557//65 354//64 558//64
f 558//64 354//64 353//63
f 558//64 353//63 559//63
f 559//63 353//63 352//62
f 559//63 352//62 575//62
f 575//62 352//62 302//142
f 575//62 302//142 576//142
f 480//40 329//40 474//140
f 474//140 329//40 328//140
f 474//140 328//140 490//139
f 490//139 328//140 326//139
f 490//139 326//139 488//138
f 488//138 326//139 325//138
f 488//138 325//138 601//137
f 601//137 325//138 351//137
f 601//137 351//137 502//136
f 502//136 351//137 350//136
f 502//136 350//136 504//97
f 504//97 350//136 323//97
f 507//22 301//22 482//62
f 482//62 301//22 300//62
f 482//62 300//62 483//63
f 483//63 300//62 299//63
f 483//63 299//63 484//64
f 484//64 299//63 298//64
f 484//64 298//64 459//65
f 459//65 298//64 321//65
f 459//65 321//65 456//66
f 456//66 321//65 282//66
f 456//66 282//66 481//40
f 481//40 282//66 393//40
f 485//42 255//42 455//41
f 455//41 255//42 233//41
f 455//41 233//41 457//43
f 457//43 233//41 231//43
f 457//43 231//43 458//46
f 458//46 231//43 230//46
f 458//46 230//46 471//47
f 471//47 230//46 229//47
f 471//47 229//47 472//51
f 472//51 229//47 228//51
f 472//51 228//51 473//22
f 473//22 228//51 227//22
f 278//95 510//95 512//143
f 278//95 512//143 279//143
f 279//143 512//143 514//144
f 279//143 514//144 280//144
f 280//144 514//144 518//145
f 280//144 518//145 281//145
f 281//145 518//145 517//146
f 281//145 517//146 277//146
f 277//146 517//146 516//147
f 277//146 516//147 275//147
f 275//147 516//147 214//42
f 275//147 214//42 212//42
f 592//97 332//97 469//143
f 469//143 332//97 260//143
f 469//143 260//143 462//144
f 462//144 260//143 262//144
f 462//144 262//144 465//145
f 465//145 262//144 239//145
f 465//145 239//145 463//146
f 463//146 239//145 241//146
f 463//146 241//146 487//147
f 487//147 241//146 243//147
f 487//147 243//147 486//107
f 486//107 243//147 254//107
f 237//60 520//60 536//41
f 237//60 536//41 251//41
f 251//41 536//41 535//43
f 251//41 535//43 252//43
f 252//43 535//43 537//46
f 252//43 537//46 253//46
f 253//46 537//46 538//47
f 253//46 538//47 283//47
f 283//47 538//47 522//51
f 283//47 522//51 235//51
f 235//51 522//51 521//61
f 235//51 521//61 236//61
f 519//148 238//148 250//147
f 519//148 250//147 539//147
f 539//147 250//147 249//146
f 539//147 249//146 540//146
f 540//146 249//146 248//145
f 540//146 248//145 541//145
f 541//145 248//145 247//144
f 541//145 247//144 542//144
f 542//144 247//144 246//143
f 542//144 246//143 543//143
f 543//143 246//143 219//135
f 543//143 219//135 221//135
f 222//135 220//135 232//136
f 222//135 232//136 470//136
f 470//136 232//136 234//137
f 470//136 234//137 453//137
f 453//137 234//137 331//138
f 453//137 331//138 454//138
f 454//138 331//138 330//139
f 454//138 330//139 560//139
f 560//139 330//139 307//140
f 560//139 307//140 561//140
f 561//140 307//140 306//74
f 561//140 306//74 534//74
f 196//61 181//61 184//62
f 196//61 184//62 197//62
f 197//62 184//62 186//63
f 197//62 186//63 199//63
f 199//63 186//63 188//64
f 199//63 188//64 201//64
f 201//64 188//64 190//65
f 201//64 190//65 203//65
f 203//65 190//65 192//66
f 203//65 192//66 205//66
f 205//66 192//66 194//67
f 205//66 194//67 207//67
f 493//80 417//80 494//149
f 494//149 417//80 416//149
f 494//149 416//149 545//150
f 545//150 416//149 314//150
f 545//150 314//150 563//97
f 563//97 314//150 343//97
f 565//97 342//97 566//151
f 566//151 342//97 341//151
f 566//151 341//151 568//152
f 568//152 341//151 337//152
f 568//152 337//152 583//81
f 583//81 337//152 340//81
f 602//81 385//81 603//153
f 603//153 385//81 387//153
f 603//153 387//153 489//154
f 489//154 387//153 379//154
f 489//154 379//154 491//155
f 491//155 379//154 381//155
f 491//155 381//155 492//107
f 492//107 381//155 383//107
f 168//60 153//60 156//41
f 168//60 156//41 169//41
f 169//41 156//41 158//43
f 169//41 158//43 171//43
f 171//43 158//43 160//46
f 171//43 160//46 173//46
f 173//46 160//46 162//47
f 173//46 162//47 175//47
f 175//47 162//47 164//51
f 175//47 164//51 177//51
f 177//51 164//51 166//61
f 177//51 166//61 179//61
f 533//148 317//148 345//147
f 533//148 345//147 585//147
f 585//147 345//147 344//146
f 585//147 344//146 586//146
f 586//146 344//146 318//145
f 586//146 318//145 587//145
f 587//145 318//145 319//144
f 587//145 319//144 588//144
f 588//144 319//144 320//143
f 588//144 320//143 589//143
f 589//143 320//143 226//135
f 589//143 226//135 224//135
f 376//60 625//60 635//41
f 376//60 635//41 413//41
f 413//41 635//41 636//43
f 413//41 636//43 414//43
f 414//43 636//43 634//46
f 414//43 634//46 415//46
f 415//46 634//46 633//47
f 415//46 633//47 449//47
f 449//47 633//47 632//51
f 449//47 632//51 374//51
f 658//61 1184//52 632//51
f 632//51 1184//52 1169//52
f 632//51 1169//52 1137//52
f 1137//52 1085//52 632//51
f 632//51 1085//52 1063//52
f 632//51 1063//52 374//51
f 374//51 1063//52 1026//52
f 374//51 1026//52 1000//52
f 1000//52 974//52 374//51
f 374//51 974//52 949//52
f 374//51 949//52 375//61
f 623//148 378//148 411//147
f 623//148 411//147 637//147
f 637//147 411//147 412//146
f 637//147 412//146 638//146
f 638//146 412//146 410//145
f 638//146 410//145 639//145
f 639//145 410//145 409//144
f 639//145 409//144 667//144
f 667//144 409//144 408//143
f 667//144 408//143 621//143
f 439//135 1239//71 408//143
f 408//143 1239//71 1264//71
f 408//143 1264//71 1287//71
f 1287//71 1312//71 408//143
f 408//143 1312//71 1341//71
f 408//143 1341//71 621//143
f 621//143 1341//71 1362//71
f 621//143 1362//71 1414//71
f 1414//71 1443//71 621//143
f 621//143 1443//71 1476//71
f 621//143 1476//71 622//135
f 396//156 937//157 450//62
f 450//62 937//157 938//157
f 938//157 939//157 450//62
f 450//62 939//157 940//157
f 450//62 940//157 941//157
f 941//157 942//157 676//62
f 676//62 942//157 943//157
f 943//157 944//157 676//62
f 676//62 944//157 945//157
f 676//62 945//157 668//156
f 941//157 676//62 450//62
f 450//62 676//62 675//63
f 450//62 675//63 440//63
f 440//63 675//63 674//64
f 440//63 674//64 441//64
f 441//64 674//64 670//65
f 441//64 670//65 442//65
f 442//65 670//65 669//66
f 442//65 669//66 451//66
f 451//66 669//66 630//67
f 451//66 630//67 443//67
f 631//135 1495//71 677//136
f 677//136 1495//71 1497//71
f 1497//71 1499//71 677//136
f 677//136 1499//71 1501//71
f 677//136 1501//71 1485//71
f 1485//71 1487//71 445//136
f 445//136 1487//71 1489//71
f 1489//71 1491//71 445//136
f 445//136 1491//71 1493//71
f 445//136 1493//71 397//135
f 1485//71 445//136 677//136
f 677//136 445//136 448//137
f 677//136 448//137 671//137
f 671//137 448//137 447//138
f 671//137 447//138 672//138
f 672//138 447//138 446//139
f 672//138 446//139 673//139
f 673//139 446//139 452//140
f 673//139 452//140 678//140
f 678//140 452//140 444//74
f 678//140 444//74 629//74
f 915//158 1728//158 916//159
f 916//159 1728//158 1727//159
f 916//159 1727//159 922//160
f 922//160 1727//159 1737//160
f 922//160 1737//160 923//161
f 923//161 1737//160 1736//161
f 923//161 1736//161 924//162
f 924//162 1736//161 1734//162
f 924//162 1734//162 927//163
f 927//163 1734//162 1733//163
f 927//163 1733//163 928//164
f 928//164 1733//163 1751//164
f 928//164 1751//164 929//165
f 929//165 1751//164 1750//165
f 929//165 1750//165 930//166
f 930//166 1750//165 1749//166
f 930//166 1749//166 931//167
f 931//167 1749//166 1748//167
f 931//167 1748//167 932//168
f 932//168 1748//167 1747//168
f 932//168 1747//168 914//169
f 914//169 1747//168 1746//169
f 914//169 1746//169 913//170
f 913//170 1746//169 1745//170
f 913//170 1745//170 912//171
f 912//171 1745//170 1744//171
f 912//171 1744//171 911//172
f 911//172 1744//171 1743//172
f 911//172 1743//172 935//173
f 935//173 1743//172 1742//173
f 935//173 1742//173 936//174
f 936//174 1742//173 1741//174
f 936//174 1741//174 934//175
f 934//175 1741//174 1740//175
f 934//175 1740//175 933//176
f 933//176 1740//175 1739//176
f 933//176 1739//176 921//177
f 921//177 1739//176 1738//177
f 921//177 1738//177 920//178
f 920//178 1738//177 1732//178
f 920//178 1732//178 918//179
f 918//179 1732//178 1731//179
f 918//179 1731//179 925//180
f 925//180 1731//179 1730//180
f 925//180 1730//180 926//181
f 926//181 1730//180 1729//181
f 926//181 1729//181 915//158
f 915//158 1729//181 1728//158
f 894//158 1711//158 898//159
f 898//159 1711//158 1710//159
f 898//159 1710//159 900//160
f 900//160 1710//159 1709//160
f 900//160 1709//160 901//161
f 901//161 1709//160 1707//161
f 901//161 1707//161 908//162
f 908//162 1707//161 1706//162
f 908//162 1706//162 909//163
f 909//163 1706//162 1723//163
f 909//163 1723//163 910//164
f 910//164 1723//163 1722//164
f 910//164 1722//164 902//165
f 902//165 1722//164 1721//165
f 902//165 1721//165 903//166
f 903//166 1721//165 1720//166
f 903//166 1720//166 904//167
f 904//167 1720//166 1719//167
f 904//167 1719//167 888//168
f 888//168 1719//167 1718//168
f 888//168 1718//168 887//169
f 887//169 1718//168 1705//169
f 887//169 1705//169 885//170
f 885//170 1705//169 1704//170
f 885//170 1704//170 886//171
f 886//171 1704//170 1714//171
f 886//171 1714//171 895//172
f 895//172 1714//171 1713//172
f 895//172 1713//172 896//173
f 896//173 1713//172 1703//173
f 896//173 1703//173 897//174
f 897//174 1703//173 1702//174
f 897//174 1702//174 905//175
f 905//175 1702//174 1726//175
f 905//175 1726//175 906//176
f 906//176 1726//175 1725//176
f 906//176 1725//176 907//177
f 907//177 1725//176 1724//177
f 907//177 1724//177 889//178
f 889//178 1724//177 1717//178
f 889//178 1717//178 890//179
f 890//179 1717//178 1716//179
f 890//179 1716//179 892//180
f 892//180 1716//179 1715//180
f 892//180 1715//180 893//181
f 893//181 1715//180 1712//181
f 893//181 1712//181 894//158
f 894//158 1712//181 1711//158
f 870//158 1678//158 868//159
f 868//159 1678//158 1677//159
f 868//159 1677//159 873//160
f 873//160 1677//159 1701//160
f 873//160 1701//160 874//161
f 874//161 1701//160 1700//161
f 874//161 1700//161 875//162
f 875//162 1700//161 1692//162
f 875//162 1692//162 876//163
f 876//163 1692//162 1691//163
f 876//163 1691//163 877//164
f 877//164 1691//163 1699//164
f 877//164 1699//164 878//165
f 878//165 1699//164 1698//165
f 878//165 1698//165 859//166
f 859//166 1698//165 1697//166
f 859//166 1697//166 860//167
f 860//167 1697//166 1681//167
f 860//167 1681//167 861//168
f 861//168 1681//167 1680//168
f 861//168 1680//168 862//169
f 862//169 1680//168 1696//169
f 862//169 1696//169 863//170
f 863//170 1696//169 1695//170
f 863//170 1695//170 864//171
f 864//171 1695//170 1694//171
f 864//171 1694//171 865//172
f 865//172 1694//171 1690//172
f 865//172 1690//172 866//173
f 866//173 1690//172 1689//173
f 866//173 1689//173 867//174
f 867//174 1689//173 1688//174
f 867//174 1688//174 879//175
f 879//175 1688//174 1685//175
f 879//175 1685//175 880//182
f 880//182 1685//175 1686//182
f 880//182 1686//182 881//177
f 881//177 1686//182 1687//177
f 881//177 1687//177 882//178
f 882//178 1687//177 1684//178
f 882//178 1684//178 883//179
f 883//179 1684//178 1683//179
f 883//179 1683//179 884//180
f 884//180 1683//179 1682//180
f 884//180 1682//180 872//181
f 872//181 1682//180 1679//181
f 872//181 1679//181 870//158
f 870//158 1679//181 1678//158
f 853//158 1631//158 854//159
f 854//159 1631//158 1660//159
f 854//159 1660//159 841//160
f 841//160 1660//159 1661//160
f 841//160 1661//160 842//161
f 842//161 1661//160 1668//161
f 842//161 1668//161 843//162
f 843//162 1668//161 1667//162
f 843//162 1667//162 844//163
f 844//163 1667//162 1666//163
f 844//163 1666//163 845//164
f 845//164 1666//163 1676//164
f 845//164 1676//164 812//165
f 812//165 1676//164 1675//165
f 812//165 1675//165 811//166
f 811//166 1675//165 1674//166
f 811//166 1674//166 809//167
f 809//167 1674//166 1637//167
f 809//167 1637//167 818//168
f 818//168 1637//167 1636//168
f 818//168 1636//168 819//169
f 819//169 1636//168 1665//169
f 819//169 1665//169 815//170
f 815//170 1665//169 1664//170
f 815//170 1664//170 825//171
f 825//171 1664//170 1663//171
f 825//171 1663//171 824//172
f 824//172 1663//171 1649//172
f 824//172 1649//172 822//173
f 822//173 1649//172 1648//173
f 822//173 1648//173 849//174
f 849//174 1648//173 1647//174
f 849//174 1647//174 850//175
f 850//175 1647//174 1628//175
f 850//175 1628//175 851//182
f 851//182 1628//175 1635//182
f 851//182 1635//182 836//177
f 836//177 1635//182 1640//177
f 836//177 1640//177 837//178
f 837//178 1640//177 1639//178
f 837//178 1639//178 839//179
f 839//179 1639//178 1634//179
f 839//179 1634//179 840//180
f 840//180 1634//179 1633//180
f 840//180 1633//180 852//181
f 852//181 1633//180 1632//181
f 852//181 1632//181 853//158
f 853//158 1632//181 1631//158
f 855//158 1629//158 856//159
f 856//159 1629//158 1638//159
f 856//159 1638//159 857//160
f 857//160 1638//159 1646//160
f 857//160 1646//160 831//161
f 831//161 1646//160 1644//161
f 831//161 1644//161 832//162
f 832//162 1644//161 1643//162
f 832//162 1643//162 846//163
f 846//163 1643//162 1673//163
f 846//163 1673//163 847//164
f 847//164 1673//163 1672//164
f 847//164 1672//164 848//165
f 848//165 1672//164 1671//165
f 848//165 1671//165 813//166
f 813//166 1671//165 1659//166
f 813//166 1659//166 814//167
f 814//167 1659//166 1658//167
f 814//167 1658//167 826//168
f 826//168 1658//167 1657//168
f 826//168 1657//168 827//169
f 827//169 1657//168 1656//169
f 827//169 1656//169 828//170
f 828//170 1656//169 1655//170
f 828//170 1655//170 829//171
f 829//171 1655//170 1654//171
f 829//171 1654//171 833//172
f 833//172 1654//171 1653//172
f 833//172 1653//172 834//173
f 834//173 1653//172 1652//173
f 834//173 1652//173 835//174
f 835//174 1652//173 1651//174
f 835//174 1651//174 858//175
f 858//175 1651//174 1650//175
f 858//175 1650//175 823//182
f 823//182 1650//175 1662//182
f 823//182 1662//182 816//177
f 816//177 1662//182 1670//177
f 816//177 1670//177 817//178
f 817//178 1670//177 1669//178
f 817//178 1669//178 821//179
f 821//179 1669//178 1642//179
f 821//179 1642//179 820//180
f 820//180 1642//179 1641//180
f 820//180 1641//180 810//181
f 810//181 1641//180 1630//181
f 810//181 1630//181 855//158
f 855//158 1630//181 1629//158
f 801//158 1610//158 802//159
f 802//159 1610//158 1609//159
f 802//159 1609//159 785//160
f 785//160 1609//159 1607//160
f 785//160 1607//160 786//161
f 786//161 1607//160 1606//161
f 786//161 1606//161 803//162
f 803//162 1606//161 1627//162
f 803//162 1627//162 804//163
f 804//163 1627//162 1626//163
f 804//163 1626//163 805//164
f 805//164 1626//163 1625//164
f 805//164 1625//164 797//165
f 797//165 1625//164 1618//165
f 797//165 1618//165 798//166
f 798//166 1618//165 1617//166
f 798//166 1617//166 799//167
f 799//167 1617//166 1616//167
f 799//167 1616//167 783//168
f 783//168 1616//167 1615//168
f 783//168 1615//168 784//169
f 784//169 1615//168 1621//169
f 784//169 1621//169 788//170
f 788//170 1621//169 1620//170
f 788//170 1620//170 789//171
f 789//171 1620//170 1619//171
f 789//171 1619//171 790//172
f 790//172 1619//171 1614//172
f 790//172 1614//172 791//173
f 791//173 1614//172 1613//173
f 791//173 1613//173 792//174
f 792//174 1613//173 1612//174
f 792//174 1612//174 806//175
f 806//175 1612//174 1611//175
f 806//175 1611//175 807//182
f 807//182 1611//175 1624//182
f 807//182 1624//182 808//177
f 808//177 1624//182 1623//177
f 808//177 1623//177 793//178
f 793//178 1623//177 1622//178
f 793//178 1622//178 794//179
f 794//179 1622//178 1603//179
f 794//179 1603//179 796//180
f 796//180 1603//179 1604//180
f 796//180 1604//180 800//181
f 800//181 1604//180 1605//181
f 800//181 1605//181 801//158
f 801//158 1605//181 1610//158
f 775//158 1590//158 776//159
f 776//159 1590//158 1589//159
f 776//159 1589//159 763//160
f 763//160 1589//159 1588//160
f 763//160 1588//160 764//161
f 764//161 1588//160 1579//161
f 764//161 1579//161 766//162
f 766//162 1579//161 1578//162
f 766//162 1578//162 780//163
f 780//163 1578//162 1602//163
f 780//163 1602//163 781//164
f 781//164 1602//163 1601//164
f 781//164 1601//164 782//165
f 782//165 1601//164 1600//165
f 782//165 1600//165 757//166
f 757//166 1600//165 1587//166
f 757//166 1587//166 758//167
f 758//167 1587//166 1586//167
f 758//167 1586//167 759//168
f 759//168 1586//167 1585//168
f 759//168 1585//168 760//169
f 760//169 1585//168 1596//169
f 760//169 1596//169 761//170
f 761//170 1596//169 1595//170
f 761//170 1595//170 762//171
f 762//171 1595//170 1594//171
f 762//171 1594//171 767//172
f 767//172 1594//171 1593//172
f 767//172 1593//172 768//173
f 768//173 1593//172 1592//173
f 768//173 1592//173 769//174
f 769//174 1592//173 1591//174
f 769//174 1591//174 777//175
f 777//175 1591//174 1599//175
f 777//175 1599//175 778//182
f 778//182 1599//175 1598//182
f 778//182 1598//182 779//177
f 779//177 1598//182 1597//177
f 779//177 1597//177 770//178
f 770//178 1597//177 1584//178
f 770//178 1584//178 771//179
f 771//179 1584//178 1583//179
f 771//179 1583//179 773//180
f 773//180 1583//179 1582//180
f 773//180 1582//180 774//181
f 774//181 1582//180 1581//181
f 774//181 1581//181 775//158
f 775//158 1581//181 1590//158
f 752//158 1565//158 753//159
f 753//159 1565//158 1564//159
f 753//159 1564//159 731//160
f 731//160 1564//159 1563//160
f 731//160 1563//160 732//161
f 732//161 1563//160 1554//161
f 732//161 1554//161 754//162
f 754//162 1554//161 1553//162
f 754//162 1553//162 755//163
f 755//163 1553//162 1577//163
f 755//163 1577//163 756//164
f 756//164 1577//163 1576//164
f 756//164 1576//164 744//165
f 744//165 1576//164 1575//165
f 744//165 1575//165 734//166
f 734//166 1575//165 1562//166
f 734//166 1562//166 735//167
f 735//167 1562//166 1561//167
f 735//167 1561//167 745//168
f 745//168 1561//167 1560//168
f 745//168 1560//168 746//169
f 746//169 1560//168 1571//169
f 746//169 1571//169 747//170
f 747//170 1571//169 1570//170
f 747//170 1570//170 736//171
f 736//171 1570//170 1569//171
f 736//171 1569//171 737//172
f 737//172 1569//171 1568//172
f 737//172 1568//172 738//173
f 738//173 1568//172 1567//173
f 738//173 1567//173 739//174
f 739//174 1567//173 1566//174
f 739//174 1566//174 748//175
f 748//175 1566//174 1574//175
f 748//175 1574//175 749//182
f 749//182 1574//175 1573//182
f 749//182 1573//182 750//177
f 750//177 1573//182 1572//177
f 750//177 1572//177 740//178
f 740//178 1572//177 1559//178
f 740//178 1559//178 741//179
f 741//179 1559//178 1558//179
f 741//179 1558//179 743//180
f 743//180 1558//179 1557//180
f 743//180 1557//180 751//181
f 751//181 1557//180 1556//181
f 751//181 1556//181 752//158
f 752//158 1556//181 1565//158
f 726//158 1540//158 727//159
f 727//159 1540//158 1539//159
f 727//159 1539//159 709//160
f 709//160 1539//159 1538//160
f 709//160 1538//160 710//161
f 710//161 1538//160 1535//161
f 710//161 1535//161 728//162
f 728//162 1535//161 1534//162
f 728//162 1534//162 729//163
f 729//163 1534//162 1537//163
f 729//163 1537//163 730//164
f 730//164 1537//163 1552//164
f 730//164 1552//164 712//165
f 712//165 1552//164 1551//165
f 712//165 1551//165 713//166
f 713//166 1551//165 1550//166
f 713//166 1550//166 714//167
f 714//167 1550//166 1533//167
f 714//167 1533//167 715//168
f 715//168 1533//167 1532//168
f 715//168 1532//168 716//169
f 716//169 1532//168 1546//169
f 716//169 1546//169 717//170
f 717//170 1546//169 1545//170
f 717//170 1545//170 718//171
f 718//171 1545//170 1544//171
f 718//171 1544//171 719//172
f 719//172 1544//171 1543//172
f 719//172 1543//172 720//173
f 720//173 1543//172 1542//173
f 720//173 1542//173 721//174
f 721//174 1542//173 1541//174
f 721//174 1541//174 722//175
f 722//175 1541//174 1549//175
f 722//175 1549//175 723//182
f 723//182 1549//175 1548//182
f 723//182 1548//182 724//177
f 724//177 1548//182 1547//177
f 724//177 1547//177 708//178
f 708//178 1547//177 1531//178
f 708//178 1531//178 707//179
f 707//179 1531//178 1530//179
f 707//179 1530//179 705//180
f 705//180 1530//179 1529//180
f 705//180 1529//180 725//181
f 725//181 1529//180 1528//181
f 725//181 1528//181 726//158
f 726//158 1528//181 1540//158
f 700//158 1515//158 701//159
f 701//159 1515//158 1514//159
f 701//159 1514//159 683//160
f 683//160 1514//159 1513//160
f 683//160 1513//160 684//161
f 684//161 1513//160 1510//161
f 684//161 1510//161 702//162
f 702//162 1510//161 1509//162
f 702//162 1509//162 703//163
f 703//163 1509//162 1512//163
f 703//163 1512//163 704//164
f 704//164 1512//163 1527//164
f 704//164 1527//164 686//165
f 686//165 1527//164 1526//165
f 686//165 1526//165 687//166
f 687//166 1526//165 1525//166
f 687//166 1525//166 688//167
f 688//167 1525//166 1508//167
f 688//167 1508//167 689//168
f 689//168 1508//167 1507//168
f 689//168 1507//168 690//169
f 690//169 1507//168 1521//169
f 690//169 1521//169 691//170
f 691//170 1521//169 1520//170
f 691//170 1520//170 692//171
f 692//171 1520//170 1519//171
f 692//171 1519//171 693//172
f 693//172 1519//171 1518//172
f 693//172 1518//172 694//173
f 694//173 1518//172 1517//173
f 694//173 1517//173 695//174
f 695//174 1517//173 1516//174
f 695//174 1516//174 696//175
f 696//175 1516//174 1524//175
f 696//175 1524//175 697//182
f 697//182 1524//175 1523//182
f 697//182 1523//182 698//177
f 698//177 1523//182 1522//177
f 698//177 1522//177 682//178
f 682//178 1522//177 1506//178
f 682//178 1506//178 681//179
f 681//179 1506//178 1505//179
f 681//179 1505//179 680//180
f 680//180 1505//179 1504//180
f 680//180 1504//180 699//181
f 699//181 1504//180 1503//181
f 699//181 1503//181 700//158
f 700//158 1503//181 1515//158
f 1182//158 1460//158 1183//159
f 1183//159 1460//158 1459//159
f 1183//159 1459//159 1196//160
f 1196//160 1459//159 1481//160
f 1196//160 1481//160 1197//161
f 1197//161 1481//160 1480//161
f 1197//161 1480//161 1185//162
f 1185//162 1480//161 1479//162
f 1185//162 1479//162 1186//163
f 1186//163 1479//162 1478//163
f 1186//163 1478//163 1187//164
f 1187//164 1478//163 1477//164
f 1187//164 1477//164 1188//165
f 1188//165 1477//164 1475//165
f 1188//165 1475//165 1189//166
f 1189//166 1475//165 1474//166
f 1189//166 1474//166 1190//167
f 1190//167 1474//166 1473//167
f 1190//167 1473//167 1191//168
f 1191//168 1473//167 1472//168
f 1191//168 1472//168 1181//169
f 1181//169 1472//168 1471//169
f 1181//169 1471//169 1180//183
f 1180//183 1471//169 1470//183
f 1180//183 1470//183 1179//171
f 1179//171 1470//183 1469//171
f 1179//171 1469//171 1178//172
f 1178//172 1469//171 1483//172
f 1178//172 1483//172 1202//173
f 1202//173 1483//172 1482//173
f 1202//173 1482//173 1203//174
f 1203//174 1482//173 1468//174
f 1203//174 1468//174 1200//175
f 1200//175 1468//174 1467//175
f 1200//175 1467//175 1201//176
f 1201//176 1467//175 1466//176
f 1201//176 1466//176 1195//177
f 1195//177 1466//176 1465//177
f 1195//177 1465//177 1194//178
f 1194//178 1465//177 1464//178
f 1194//178 1464//178 1192//179
f 1192//179 1464//178 1463//179
f 1192//179 1463//179 1198//180
f 1198//180 1463//179 1462//180
f 1198//180 1462//180 1199//181
f 1199//181 1462//180 1461//181
f 1199//181 1461//181 1182//158
f 1182//158 1461//181 1460//158
f 1074//158 1339//158 1075//159
f 1075//159 1339//158 1340//159
f 1075//159 1340//159 1061//160
f 1061//160 1340//159 1342//160
f 1061//160 1342//160 1062//161
f 1062//161 1342//160 1343//161
f 1062//161 1343//161 1067//162
f 1067//162 1343//161 1346//162
f 1067//162 1346//162 1068//163
f 1068//163 1346//162 1345//163
f 1068//163 1345//163 1069//164
f 1069//164 1345//163 1344//164
f 1069//164 1344//164 1050//165
f 1050//165 1344//164 1338//165
f 1050//165 1338//165 1051//166
f 1051//166 1338//165 1337//166
f 1051//166 1337//166 1052//167
f 1052//167 1337//166 1336//167
f 1052//167 1336//167 1053//168
f 1053//168 1336//167 1335//168
f 1053//168 1335//168 1054//169
f 1054//169 1335//168 1359//169
f 1054//169 1359//169 1055//183
f 1055//183 1359//169 1358//183
f 1055//183 1358//183 1056//171
f 1056//171 1358//183 1357//171
f 1056//171 1357//171 1057//172
f 1057//172 1357//171 1353//172
f 1057//172 1353//172 1058//173
f 1058//173 1353//172 1352//173
f 1058//173 1352//173 1059//174
f 1059//174 1352//173 1351//174
f 1059//174 1351//174 1060//175
f 1060//175 1351//174 1350//175
f 1060//175 1350//175 1070//182
f 1070//182 1350//175 1356//182
f 1070//182 1356//182 1071//177
f 1071//177 1356//182 1355//177
f 1071//177 1355//177 1072//178
f 1072//178 1355//177 1354//178
f 1072//178 1354//178 1064//179
f 1064//179 1354//178 1349//179
f 1064//179 1349//179 1065//180
f 1065//180 1349//179 1348//180
f 1065//180 1348//180 1073//181
f 1073//181 1348//180 1347//181
f 1073//181 1347//181 1074//158
f 1074//158 1347//181 1339//158
f 1024//158 1322//158 1025//159
f 1025//159 1322//158 1321//159
f 1025//159 1321//159 1038//160
f 1038//160 1321//159 1320//160
f 1038//160 1320//160 1039//161
f 1039//161 1320//160 1313//161
f 1039//161 1313//161 1040//162
f 1040//162 1313//161 1311//162
f 1040//162 1311//162 1044//163
f 1044//163 1311//162 1310//163
f 1044//163 1310//163 1045//164
f 1045//164 1310//163 1328//164
f 1045//164 1328//164 1046//165
f 1046//165 1328//164 1327//165
f 1046//165 1327//165 1027//166
f 1027//166 1327//165 1326//166
f 1027//166 1326//166 1028//167
f 1028//167 1326//166 1319//167
f 1028//167 1319//167 1041//168
f 1041//168 1319//167 1318//168
f 1041//168 1318//168 1042//169
f 1042//169 1318//168 1334//169
f 1042//169 1334//169 1043//183
f 1043//183 1334//169 1333//183
f 1043//183 1333//183 1029//171
f 1029//171 1333//183 1332//171
f 1029//171 1332//171 1030//172
f 1030//172 1332//171 1325//172
f 1030//172 1325//172 1031//173
f 1031//173 1325//172 1324//173
f 1031//173 1324//173 1032//174
f 1032//174 1324//173 1323//174
f 1032//174 1323//174 1047//175
f 1047//175 1323//174 1331//175
f 1047//175 1331//175 1048//182
f 1048//182 1331//175 1330//182
f 1048//182 1330//182 1049//177
f 1049//177 1330//182 1329//177
f 1049//177 1329//177 1033//178
f 1033//178 1329//177 1317//178
f 1033//178 1317//178 1034//179
f 1034//179 1317//178 1316//179
f 1034//179 1316//179 1036//180
f 1036//180 1316//179 1315//180
f 1036//180 1315//180 1037//181
f 1037//181 1315//180 1314//181
f 1037//181 1314//181 1024//158
f 1024//158 1314//181 1322//158
f 1016//158 1297//158 1017//159
f 1017//159 1297//158 1296//159
f 1017//159 1296//159 1001//160
f 1001//160 1296//159 1295//160
f 1001//160 1295//160 998//161
f 998//161 1295//160 1288//161
f 998//161 1288//161 999//162
f 999//162 1288//161 1286//162
f 999//162 1286//162 1018//163
f 1018//163 1286//162 1285//163
f 1018//163 1285//163 1019//164
f 1019//164 1285//163 1303//164
f 1019//164 1303//164 1020//165
f 1020//165 1303//164 1302//165
f 1020//165 1302//165 1002//166
f 1002//166 1302//165 1301//166
f 1002//166 1301//166 1003//167
f 1003//167 1301//166 1294//167
f 1003//167 1294//167 1012//168
f 1012//168 1294//167 1293//168
f 1012//168 1293//168 1013//169
f 1013//169 1293//168 1309//169
f 1013//169 1309//169 1014//183
f 1014//183 1309//169 1308//183
f 1014//183 1308//183 1004//171
f 1004//171 1308//183 1307//171
f 1004//171 1307//171 1005//172
f 1005//172 1307//171 1300//172
f 1005//172 1300//172 1006//173
f 1006//173 1300//172 1299//173
f 1006//173 1299//173 1007//174
f 1007//174 1299//173 1298//174
f 1007//174 1298//174 1021//175
f 1021//175 1298//174 1306//175
f 1021//175 1306//175 1022//182
f 1022//182 1306//175 1305//182
f 1022//182 1305//182 1023//177
f 1023//177 1305//182 1304//177
f 1023//177 1304//177 1008//178
f 1008//178 1304//177 1292//178
f 1008//178 1292//178 1009//179
f 1009//179 1292//178 1291//179
f 1009//179 1291//179 1011//180
f 1011//180 1291//179 1290//180
f 1011//180 1290//180 1015//181
f 1015//181 1290//180 1289//181
f 1015//181 1289//181 1016//158
f 1016//158 1289//181 1297//158
f 1164//158 1446//158 1168//159
f 1168//159 1446//158 1445//159
f 1168//159 1445//159 1170//160
f 1170//160 1445//159 1444//160
f 1170//160 1444//160 1171//161
f 1171//161 1444//160 1442//161
f 1171//161 1442//161 1175//162
f 1175//162 1442//161 1441//162
f 1175//162 1441//162 1176//163
f 1176//163 1441//162 1455//163
f 1176//163 1455//163 1177//164
f 1177//164 1455//163 1454//164
f 1177//164 1454//164 1157//165
f 1157//165 1454//164 1453//165
f 1157//165 1453//165 1155//166
f 1155//166 1453//165 1440//166
f 1155//166 1440//166 1156//167
f 1156//167 1440//166 1439//167
f 1156//167 1439//167 1158//168
f 1158//168 1439//167 1438//168
f 1158//168 1438//168 1159//169
f 1159//169 1438//168 1437//169
f 1159//169 1437//169 1160//183
f 1160//183 1437//169 1436//183
f 1160//183 1436//183 1161//171
f 1161//171 1436//183 1449//171
f 1161//171 1449//171 1165//172
f 1165//172 1449//171 1448//172
f 1165//172 1448//172 1166//173
f 1166//173 1448//172 1435//173
f 1166//173 1435//173 1167//174
f 1167//174 1435//173 1434//174
f 1167//174 1434//174 1172//175
f 1172//175 1434//174 1458//175
f 1172//175 1458//175 1173//176
f 1173//176 1458//175 1457//176
f 1173//176 1457//176 1174//177
f 1174//177 1457//176 1456//177
f 1174//177 1456//177 1152//178
f 1152//178 1456//177 1452//178
f 1152//178 1452//178 1153//179
f 1153//179 1452//178 1451//179
f 1153//179 1451//179 1162//180
f 1162//180 1451//179 1450//180
f 1162//180 1450//180 1163//181
f 1163//181 1450//180 1447//181
f 1163//181 1447//181 1164//158
f 1164//158 1447//181 1446//158
f 1138//158 1410//158 1136//159
f 1136//159 1410//158 1409//159
f 1136//159 1409//159 1140//160
f 1140//160 1409//159 1421//160
f 1140//160 1421//160 1141//161
f 1141//161 1421//160 1420//161
f 1141//161 1420//161 1142//162
f 1142//162 1420//161 1416//162
f 1142//162 1416//162 1149//163
f 1149//163 1416//162 1415//163
f 1149//163 1415//163 1150//164
f 1150//164 1415//163 1430//164
f 1150//164 1430//164 1151//165
f 1151//165 1430//164 1429//165
f 1151//165 1429//165 1130//166
f 1130//166 1429//165 1428//166
f 1130//166 1428//166 1131//167
f 1131//167 1428//166 1413//167
f 1131//167 1413//167 1143//168
f 1143//168 1413//167 1412//168
f 1143//168 1412//168 1144//169
f 1144//169 1412//168 1433//169
f 1144//169 1433//169 1145//183
f 1145//183 1433//169 1432//183
f 1145//183 1432//183 1132//171
f 1132//171 1432//183 1431//171
f 1132//171 1431//171 1133//172
f 1133//172 1431//171 1427//172
f 1133//172 1427//172 1134//173
f 1134//173 1427//172 1426//173
f 1134//173 1426//173 1135//174
f 1135//174 1426//173 1425//174
f 1135//174 1425//174 1146//175
f 1146//175 1425//174 1422//175
f 1146//175 1422//175 1147//182
f 1147//182 1422//175 1423//182
f 1147//182 1423//182 1148//177
f 1148//177 1423//182 1424//177
f 1148//177 1424//177 1126//178
f 1126//178 1424//177 1419//178
f 1126//178 1419//178 1127//179
f 1127//179 1419//178 1418//179
f 1127//179 1418//179 1129//180
f 1129//180 1418//179 1417//180
f 1129//180 1417//180 1139//181
f 1139//181 1417//180 1411//181
f 1139//181 1411//181 1138//158
f 1138//158 1411//181 1410//158
f 1121//158 1366//158 1122//159
f 1122//159 1366//158 1361//159
f 1122//159 1361//159 1101//160
f 1101//160 1361//159 1360//160
f 1101//160 1360//160 1102//161
f 1102//161 1360//160 1384//161
f 1102//161 1384//161 1103//162
f 1103//162 1384//161 1383//162
f 1103//162 1383//162 1104//163
f 1104//163 1383//162 1382//163
f 1104//163 1382//163 1123//164
f 1123//164 1382//163 1399//164
f 1123//164 1399//164 1124//165
f 1124//165 1399//164 1398//165
f 1124//165 1398//165 1125//166
f 1125//166 1398//165 1397//166
f 1125//166 1397//166 1105//167
f 1105//167 1397//166 1364//167
f 1105//167 1364//167 1106//168
f 1106//168 1364//167 1363//168
f 1106//168 1363//168 1107//169
f 1107//169 1363//168 1396//169
f 1107//169 1396//169 1109//183
f 1109//183 1396//169 1395//183
f 1109//183 1395//183 1110//171
f 1110//171 1395//183 1394//171
f 1110//171 1394//171 1081//172
f 1081//172 1394//171 1387//172
f 1081//172 1387//172 1082//173
f 1082//173 1387//172 1386//173
f 1082//173 1386//173 1094//174
f 1094//174 1386//173 1385//174
f 1094//174 1385//174 1095//175
f 1095//175 1385//174 1377//175
f 1095//175 1377//175 1096//182
f 1096//182 1377//175 1378//182
f 1096//182 1378//182 1097//177
f 1097//177 1378//182 1374//177
f 1097//177 1374//177 1098//178
f 1098//178 1374//177 1373//178
f 1098//178 1373//178 1099//179
f 1099//179 1373//178 1372//179
f 1099//179 1372//179 1100//180
f 1100//180 1372//179 1368//180
f 1100//180 1368//180 1120//181
f 1120//181 1368//180 1367//181
f 1120//181 1367//181 1121//158
f 1121//158 1367//181 1366//158
f 1108//158 1375//158 1083//159
f 1083//159 1375//158 1365//159
f 1083//159 1365//159 1084//160
f 1084//160 1365//159 1371//160
f 1084//160 1371//160 1086//161
f 1086//161 1371//160 1370//161
f 1086//161 1370//161 1087//162
f 1087//162 1370//161 1369//162
f 1087//162 1369//162 1111//163
f 1111//163 1369//162 1408//163
f 1111//163 1408//163 1112//164
f 1112//164 1408//163 1407//164
f 1112//164 1407//164 1113//165
f 1113//165 1407//164 1406//165
f 1113//165 1406//165 1088//166
f 1088//166 1406//165 1393//166
f 1088//166 1393//166 1089//167
f 1089//167 1393//166 1392//167
f 1089//167 1392//167 1114//168
f 1114//168 1392//167 1391//168
f 1114//168 1391//168 1115//169
f 1115//169 1391//168 1405//169
f 1115//169 1405//169 1116//183
f 1116//183 1405//169 1404//183
f 1116//183 1404//183 1090//171
f 1090//171 1404//183 1403//171
f 1090//171 1403//171 1091//172
f 1091//172 1403//171 1381//172
f 1091//172 1381//172 1092//173
f 1092//173 1381//172 1380//173
f 1092//173 1380//173 1093//174
f 1093//174 1380//173 1379//174
f 1093//174 1379//174 1117//175
f 1117//175 1379//174 1402//175
f 1117//175 1402//175 1118//182
f 1118//182 1402//175 1401//182
f 1118//182 1401//182 1119//177
f 1119//177 1401//182 1400//177
f 1119//177 1400//177 1076//178
f 1076//178 1400//177 1390//178
f 1076//178 1390//178 1077//179
f 1077//179 1390//178 1389//179
f 1077//179 1389//179 1079//180
f 1079//180 1389//179 1388//180
f 1079//180 1388//180 1080//181
f 1080//181 1388//180 1376//181
f 1080//181 1376//181 1108//158
f 1108//158 1376//181 1375//158
f 967//158 1243//158 968//159
f 968//159 1243//158 1242//159
f 968//159 1242//159 959//160
f 959//160 1242//159 1241//160
f 959//160 1241//160 947//161
f 947//161 1241//160 1240//161
f 947//161 1240//161 948//162
f 948//162 1240//161 1238//162
f 948//162 1238//162 969//163
f 969//163 1238//162 1237//163
f 969//163 1237//163 970//164
f 970//164 1237//163 1247//164
f 970//164 1247//164 971//165
f 971//165 1247//164 1246//165
f 971//165 1246//165 950//166
f 950//166 1246//165 1245//166
f 950//166 1245//166 951//167
f 951//167 1245//166 1236//167
f 951//167 1236//167 952//168
f 952//168 1236//167 1235//168
f 952//168 1235//168 953//169
f 953//169 1235//168 1259//169
f 953//169 1259//169 954//183
f 954//183 1259//169 1258//183
f 954//183 1258//183 955//171
f 955//171 1258//183 1257//171
f 955//171 1257//171 956//172
f 956//172 1257//171 1253//172
f 956//172 1253//172 957//173
f 957//173 1253//172 1252//173
f 957//173 1252//173 958//174
f 958//174 1252//173 1251//174
f 958//174 1251//174 960//175
f 960//175 1251//174 1256//175
f 960//175 1256//175 961//182
f 961//182 1256//175 1255//182
f 961//182 1255//182 962//177
f 962//177 1255//182 1254//177
f 962//177 1254//177 963//178
f 963//178 1254//177 1250//178
f 963//178 1250//178 964//179
f 964//179 1250//178 1249//179
f 964//179 1249//179 965//180
f 965//180 1249//179 1248//180
f 965//180 1248//180 966//181
f 966//181 1248//180 1244//181
f 966//181 1244//181 967//158
f 967//158 1244//181 1243//158
f 993//158 1268//158 994//159
f 994//159 1268//158 1267//159
f 994//159 1267//159 984//160
f 984//160 1267//159 1266//160
f 984//160 1266//160 972//161
f 972//161 1266//160 1265//161
f 972//161 1265//161 973//162
f 973//162 1265//161 1263//162
f 973//162 1263//162 995//163
f 995//163 1263//162 1262//163
f 995//163 1262//163 996//164
f 996//164 1262//163 1272//164
f 996//164 1272//164 997//165
f 997//165 1272//164 1271//165
f 997//165 1271//165 975//166
f 975//166 1271//165 1270//166
f 975//166 1270//166 976//167
f 976//167 1270//166 1261//167
f 976//167 1261//167 977//168
f 977//168 1261//167 1260//168
f 977//168 1260//168 978//169
f 978//169 1260//168 1284//169
f 978//169 1284//169 979//183
f 979//183 1284//169 1283//183
f 979//183 1283//183 980//171
f 980//171 1283//183 1282//171
f 980//171 1282//171 981//172
f 981//172 1282//171 1278//172
f 981//172 1278//172 982//173
f 982//173 1278//172 1277//173
f 982//173 1277//173 983//174
f 983//174 1277//173 1276//174
f 983//174 1276//174 985//175
f 985//175 1276//174 1281//175
f 985//175 1281//175 986//182
f 986//182 1281//175 1280//182
f 986//182 1280//182 988//177
f 988//177 1280//182 1279//177
f 988//177 1279//177 989//178
f 989//178 1279//177 1275//178
f 989//178 1275//178 990//179
f 990//179 1275//178 1274//179
f 990//179 1274//179 991//180
f 991//180 1274//179 1273//180
f 991//180 1273//180 992//181
f 992//181 1273//180 1269//181
f 992//181 1269//181 993//158
f 993//158 1269//181 1268//158
# Vertices: 1747, normals: 165, texture coordinates: 0, faces: 3524

o obj5
v -0.08600725 -0.05643846 -0.00621927
v -0.08600725 -0.05643846 0.09378073
v -0.08600725 -0.05960846 -0.00621927
v -0.08600725 -0.05960846 0.09378073
v -0.10505725 -0.05643846 -0.00621927
v -0.10505725 -0.05960846 -0.00621927
v -0.10505725 -0.05643846 0.09378073
v -0.10505725 -0.05960846 0.09378073
vn 1 0 -0
vn 0 0 -1
vn -1 0 0
vn 0 0 1
vn 0 1 0
vn 0 -1 0
usemtl mat0
f 1772//184 1773//184 1774//184
f 1774//184 1773//184 1775//184
f 1776//185 1772//185 1777//185
f 1777//185 1772//185 1774//185
f 1778//186 1776//186 1779//186
f 1779//186 1776//186 1777//186
f 1773//187 1778//187 1775//187
f 1775//187 1778//187 1779//187
f 1776//188 1778//188 1772//188
f 1772//188 1778//188 1773//188
f 1779//189 1777//189 1775//189
f 1775//189 1777//189 1774//189
# Vertices: 8, normals: 6, texture coordinates: 0, faces: 12

