# WaveFront *.obj file (generated by Autodesk ATF)

mtllib N00001_N3 (Pieza).mtl

g Body1

v -0.450000 8.750000 -0.350000
v 0.150000 8.750000 -0.350000
v 0.150000 0.000000 -0.350000
v 0.150000 -8.750000 -0.350000
v -0.450000 -8.750000 -0.350000
v -0.450000 0.000000 -0.350000
v -0.450000 8.750000 2.650000
v 0.150000 8.750000 2.650000
v 0.162941 8.750000 2.648296
v 0.175000 8.750000 2.643301
v 0.185355 8.750000 2.635355
v 0.193301 8.750000 2.625000
v 0.198296 8.750000 2.612941
v 0.200000 8.750000 2.600000
v 0.200000 8.750000 -0.300000
v 0.198296 8.750000 -0.312941
v 0.193301 8.750000 -0.325000
v 0.185355 8.750000 -0.335355
v 0.175000 8.750000 -0.343301
v 0.162941 8.750000 -0.348296
v -0.462941 8.750000 -0.348296
v -0.475000 8.750000 -0.343301
v -0.485355 8.750000 -0.335355
v -0.493301 8.750000 -0.325000
v -0.498296 8.750000 -0.312941
v -0.500000 8.750000 -0.300000
v -0.500000 8.750000 2.600000
v -0.498296 8.750000 2.612941
v -0.493301 8.750000 2.625000
v -0.485355 8.750000 2.635355
v -0.475000 8.750000 2.643301
v -0.462941 8.750000 2.648296
v -0.450000 -8.750000 2.650000
v 0.150000 -8.750000 2.650000
v 0.150000 0.000000 2.650000
v -0.450000 0.000000 2.650000
v 0.200000 -8.750000 -0.300000
v 0.200000 -8.750000 2.600000
v 0.198296 -8.750000 2.612941
v 0.193301 -8.750000 2.625000
v 0.185355 -8.750000 2.635355
v 0.175000 -8.750000 2.643301
v 0.162941 -8.750000 2.648296
v -0.462941 -8.750000 2.648296
v -0.475000 -8.750000 2.643301
v -0.485355 -8.750000 2.635355
v -0.493301 -8.750000 2.625000
v -0.498296 -8.750000 2.612941
v -0.500000 -8.750000 2.600000
v -0.500000 -8.750000 -0.300000
v -0.498296 -8.750000 -0.312941
v -0.493301 -8.750000 -0.325000
v -0.485355 -8.750000 -0.335355
v -0.475000 -8.750000 -0.343301
v -0.462941 -8.750000 -0.348296
v 0.162941 -8.750000 -0.348296
v 0.175000 -8.750000 -0.343301
v 0.185355 -8.750000 -0.335355
v 0.193301 -8.750000 -0.325000
v 0.198296 -8.750000 -0.312941
v 0.200000 0.000000 2.600000
v 0.200000 0.000000 -0.300000
v 0.200000 -3.800000 1.270000
v 0.200000 -3.678355 1.253985
v 0.200000 -3.565000 1.207032
v 0.200000 -3.467660 1.132340
v 0.200000 -3.392968 1.035000
v 0.200000 -3.346015 0.921645
v 0.200000 -3.330000 0.800000
v 0.200000 -3.346015 0.678355
v 0.200000 -3.392968 0.565000
v 0.200000 -3.467660 0.467660
v 0.200000 -3.565000 0.392968
v 0.200000 -3.678355 0.346015
v 0.200000 -3.800000 0.330000
v 0.200000 -6.700000 0.330000
v 0.200000 -6.821645 0.346015
v 0.200000 -6.935000 0.392968
v 0.200000 -7.032340 0.467660
v 0.200000 -7.107032 0.565000
v 0.200000 -7.153985 0.678355
v 0.200000 -7.170000 0.800000
v 0.200000 -7.153985 0.921645
v 0.200000 -7.107032 1.035000
v 0.200000 -7.032340 1.132340
v 0.200000 -6.935000 1.207032
v 0.200000 -6.821645 1.253985
v 0.200000 -6.700000 1.270000
v 0.200000 1.450000 1.270000
v 0.200000 1.571645 1.253985
v 0.200000 1.685000 1.207032
v 0.200000 1.782340 1.132340
v 0.200000 1.857032 1.035000
v 0.200000 1.903985 0.921645
v 0.200000 1.920000 0.800000
v 0.200000 1.903985 0.678355
v 0.200000 1.857032 0.565000
v 0.200000 1.782340 0.467660
v 0.200000 1.685000 0.392968
v 0.200000 1.571645 0.346015
v 0.200000 1.450000 0.330000
v 0.200000 -1.450000 0.330000
v 0.200000 -1.571645 0.346015
v 0.200000 -1.685000 0.392968
v 0.200000 -1.782340 0.467660
v 0.200000 -1.857032 0.565000
v 0.200000 -1.903985 0.678355
v 0.200000 -1.920000 0.800000
v 0.200000 -1.903985 0.921645
v 0.200000 -1.857032 1.035000
v 0.200000 -1.782340 1.132340
v 0.200000 -1.685000 1.207032
v 0.200000 -1.571645 1.253985
v 0.200000 -1.450000 1.270000
v 0.200000 6.700000 1.270000
v 0.200000 6.821645 1.253985
v 0.200000 6.935000 1.207032
v 0.200000 7.032340 1.132340
v 0.200000 7.107032 1.035000
v 0.200000 7.153985 0.921645
v 0.200000 7.170000 0.800000
v 0.200000 7.153985 0.678355
v 0.200000 7.107032 0.565000
v 0.200000 7.032340 0.467660
v 0.200000 6.935000 0.392968
v 0.200000 6.821645 0.346015
v 0.200000 6.700000 0.330000
v 0.200000 3.800000 0.330000
v 0.200000 3.678355 0.346015
v 0.200000 3.565000 0.392968
v 0.200000 3.467660 0.467660
v 0.200000 3.392968 0.565000
v 0.200000 3.346015 0.678355
v 0.200000 3.330000 0.800000
v 0.200000 3.346015 0.921645
v 0.200000 3.392968 1.035000
v 0.200000 3.467660 1.132340
v 0.200000 3.565000 1.207032
v 0.200000 3.678355 1.253985
v 0.200000 3.800000 1.270000
v -0.500000 0.000000 -0.300000
v -0.500000 0.000000 2.600000
v -0.500000 3.800000 1.284641
v -0.500000 3.674566 1.268127
v -0.500000 3.557679 1.219711
v -0.500000 3.457307 1.142693
v -0.500000 3.380289 1.042321
v -0.500000 3.331873 0.925434
v -0.500000 3.315359 0.800000
v -0.500000 3.331873 0.674566
v -0.500000 3.380289 0.557679
v -0.500000 3.457307 0.457307
v -0.500000 3.557679 0.380289
v -0.500000 3.674566 0.331873
v -0.500000 3.800000 0.315359
v -0.500000 6.700000 0.315359
v -0.500000 6.825434 0.331873
v -0.500000 6.942321 0.380289
v -0.500000 7.042693 0.457307
v -0.500000 7.119711 0.557679
v -0.500000 7.168127 0.674566
v -0.500000 7.184641 0.800000
v -0.500000 7.168127 0.925434
v -0.500000 7.119711 1.042321
v -0.500000 7.042693 1.142693
v -0.500000 6.942321 1.219711
v -0.500000 6.825434 1.268127
v -0.500000 6.700000 1.284641
v -0.500000 -1.450000 1.284641
v -0.500000 -1.575434 1.268127
v -0.500000 -1.692321 1.219711
v -0.500000 -1.792693 1.142693
v -0.500000 -1.869711 1.042321
v -0.500000 -1.918127 0.925434
v -0.500000 -1.934641 0.800000
v -0.500000 -1.918127 0.674566
v -0.500000 -1.869711 0.557679
v -0.500000 -1.792693 0.457307
v -0.500000 -1.692321 0.380289
v -0.500000 -1.575434 0.331873
v -0.500000 -1.450000 0.315359
v -0.500000 1.450000 0.315359
v -0.500000 1.575434 0.331873
v -0.500000 1.692321 0.380289
v -0.500000 1.792693 0.457307
v -0.500000 1.869711 0.557679
v -0.500000 1.918127 0.674566
v -0.500000 1.934641 0.800000
v -0.500000 1.918127 0.925434
v -0.500000 1.869711 1.042321
v -0.500000 1.792693 1.142693
v -0.500000 1.692321 1.219711
v -0.500000 1.575434 1.268127
v -0.500000 1.450000 1.284641
v -0.500000 -6.700000 1.284641
v -0.500000 -6.825434 1.268127
v -0.500000 -6.942321 1.219711
v -0.500000 -7.042693 1.142693
v -0.500000 -7.119711 1.042321
v -0.500000 -7.168127 0.925434
v -0.500000 -7.184641 0.800000
v -0.500000 -7.168127 0.674566
v -0.500000 -7.119711 0.557679
v -0.500000 -7.042693 0.457307
v -0.500000 -6.942321 0.380289
v -0.500000 -6.825434 0.331873
v -0.500000 -6.700000 0.315359
v -0.500000 -3.800000 0.315359
v -0.500000 -3.674566 0.331873
v -0.500000 -3.557679 0.380289
v -0.500000 -3.457307 0.457307
v -0.500000 -3.380289 0.557679
v -0.500000 -3.331873 0.674566
v -0.500000 -3.315359 0.800000
v -0.500000 -3.331873 0.925434
v -0.500000 -3.380289 1.042321
v -0.500000 -3.457307 1.142693
v -0.500000 -3.557679 1.219711
v -0.500000 -3.674566 1.268127
v -0.500000 -3.800000 1.284641
v -0.480000 -1.450000 1.250000
v 0.165359 -1.450000 1.250000
v 0.165359 -1.566469 1.234667
v 0.165359 -1.675000 1.189711
v 0.165359 -1.768198 1.118198
v 0.165359 -1.839711 1.025000
v 0.165359 -1.884667 0.916469
v 0.165359 -1.900000 0.800000
v 0.165359 -1.884667 0.683531
v 0.165359 -1.839711 0.575000
v 0.165359 -1.768198 0.481802
v 0.165359 -1.675000 0.410289
v 0.165359 -1.566469 0.365333
v 0.165359 -1.450000 0.350000
v -0.480000 -1.450000 0.350000
v -0.480000 -1.566469 0.365333
v -0.480000 -1.675000 0.410289
v -0.480000 -1.768198 0.481802
v -0.480000 -1.839711 0.575000
v -0.480000 -1.884667 0.683531
v -0.480000 -1.900000 0.800000
v -0.480000 -1.884667 0.916469
v -0.480000 -1.839711 1.025000
v -0.480000 -1.768198 1.118198
v -0.480000 -1.675000 1.189711
v -0.480000 -1.566469 1.234667
v -0.480000 1.450000 1.250000
v 0.165359 1.450000 1.250000
v -0.480000 1.450000 0.350000
v 0.165359 1.450000 0.350000
v 0.165359 1.566469 0.365333
v 0.165359 1.675000 0.410289
v 0.165359 1.768198 0.481802
v 0.165359 1.839711 0.575000
v 0.165359 1.884667 0.683531
v 0.165359 1.900000 0.800000
v 0.165359 1.884667 0.916469
v 0.165359 1.839711 1.025000
v 0.165359 1.768198 1.118198
v 0.165359 1.675000 1.189711
v 0.165359 1.566469 1.234667
v -0.480000 1.566469 1.234667
v -0.480000 1.675000 1.189711
v -0.480000 1.768198 1.118198
v -0.480000 1.839711 1.025000
v -0.480000 1.884667 0.916469
v -0.480000 1.900000 0.800000
v -0.480000 1.884667 0.683531
v -0.480000 1.839711 0.575000
v -0.480000 1.768198 0.481802
v -0.480000 1.675000 0.410289
v -0.480000 1.566469 0.365333
v -0.480000 6.700000 0.350000
v 0.165359 6.700000 0.350000
v 0.165359 6.816469 0.365333
v 0.165359 6.925000 0.410289
v 0.165359 7.018198 0.481802
v 0.165359 7.089711 0.575000
v 0.165359 7.134667 0.683531
v 0.165359 7.150000 0.800000
v 0.165359 7.134667 0.916469
v 0.165359 7.089711 1.025000
v 0.165359 7.018198 1.118198
v 0.165359 6.925000 1.189711
v 0.165359 6.816469 1.234667
v 0.165359 6.700000 1.250000
v -0.480000 6.700000 1.250000
v -0.480000 6.816469 1.234667
v -0.480000 6.925000 1.189711
v -0.480000 7.018198 1.118198
v -0.480000 7.089711 1.025000
v -0.480000 7.134667 0.916469
v -0.480000 7.150000 0.800000
v -0.480000 7.134667 0.683531
v -0.480000 7.089711 0.575000
v -0.480000 7.018198 0.481802
v -0.480000 6.925000 0.410289
v -0.480000 6.816469 0.365333
v -0.480000 3.800000 0.350000
v 0.165359 3.800000 0.350000
v -0.480000 3.800000 1.250000
v 0.165359 3.800000 1.250000
v 0.165359 3.683531 1.234667
v 0.165359 3.575000 1.189711
v 0.165359 3.481802 1.118198
v 0.165359 3.410289 1.025000
v 0.165359 3.365333 0.916469
v 0.165359 3.350000 0.800000
v 0.165359 3.365333 0.683531
v 0.165359 3.410289 0.575000
v 0.165359 3.481802 0.481802
v 0.165359 3.575000 0.410289
v 0.165359 3.683531 0.365333
v -0.480000 3.683531 0.365333
v -0.480000 3.575000 0.410289
v -0.480000 3.481802 0.481802
v -0.480000 3.410289 0.575000
v -0.480000 3.365333 0.683531
v -0.480000 3.350000 0.800000
v -0.480000 3.365333 0.916469
v -0.480000 3.410289 1.025000
v -0.480000 3.481802 1.118198
v -0.480000 3.575000 1.189711
v -0.480000 3.683531 1.234667
v -0.480000 -6.700000 1.250000
v 0.165359 -6.700000 1.250000
v 0.165359 -6.816469 1.234667
v 0.165359 -6.925000 1.189711
v 0.165359 -7.018198 1.118198
v 0.165359 -7.089711 1.025000
v 0.165359 -7.134667 0.916469
v 0.165359 -7.150000 0.800000
v 0.165359 -7.134667 0.683531
v 0.165359 -7.089711 0.575000
v 0.165359 -7.018198 0.481802
v 0.165359 -6.925000 0.410289
v 0.165359 -6.816469 0.365333
v 0.165359 -6.700000 0.350000
v -0.480000 -6.700000 0.350000
v -0.480000 -6.816469 0.365333
v -0.480000 -6.925000 0.410289
v -0.480000 -7.018198 0.481802
v -0.480000 -7.089711 0.575000
v -0.480000 -7.134667 0.683531
v -0.480000 -7.150000 0.800000
v -0.480000 -7.134667 0.916469
v -0.480000 -7.089711 1.025000
v -0.480000 -7.018198 1.118198
v -0.480000 -6.925000 1.189711
v -0.480000 -6.816469 1.234667
v -0.480000 -3.800000 1.250000
v 0.165359 -3.800000 1.250000
v -0.480000 -3.800000 0.350000
v 0.165359 -3.800000 0.350000
v 0.165359 -3.683531 0.365333
v 0.165359 -3.575000 0.410289
v 0.165359 -3.481802 0.481802
v 0.165359 -3.410289 0.575000
v 0.165359 -3.365333 0.683531
v 0.165359 -3.350000 0.800000
v 0.165359 -3.365333 0.916469
v 0.165359 -3.410289 1.025000
v 0.165359 -3.481802 1.118198
v 0.165359 -3.575000 1.189711
v 0.165359 -3.683531 1.234667
v -0.480000 -3.683531 1.234667
v -0.480000 -3.575000 1.189711
v -0.480000 -3.481802 1.118198
v -0.480000 -3.410289 1.025000
v -0.480000 -3.365333 0.916469
v -0.480000 -3.350000 0.800000
v -0.480000 -3.365333 0.683531
v -0.480000 -3.410289 0.575000
v -0.480000 -3.481802 0.481802
v -0.480000 -3.575000 0.410289
v -0.480000 -3.683531 0.365333
v 0.198296 8.472222 2.612941
v 0.198296 8.194444 2.612941
v 0.198296 7.916667 2.612941
v 0.198296 7.638889 2.612941
v 0.198296 7.361111 2.612941
v 0.198296 7.083333 2.612941
v 0.198296 6.805556 2.612941
v 0.198296 6.527778 2.612941
v 0.198296 6.250000 2.612941
v 0.198296 5.972222 2.612941
v 0.198296 5.694444 2.612941
v 0.198296 5.416667 2.612941
v 0.198296 5.138889 2.612941
v 0.198296 4.861111 2.612941
v 0.198296 4.583333 2.612941
v 0.198296 4.305556 2.612941
v 0.198296 4.027778 2.612941
v 0.198296 3.750000 2.612941
v 0.198296 3.472222 2.612941
v 0.198296 3.194444 2.612941
v 0.198296 2.916667 2.612941
v 0.198296 2.638889 2.612941
v 0.198296 2.361111 2.612941
v 0.198296 2.083333 2.612941
v 0.198296 1.805556 2.612941
v 0.198296 1.527778 2.612941
v 0.198296 1.250000 2.612941
v 0.198296 0.972222 2.612941
v 0.198296 0.694444 2.612941
v 0.198296 0.416667 2.612941
v 0.198296 0.138889 2.612941
v 0.198296 -0.138889 2.612941
v 0.198296 -0.416667 2.612941
v 0.198296 -0.694444 2.612941
v 0.198296 -0.972222 2.612941
v 0.198296 -1.250000 2.612941
v 0.198296 -1.527778 2.612941
v 0.198296 -1.805556 2.612941
v 0.198296 -2.083333 2.612941
v 0.198296 -2.361111 2.612941
v 0.198296 -2.638889 2.612941
v 0.198296 -2.916667 2.612941
v 0.198296 -3.194444 2.612941
v 0.198296 -3.472222 2.612941
v 0.198296 -3.750000 2.612941
v 0.198296 -4.027778 2.612941
v 0.198296 -4.305556 2.612941
v 0.198296 -4.583333 2.612941
v 0.198296 -4.861111 2.612941
v 0.198296 -5.138889 2.612941
v 0.198296 -5.416667 2.612941
v 0.198296 -5.694444 2.612941
v 0.198296 -5.972222 2.612941
v 0.198296 -6.250000 2.612941
v 0.198296 -6.527778 2.612941
v 0.198296 -6.805556 2.612941
v 0.198296 -7.083333 2.612941
v 0.198296 -7.361111 2.612941
v 0.198296 -7.638889 2.612941
v 0.198296 -7.916667 2.612941
v 0.198296 -8.194444 2.612941
v 0.198296 -8.472222 2.612941
v 0.193301 8.472222 2.625000
v 0.193301 8.194444 2.625000
v 0.193301 7.916667 2.625000
v 0.193301 7.638889 2.625000
v 0.193301 7.361111 2.625000
v 0.193301 7.083333 2.625000
v 0.193301 6.805556 2.625000
v 0.193301 6.527778 2.625000
v 0.193301 6.250000 2.625000
v 0.193301 5.972222 2.625000
v 0.193301 5.694444 2.625000
v 0.193301 5.416667 2.625000
v 0.193301 5.138889 2.625000
v 0.193301 4.861111 2.625000
v 0.193301 4.583333 2.625000
v 0.193301 4.305556 2.625000
v 0.193301 4.027778 2.625000
v 0.193301 3.750000 2.625000
v 0.193301 3.472222 2.625000
v 0.193301 3.194444 2.625000
v 0.193301 2.916667 2.625000
v 0.193301 2.638889 2.625000
v 0.193301 2.361111 2.625000
v 0.193301 2.083333 2.625000
v 0.193301 1.805556 2.625000
v 0.193301 1.527778 2.625000
v 0.193301 1.250000 2.625000
v 0.193301 0.972222 2.625000
v 0.193301 0.694444 2.625000
v 0.193301 0.416667 2.625000
v 0.193301 0.138889 2.625000
v 0.193301 -0.138889 2.625000
v 0.193301 -0.416667 2.625000
v 0.193301 -0.694444 2.625000
v 0.193301 -0.972222 2.625000
v 0.193301 -1.250000 2.625000
v 0.193301 -1.527778 2.625000
v 0.193301 -1.805556 2.625000
v 0.193301 -2.083333 2.625000
v 0.193301 -2.361111 2.625000
v 0.193301 -2.638889 2.625000
v 0.193301 -2.916667 2.625000
v 0.193301 -3.194444 2.625000
v 0.193301 -3.472222 2.625000
v 0.193301 -3.750000 2.625000
v 0.193301 -4.027778 2.625000
v 0.193301 -4.305556 2.625000
v 0.193301 -4.583333 2.625000
v 0.193301 -4.861111 2.625000
v 0.193301 -5.138889 2.625000
v 0.193301 -5.416667 2.625000
v 0.193301 -5.694444 2.625000
v 0.193301 -5.972222 2.625000
v 0.193301 -6.250000 2.625000
v 0.193301 -6.527778 2.625000
v 0.193301 -6.805556 2.625000
v 0.193301 -7.083333 2.625000
v 0.193301 -7.361111 2.625000
v 0.193301 -7.638889 2.625000
v 0.193301 -7.916667 2.625000
v 0.193301 -8.194444 2.625000
v 0.193301 -8.472222 2.625000
v 0.185355 8.472222 2.635355
v 0.185355 8.194444 2.635355
v 0.185355 7.916667 2.635355
v 0.185355 7.638889 2.635355
v 0.185355 7.361111 2.635355
v 0.185355 7.083333 2.635355
v 0.185355 6.805556 2.635355
v 0.185355 6.527778 2.635355
v 0.185355 6.250000 2.635355
v 0.185355 5.972222 2.635355
v 0.185355 5.694444 2.635355
v 0.185355 5.416667 2.635355
v 0.185355 5.138889 2.635355
v 0.185355 4.861111 2.635355
v 0.185355 4.583333 2.635355
v 0.185355 4.305556 2.635355
v 0.185355 4.027778 2.635355
v 0.185355 3.750000 2.635355
v 0.185355 3.472222 2.635355
v 0.185355 3.194444 2.635355
v 0.185355 2.916667 2.635355
v 0.185355 2.638889 2.635355
v 0.185355 2.361111 2.635355
v 0.185355 2.083333 2.635355
v 0.185355 1.805556 2.635355
v 0.185355 1.527778 2.635355
v 0.185355 1.250000 2.635355
v 0.185355 0.972222 2.635355
v 0.185355 0.694444 2.635355
v 0.185355 0.416667 2.635355
v 0.185355 0.138889 2.635355
v 0.185355 -0.138889 2.635355
v 0.185355 -0.416667 2.635355
v 0.185355 -0.694444 2.635355
v 0.185355 -0.972222 2.635355
v 0.185355 -1.250000 2.635355
v 0.185355 -1.527778 2.635355
v 0.185355 -1.805556 2.635355
v 0.185355 -2.083333 2.635355
v 0.185355 -2.361111 2.635355
v 0.185355 -2.638889 2.635355
v 0.185355 -2.916667 2.635355
v 0.185355 -3.194444 2.635355
v 0.185355 -3.472222 2.635355
v 0.185355 -3.750000 2.635355
v 0.185355 -4.027778 2.635355
v 0.185355 -4.305556 2.635355
v 0.185355 -4.583333 2.635355
v 0.185355 -4.861111 2.635355
v 0.185355 -5.138889 2.635355
v 0.185355 -5.416667 2.635355
v 0.185355 -5.694444 2.635355
v 0.185355 -5.972222 2.635355
v 0.185355 -6.250000 2.635355
v 0.185355 -6.527778 2.635355
v 0.185355 -6.805556 2.635355
v 0.185355 -7.083333 2.635355
v 0.185355 -7.361111 2.635355
v 0.185355 -7.638889 2.635355
v 0.185355 -7.916667 2.635355
v 0.185355 -8.194444 2.635355
v 0.185355 -8.472222 2.635355
v 0.175000 8.472222 2.643301
v 0.175000 8.194444 2.643301
v 0.175000 7.916667 2.643301
v 0.175000 7.638889 2.643301
v 0.175000 7.361111 2.643301
v 0.175000 7.083333 2.643301
v 0.175000 6.805556 2.643301
v 0.175000 6.527778 2.643301
v 0.175000 6.250000 2.643301
v 0.175000 5.972222 2.643301
v 0.175000 5.694444 2.643301
v 0.175000 5.416667 2.643301
v 0.175000 5.138889 2.643301
v 0.175000 4.861111 2.643301
v 0.175000 4.583333 2.643301
v 0.175000 4.305556 2.643301
v 0.175000 4.027778 2.643301
v 0.175000 3.750000 2.643301
v 0.175000 3.472222 2.643301
v 0.175000 3.194444 2.643301
v 0.175000 2.916667 2.643301
v 0.175000 2.638889 2.643301
v 0.175000 2.361111 2.643301
v 0.175000 2.083333 2.643301
v 0.175000 1.805556 2.643301
v 0.175000 1.527778 2.643301
v 0.175000 1.250000 2.643301
v 0.175000 0.972222 2.643301
v 0.175000 0.694444 2.643301
v 0.175000 0.416667 2.643301
v 0.175000 0.138889 2.643301
v 0.175000 -0.138889 2.643301
v 0.175000 -0.416667 2.643301
v 0.175000 -0.694444 2.643301
v 0.175000 -0.972222 2.643301
v 0.175000 -1.250000 2.643301
v 0.175000 -1.527778 2.643301
v 0.175000 -1.805556 2.643301
v 0.175000 -2.083333 2.643301
v 0.175000 -2.361111 2.643301
v 0.175000 -2.638889 2.643301
v 0.175000 -2.916667 2.643301
v 0.175000 -3.194444 2.643301
v 0.175000 -3.472222 2.643301
v 0.175000 -3.750000 2.643301
v 0.175000 -4.027778 2.643301
v 0.175000 -4.305556 2.643301
v 0.175000 -4.583333 2.643301
v 0.175000 -4.861111 2.643301
v 0.175000 -5.138889 2.643301
v 0.175000 -5.416667 2.643301
v 0.175000 -5.694444 2.643301
v 0.175000 -5.972222 2.643301
v 0.175000 -6.250000 2.643301
v 0.175000 -6.527778 2.643301
v 0.175000 -6.805556 2.643301
v 0.175000 -7.083333 2.643301
v 0.175000 -7.361111 2.643301
v 0.175000 -7.638889 2.643301
v 0.175000 -7.916667 2.643301
v 0.175000 -8.194444 2.643301
v 0.175000 -8.472222 2.643301
v 0.162941 8.472222 2.648296
v 0.162941 8.194444 2.648296
v 0.162941 7.916667 2.648296
v 0.162941 7.638889 2.648296
v 0.162941 7.361111 2.648296
v 0.162941 7.083333 2.648296
v 0.162941 6.805556 2.648296
v 0.162941 6.527778 2.648296
v 0.162941 6.250000 2.648296
v 0.162941 5.972222 2.648296
v 0.162941 5.694444 2.648296
v 0.162941 5.416667 2.648296
v 0.162941 5.138889 2.648296
v 0.162941 4.861111 2.648296
v 0.162941 4.583333 2.648296
v 0.162941 4.305556 2.648296
v 0.162941 4.027778 2.648296
v 0.162941 3.750000 2.648296
v 0.162941 3.472222 2.648296
v 0.162941 3.194444 2.648296
v 0.162941 2.916667 2.648296
v 0.162941 2.638889 2.648296
v 0.162941 2.361111 2.648296
v 0.162941 2.083333 2.648296
v 0.162941 1.805556 2.648296
v 0.162941 1.527778 2.648296
v 0.162941 1.250000 2.648296
v 0.162941 0.972222 2.648296
v 0.162941 0.694444 2.648296
v 0.162941 0.416667 2.648296
v 0.162941 0.138889 2.648296
v 0.162941 -0.138889 2.648296
v 0.162941 -0.416667 2.648296
v 0.162941 -0.694444 2.648296
v 0.162941 -0.972222 2.648296
v 0.162941 -1.250000 2.648296
v 0.162941 -1.527778 2.648296
v 0.162941 -1.805556 2.648296
v 0.162941 -2.083333 2.648296
v 0.162941 -2.361111 2.648296
v 0.162941 -2.638889 2.648296
v 0.162941 -2.916667 2.648296
v 0.162941 -3.194444 2.648296
v 0.162941 -3.472222 2.648296
v 0.162941 -3.750000 2.648296
v 0.162941 -4.027778 2.648296
v 0.162941 -4.305556 2.648296
v 0.162941 -4.583333 2.648296
v 0.162941 -4.861111 2.648296
v 0.162941 -5.138889 2.648296
v 0.162941 -5.416667 2.648296
v 0.162941 -5.694444 2.648296
v 0.162941 -5.972222 2.648296
v 0.162941 -6.250000 2.648296
v 0.162941 -6.527778 2.648296
v 0.162941 -6.805556 2.648296
v 0.162941 -7.083333 2.648296
v 0.162941 -7.361111 2.648296
v 0.162941 -7.638889 2.648296
v 0.162941 -7.916667 2.648296
v 0.162941 -8.194444 2.648296
v 0.162941 -8.472222 2.648296
v 0.198296 -8.472222 -0.312941
v 0.198296 -8.194444 -0.312941
v 0.198296 -7.916667 -0.312941
v 0.198296 -7.638889 -0.312941
v 0.198296 -7.361111 -0.312941
v 0.198296 -7.083333 -0.312941
v 0.198296 -6.805556 -0.312941
v 0.198296 -6.527778 -0.312941
v 0.198296 -6.250000 -0.312941
v 0.198296 -5.972222 -0.312941
v 0.198296 -5.694444 -0.312941
v 0.198296 -5.416667 -0.312941
v 0.198296 -5.138889 -0.312941
v 0.198296 -4.861111 -0.312941
v 0.198296 -4.583333 -0.312941
v 0.198296 -4.305556 -0.312941
v 0.198296 -4.027778 -0.312941
v 0.198296 -3.750000 -0.312941
v 0.198296 -3.472222 -0.312941
v 0.198296 -3.194444 -0.312941
v 0.198296 -2.916667 -0.312941
v 0.198296 -2.638889 -0.312941
v 0.198296 -2.361111 -0.312941
v 0.198296 -2.083333 -0.312941
v 0.198296 -1.805556 -0.312941
v 0.198296 -1.527778 -0.312941
v 0.198296 -1.250000 -0.312941
v 0.198296 -0.972222 -0.312941
v 0.198296 -0.694444 -0.312941
v 0.198296 -0.416667 -0.312941
v 0.198296 -0.138889 -0.312941
v 0.198296 0.138889 -0.312941
v 0.198296 0.416667 -0.312941
v 0.198296 0.694444 -0.312941
v 0.198296 0.972222 -0.312941
v 0.198296 1.250000 -0.312941
v 0.198296 1.527778 -0.312941
v 0.198296 1.805556 -0.312941
v 0.198296 2.083333 -0.312941
v 0.198296 2.361111 -0.312941
v 0.198296 2.638889 -0.312941
v 0.198296 2.916667 -0.312941
v 0.198296 3.194444 -0.312941
v 0.198296 3.472222 -0.312941
v 0.198296 3.750000 -0.312941
v 0.198296 4.027778 -0.312941
v 0.198296 4.305556 -0.312941
v 0.198296 4.583333 -0.312941
v 0.198296 4.861111 -0.312941
v 0.198296 5.138889 -0.312941
v 0.198296 5.416667 -0.312941
v 0.198296 5.694444 -0.312941
v 0.198296 5.972222 -0.312941
v 0.198296 6.250000 -0.312941
v 0.198296 6.527778 -0.312941
v 0.198296 6.805556 -0.312941
v 0.198296 7.083333 -0.312941
v 0.198296 7.361111 -0.312941
v 0.198296 7.638889 -0.312941
v 0.198296 7.916667 -0.312941
v 0.198296 8.194444 -0.312941
v 0.198296 8.472222 -0.312941
v 0.193301 -8.472222 -0.325000
v 0.193301 -8.194444 -0.325000
v 0.193301 -7.916667 -0.325000
v 0.193301 -7.638889 -0.325000
v 0.193301 -7.361111 -0.325000
v 0.193301 -7.083333 -0.325000
v 0.193301 -6.805556 -0.325000
v 0.193301 -6.527778 -0.325000
v 0.193301 -6.250000 -0.325000
v 0.193301 -5.972222 -0.325000
v 0.193301 -5.694444 -0.325000
v 0.193301 -5.416667 -0.325000
v 0.193301 -5.138889 -0.325000
v 0.193301 -4.861111 -0.325000
v 0.193301 -4.583333 -0.325000
v 0.193301 -4.305556 -0.325000
v 0.193301 -4.027778 -0.325000
v 0.193301 -3.750000 -0.325000
v 0.193301 -3.472222 -0.325000
v 0.193301 -3.194444 -0.325000
v 0.193301 -2.916667 -0.325000
v 0.193301 -2.638889 -0.325000
v 0.193301 -2.361111 -0.325000
v 0.193301 -2.083333 -0.325000
v 0.193301 -1.805556 -0.325000
v 0.193301 -1.527778 -0.325000
v 0.193301 -1.250000 -0.325000
v 0.193301 -0.972222 -0.325000
v 0.193301 -0.694444 -0.325000
v 0.193301 -0.416667 -0.325000
v 0.193301 -0.138889 -0.325000
v 0.193301 0.138889 -0.325000
v 0.193301 0.416667 -0.325000
v 0.193301 0.694444 -0.325000
v 0.193301 0.972222 -0.325000
v 0.193301 1.250000 -0.325000
v 0.193301 1.527778 -0.325000
v 0.193301 1.805556 -0.325000
v 0.193301 2.083333 -0.325000
v 0.193301 2.361111 -0.325000
v 0.193301 2.638889 -0.325000
v 0.193301 2.916667 -0.325000
v 0.193301 3.194444 -0.325000
v 0.193301 3.472222 -0.325000
v 0.193301 3.750000 -0.325000
v 0.193301 4.027778 -0.325000
v 0.193301 4.305556 -0.325000
v 0.193301 4.583333 -0.325000
v 0.193301 4.861111 -0.325000
v 0.193301 5.138889 -0.325000
v 0.193301 5.416667 -0.325000
v 0.193301 5.694444 -0.325000
v 0.193301 5.972222 -0.325000
v 0.193301 6.250000 -0.325000
v 0.193301 6.527778 -0.325000
v 0.193301 6.805556 -0.325000
v 0.193301 7.083333 -0.325000
v 0.193301 7.361111 -0.325000
v 0.193301 7.638889 -0.325000
v 0.193301 7.916667 -0.325000
v 0.193301 8.194444 -0.325000
v 0.193301 8.472222 -0.325000
v 0.185355 -8.472222 -0.335355
v 0.185355 -8.194444 -0.335355
v 0.185355 -7.916667 -0.335355
v 0.185355 -7.638889 -0.335355
v 0.185355 -7.361111 -0.335355
v 0.185355 -7.083333 -0.335355
v 0.185355 -6.805556 -0.335355
v 0.185355 -6.527778 -0.335355
v 0.185355 -6.250000 -0.335355
v 0.185355 -5.972222 -0.335355
v 0.185355 -5.694444 -0.335355
v 0.185355 -5.416667 -0.335355
v 0.185355 -5.138889 -0.335355
v 0.185355 -4.861111 -0.335355
v 0.185355 -4.583333 -0.335355
v 0.185355 -4.305556 -0.335355
v 0.185355 -4.027778 -0.335355
v 0.185355 -3.750000 -0.335355
v 0.185355 -3.472222 -0.335355
v 0.185355 -3.194444 -0.335355
v 0.185355 -2.916667 -0.335355
v 0.185355 -2.638889 -0.335355
v 0.185355 -2.361111 -0.335355
v 0.185355 -2.083333 -0.335355
v 0.185355 -1.805556 -0.335355
v 0.185355 -1.527778 -0.335355
v 0.185355 -1.250000 -0.335355
v 0.185355 -0.972222 -0.335355
v 0.185355 -0.694444 -0.335355
v 0.185355 -0.416667 -0.335355
v 0.185355 -0.138889 -0.335355
v 0.185355 0.138889 -0.335355
v 0.185355 0.416667 -0.335355
v 0.185355 0.694444 -0.335355
v 0.185355 0.972222 -0.335355
v 0.185355 1.250000 -0.335355
v 0.185355 1.527778 -0.335355
v 0.185355 1.805556 -0.335355
v 0.185355 2.083333 -0.335355
v 0.185355 2.361111 -0.335355
v 0.185355 2.638889 -0.335355
v 0.185355 2.916667 -0.335355
v 0.185355 3.194444 -0.335355
v 0.185355 3.472222 -0.335355
v 0.185355 3.750000 -0.335355
v 0.185355 4.027778 -0.335355
v 0.185355 4.305556 -0.335355
v 0.185355 4.583333 -0.335355
v 0.185355 4.861111 -0.335355
v 0.185355 5.138889 -0.335355
v 0.185355 5.416667 -0.335355
v 0.185355 5.694444 -0.335355
v 0.185355 5.972222 -0.335355
v 0.185355 6.250000 -0.335355
v 0.185355 6.527778 -0.335355
v 0.185355 6.805556 -0.335355
v 0.185355 7.083333 -0.335355
v 0.185355 7.361111 -0.335355
v 0.185355 7.638889 -0.335355
v 0.185355 7.916667 -0.335355
v 0.185355 8.194444 -0.335355
v 0.185355 8.472222 -0.335355
v 0.175000 -8.472222 -0.343301
v 0.175000 -8.194444 -0.343301
v 0.175000 -7.916667 -0.343301
v 0.175000 -7.638889 -0.343301
v 0.175000 -7.361111 -0.343301
v 0.175000 -7.083333 -0.343301
v 0.175000 -6.805556 -0.343301
v 0.175000 -6.527778 -0.343301
v 0.175000 -6.250000 -0.343301
v 0.175000 -5.972222 -0.343301
v 0.175000 -5.694444 -0.343301
v 0.175000 -5.416667 -0.343301
v 0.175000 -5.138889 -0.343301
v 0.175000 -4.861111 -0.343301
v 0.175000 -4.583333 -0.343301
v 0.175000 -4.305556 -0.343301
v 0.175000 -4.027778 -0.343301
v 0.175000 -3.750000 -0.343301
v 0.175000 -3.472222 -0.343301
v 0.175000 -3.194444 -0.343301
v 0.175000 -2.916667 -0.343301
v 0.175000 -2.638889 -0.343301
v 0.175000 -2.361111 -0.343301
v 0.175000 -2.083333 -0.343301
v 0.175000 -1.805556 -0.343301
v 0.175000 -1.527778 -0.343301
v 0.175000 -1.250000 -0.343301
v 0.175000 -0.972222 -0.343301
v 0.175000 -0.694444 -0.343301
v 0.175000 -0.416667 -0.343301
v 0.175000 -0.138889 -0.343301
v 0.175000 0.138889 -0.343301
v 0.175000 0.416667 -0.343301
v 0.175000 0.694444 -0.343301
v 0.175000 0.972222 -0.343301
v 0.175000 1.250000 -0.343301
v 0.175000 1.527778 -0.343301
v 0.175000 1.805556 -0.343301
v 0.175000 2.083333 -0.343301
v 0.175000 2.361111 -0.343301
v 0.175000 2.638889 -0.343301
v 0.175000 2.916667 -0.343301
v 0.175000 3.194444 -0.343301
v 0.175000 3.472222 -0.343301
v 0.175000 3.750000 -0.343301
v 0.175000 4.027778 -0.343301
v 0.175000 4.305556 -0.343301
v 0.175000 4.583333 -0.343301
v 0.175000 4.861111 -0.343301
v 0.175000 5.138889 -0.343301
v 0.175000 5.416667 -0.343301
v 0.175000 5.694444 -0.343301
v 0.175000 5.972222 -0.343301
v 0.175000 6.250000 -0.343301
v 0.175000 6.527778 -0.343301
v 0.175000 6.805556 -0.343301
v 0.175000 7.083333 -0.343301
v 0.175000 7.361111 -0.343301
v 0.175000 7.638889 -0.343301
v 0.175000 7.916667 -0.343301
v 0.175000 8.194444 -0.343301
v 0.175000 8.472222 -0.343301
v 0.162941 -8.472222 -0.348296
v 0.162941 -8.194444 -0.348296
v 0.162941 -7.916667 -0.348296
v 0.162941 -7.638889 -0.348296
v 0.162941 -7.361111 -0.348296
v 0.162941 -7.083333 -0.348296
v 0.162941 -6.805556 -0.348296
v 0.162941 -6.527778 -0.348296
v 0.162941 -6.250000 -0.348296
v 0.162941 -5.972222 -0.348296
v 0.162941 -5.694444 -0.348296
v 0.162941 -5.416667 -0.348296
v 0.162941 -5.138889 -0.348296
v 0.162941 -4.861111 -0.348296
v 0.162941 -4.583333 -0.348296
v 0.162941 -4.305556 -0.348296
v 0.162941 -4.027778 -0.348296
v 0.162941 -3.750000 -0.348296
v 0.162941 -3.472222 -0.348296
v 0.162941 -3.194444 -0.348296
v 0.162941 -2.916667 -0.348296
v 0.162941 -2.638889 -0.348296
v 0.162941 -2.361111 -0.348296
v 0.162941 -2.083333 -0.348296
v 0.162941 -1.805556 -0.348296
v 0.162941 -1.527778 -0.348296
v 0.162941 -1.250000 -0.348296
v 0.162941 -0.972222 -0.348296
v 0.162941 -0.694444 -0.348296
v 0.162941 -0.416667 -0.348296
v 0.162941 -0.138889 -0.348296
v 0.162941 0.138889 -0.348296
v 0.162941 0.416667 -0.348296
v 0.162941 0.694444 -0.348296
v 0.162941 0.972222 -0.348296
v 0.162941 1.250000 -0.348296
v 0.162941 1.527778 -0.348296
v 0.162941 1.805556 -0.348296
v 0.162941 2.083333 -0.348296
v 0.162941 2.361111 -0.348296
v 0.162941 2.638889 -0.348296
v 0.162941 2.916667 -0.348296
v 0.162941 3.194444 -0.348296
v 0.162941 3.472222 -0.348296
v 0.162941 3.750000 -0.348296
v 0.162941 4.027778 -0.348296
v 0.162941 4.305556 -0.348296
v 0.162941 4.583333 -0.348296
v 0.162941 4.861111 -0.348296
v 0.162941 5.138889 -0.348296
v 0.162941 5.416667 -0.348296
v 0.162941 5.694444 -0.348296
v 0.162941 5.972222 -0.348296
v 0.162941 6.250000 -0.348296
v 0.162941 6.527778 -0.348296
v 0.162941 6.805556 -0.348296
v 0.162941 7.083333 -0.348296
v 0.162941 7.361111 -0.348296
v 0.162941 7.638889 -0.348296
v 0.162941 7.916667 -0.348296
v 0.162941 8.194444 -0.348296
v 0.162941 8.472222 -0.348296
v -0.462941 -8.472222 -0.348296
v -0.462941 -8.194444 -0.348296
v -0.462941 -7.916667 -0.348296
v -0.462941 -7.638889 -0.348296
v -0.462941 -7.361111 -0.348296
v -0.462941 -7.083333 -0.348296
v -0.462941 -6.805556 -0.348296
v -0.462941 -6.527778 -0.348296
v -0.462941 -6.250000 -0.348296
v -0.462941 -5.972222 -0.348296
v -0.462941 -5.694444 -0.348296
v -0.462941 -5.416667 -0.348296
v -0.462941 -5.138889 -0.348296
v -0.462941 -4.861111 -0.348296
v -0.462941 -4.583333 -0.348296
v -0.462941 -4.305556 -0.348296
v -0.462941 -4.027778 -0.348296
v -0.462941 -3.750000 -0.348296
v -0.462941 -3.472222 -0.348296
v -0.462941 -3.194444 -0.348296
v -0.462941 -2.916667 -0.348296
v -0.462941 -2.638889 -0.348296
v -0.462941 -2.361111 -0.348296
v -0.462941 -2.083333 -0.348296
v -0.462941 -1.805556 -0.348296
v -0.462941 -1.527778 -0.348296
v -0.462941 -1.250000 -0.348296
v -0.462941 -0.972222 -0.348296
v -0.462941 -0.694444 -0.348296
v -0.462941 -0.416667 -0.348296
v -0.462941 -0.138889 -0.348296
v -0.462941 0.138889 -0.348296
v -0.462941 0.416667 -0.348296
v -0.462941 0.694444 -0.348296
v -0.462941 0.972222 -0.348296
v -0.462941 1.250000 -0.348296
v -0.462941 1.527778 -0.348296
v -0.462941 1.805556 -0.348296
v -0.462941 2.083333 -0.348296
v -0.462941 2.361111 -0.348296
v -0.462941 2.638889 -0.348296
v -0.462941 2.916667 -0.348296
v -0.462941 3.194444 -0.348296
v -0.462941 3.472222 -0.348296
v -0.462941 3.750000 -0.348296
v -0.462941 4.027778 -0.348296
v -0.462941 4.305556 -0.348296
v -0.462941 4.583333 -0.348296
v -0.462941 4.861111 -0.348296
v -0.462941 5.138889 -0.348296
v -0.462941 5.416667 -0.348296
v -0.462941 5.694444 -0.348296
v -0.462941 5.972222 -0.348296
v -0.462941 6.250000 -0.348296
v -0.462941 6.527778 -0.348296
v -0.462941 6.805556 -0.348296
v -0.462941 7.083333 -0.348296
v -0.462941 7.361111 -0.348296
v -0.462941 7.638889 -0.348296
v -0.462941 7.916667 -0.348296
v -0.462941 8.194444 -0.348296
v -0.462941 8.472222 -0.348296
v -0.475000 -8.472222 -0.343301
v -0.475000 -8.194444 -0.343301
v -0.475000 -7.916667 -0.343301
v -0.475000 -7.638889 -0.343301
v -0.475000 -7.361111 -0.343301
v -0.475000 -7.083333 -0.343301
v -0.475000 -6.805556 -0.343301
v -0.475000 -6.527778 -0.343301
v -0.475000 -6.250000 -0.343301
v -0.475000 -5.972222 -0.343301
v -0.475000 -5.694444 -0.343301
v -0.475000 -5.416667 -0.343301
v -0.475000 -5.138889 -0.343301
v -0.475000 -4.861111 -0.343301
v -0.475000 -4.583333 -0.343301
v -0.475000 -4.305556 -0.343301
v -0.475000 -4.027778 -0.343301
v -0.475000 -3.750000 -0.343301
v -0.475000 -3.472222 -0.343301
v -0.475000 -3.194444 -0.343301
v -0.475000 -2.916667 -0.343301
v -0.475000 -2.638889 -0.343301
v -0.475000 -2.361111 -0.343301
v -0.475000 -2.083333 -0.343301
v -0.475000 -1.805556 -0.343301
v -0.475000 -1.527778 -0.343301
v -0.475000 -1.250000 -0.343301
v -0.475000 -0.972222 -0.343301
v -0.475000 -0.694444 -0.343301
v -0.475000 -0.416667 -0.343301
v -0.475000 -0.138889 -0.343301
v -0.475000 0.138889 -0.343301
v -0.475000 0.416667 -0.343301
v -0.475000 0.694444 -0.343301
v -0.475000 0.972222 -0.343301
v -0.475000 1.250000 -0.343301
v -0.475000 1.527778 -0.343301
v -0.475000 1.805556 -0.343301
v -0.475000 2.083333 -0.343301
v -0.475000 2.361111 -0.343301
v -0.475000 2.638889 -0.343301
v -0.475000 2.916667 -0.343301
v -0.475000 3.194444 -0.343301
v -0.475000 3.472222 -0.343301
v -0.475000 3.750000 -0.343301
v -0.475000 4.027778 -0.343301
v -0.475000 4.305556 -0.343301
v -0.475000 4.583333 -0.343301
v -0.475000 4.861111 -0.343301
v -0.475000 5.138889 -0.343301
v -0.475000 5.416667 -0.343301
v -0.475000 5.694444 -0.343301
v -0.475000 5.972222 -0.343301
v -0.475000 6.250000 -0.343301
v -0.475000 6.527778 -0.343301
v -0.475000 6.805556 -0.343301
v -0.475000 7.083333 -0.343301
v -0.475000 7.361111 -0.343301
v -0.475000 7.638889 -0.343301
v -0.475000 7.916667 -0.343301
v -0.475000 8.194444 -0.343301
v -0.475000 8.472222 -0.343301
v -0.485355 -8.472222 -0.335355
v -0.485355 -8.194444 -0.335355
v -0.485355 -7.916667 -0.335355
v -0.485355 -7.638889 -0.335355
v -0.485355 -7.361111 -0.335355
v -0.485355 -7.083333 -0.335355
v -0.485355 -6.805556 -0.335355
v -0.485355 -6.527778 -0.335355
v -0.485355 -6.250000 -0.335355
v -0.485355 -5.972222 -0.335355
v -0.485355 -5.694444 -0.335355
v -0.485355 -5.416667 -0.335355
v -0.485355 -5.138889 -0.335355
v -0.485355 -4.861111 -0.335355
v -0.485355 -4.583333 -0.335355
v -0.485355 -4.305556 -0.335355
v -0.485355 -4.027778 -0.335355
v -0.485355 -3.750000 -0.335355
v -0.485355 -3.472222 -0.335355
v -0.485355 -3.194444 -0.335355
v -0.485355 -2.916667 -0.335355
v -0.485355 -2.638889 -0.335355
v -0.485355 -2.361111 -0.335355
v -0.485355 -2.083333 -0.335355
v -0.485355 -1.805556 -0.335355
v -0.485355 -1.527778 -0.335355
v -0.485355 -1.250000 -0.335355
v -0.485355 -0.972222 -0.335355
v -0.485355 -0.694444 -0.335355
v -0.485355 -0.416667 -0.335355
v -0.485355 -0.138889 -0.335355
v -0.485355 0.138889 -0.335355
v -0.485355 0.416667 -0.335355
v -0.485355 0.694444 -0.335355
v -0.485355 0.972222 -0.335355
v -0.485355 1.250000 -0.335355
v -0.485355 1.527778 -0.335355
v -0.485355 1.805556 -0.335355
v -0.485355 2.083333 -0.335355
v -0.485355 2.361111 -0.335355
v -0.485355 2.638889 -0.335355
v -0.485355 2.916667 -0.335355
v -0.485355 3.194444 -0.335355
v -0.485355 3.472222 -0.335355
v -0.485355 3.750000 -0.335355
v -0.485355 4.027778 -0.335355
v -0.485355 4.305556 -0.335355
v -0.485355 4.583333 -0.335355
v -0.485355 4.861111 -0.335355
v -0.485355 5.138889 -0.335355
v -0.485355 5.416667 -0.335355
v -0.485355 5.694444 -0.335355
v -0.485355 5.972222 -0.335355
v -0.485355 6.250000 -0.335355
v -0.485355 6.527778 -0.335355
v -0.485355 6.805556 -0.335355
v -0.485355 7.083333 -0.335355
v -0.485355 7.361111 -0.335355
v -0.485355 7.638889 -0.335355
v -0.485355 7.916667 -0.335355
v -0.485355 8.194444 -0.335355
v -0.485355 8.472222 -0.335355
v -0.493301 -8.472222 -0.325000
v -0.493301 -8.194444 -0.325000
v -0.493301 -7.916667 -0.325000
v -0.493301 -7.638889 -0.325000
v -0.493301 -7.361111 -0.325000
v -0.493301 -7.083333 -0.325000
v -0.493301 -6.805556 -0.325000
v -0.493301 -6.527778 -0.325000
v -0.493301 -6.250000 -0.325000
v -0.493301 -5.972222 -0.325000
v -0.493301 -5.694444 -0.325000
v -0.493301 -5.416667 -0.325000
v -0.493301 -5.138889 -0.325000
v -0.493301 -4.861111 -0.325000
v -0.493301 -4.583333 -0.325000
v -0.493301 -4.305556 -0.325000
v -0.493301 -4.027778 -0.325000
v -0.493301 -3.750000 -0.325000
v -0.493301 -3.472222 -0.325000
v -0.493301 -3.194444 -0.325000
v -0.493301 -2.916667 -0.325000
v -0.493301 -2.638889 -0.325000
v -0.493301 -2.361111 -0.325000
v -0.493301 -2.083333 -0.325000
v -0.493301 -1.805556 -0.325000
v -0.493301 -1.527778 -0.325000
v -0.493301 -1.250000 -0.325000
v -0.493301 -0.972222 -0.325000
v -0.493301 -0.694444 -0.325000
v -0.493301 -0.416667 -0.325000
v -0.493301 -0.138889 -0.325000
v -0.493301 0.138889 -0.325000
v -0.493301 0.416667 -0.325000
v -0.493301 0.694444 -0.325000
v -0.493301 0.972222 -0.325000
v -0.493301 1.250000 -0.325000
v -0.493301 1.527778 -0.325000
v -0.493301 1.805556 -0.325000
v -0.493301 2.083333 -0.325000
v -0.493301 2.361111 -0.325000
v -0.493301 2.638889 -0.325000
v -0.493301 2.916667 -0.325000
v -0.493301 3.194444 -0.325000
v -0.493301 3.472222 -0.325000
v -0.493301 3.750000 -0.325000
v -0.493301 4.027778 -0.325000
v -0.493301 4.305556 -0.325000
v -0.493301 4.583333 -0.325000
v -0.493301 4.861111 -0.325000
v -0.493301 5.138889 -0.325000
v -0.493301 5.416667 -0.325000
v -0.493301 5.694444 -0.325000
v -0.493301 5.972222 -0.325000
v -0.493301 6.250000 -0.325000
v -0.493301 6.527778 -0.325000
v -0.493301 6.805556 -0.325000
v -0.493301 7.083333 -0.325000
v -0.493301 7.361111 -0.325000
v -0.493301 7.638889 -0.325000
v -0.493301 7.916667 -0.325000
v -0.493301 8.194444 -0.325000
v -0.493301 8.472222 -0.325000
v -0.498296 -8.472222 -0.312941
v -0.498296 -8.194444 -0.312941
v -0.498296 -7.916667 -0.312941
v -0.498296 -7.638889 -0.312941
v -0.498296 -7.361111 -0.312941
v -0.498296 -7.083333 -0.312941
v -0.498296 -6.805556 -0.312941
v -0.498296 -6.527778 -0.312941
v -0.498296 -6.250000 -0.312941
v -0.498296 -5.972222 -0.312941
v -0.498296 -5.694444 -0.312941
v -0.498296 -5.416667 -0.312941
v -0.498296 -5.138889 -0.312941
v -0.498296 -4.861111 -0.312941
v -0.498296 -4.583333 -0.312941
v -0.498296 -4.305556 -0.312941
v -0.498296 -4.027778 -0.312941
v -0.498296 -3.750000 -0.312941
v -0.498296 -3.472222 -0.312941
v -0.498296 -3.194444 -0.312941
v -0.498296 -2.916667 -0.312941
v -0.498296 -2.638889 -0.312941
v -0.498296 -2.361111 -0.312941
v -0.498296 -2.083333 -0.312941
v -0.498296 -1.805556 -0.312941
v -0.498296 -1.527778 -0.312941
v -0.498296 -1.250000 -0.312941
v -0.498296 -0.972222 -0.312941
v -0.498296 -0.694444 -0.312941
v -0.498296 -0.416667 -0.312941
v -0.498296 -0.138889 -0.312941
v -0.498296 0.138889 -0.312941
v -0.498296 0.416667 -0.312941
v -0.498296 0.694444 -0.312941
v -0.498296 0.972222 -0.312941
v -0.498296 1.250000 -0.312941
v -0.498296 1.527778 -0.312941
v -0.498296 1.805556 -0.312941
v -0.498296 2.083333 -0.312941
v -0.498296 2.361111 -0.312941
v -0.498296 2.638889 -0.312941
v -0.498296 2.916667 -0.312941
v -0.498296 3.194444 -0.312941
v -0.498296 3.472222 -0.312941
v -0.498296 3.750000 -0.312941
v -0.498296 4.027778 -0.312941
v -0.498296 4.305556 -0.312941
v -0.498296 4.583333 -0.312941
v -0.498296 4.861111 -0.312941
v -0.498296 5.138889 -0.312941
v -0.498296 5.416667 -0.312941
v -0.498296 5.694444 -0.312941
v -0.498296 5.972222 -0.312941
v -0.498296 6.250000 -0.312941
v -0.498296 6.527778 -0.312941
v -0.498296 6.805556 -0.312941
v -0.498296 7.083333 -0.312941
v -0.498296 7.361111 -0.312941
v -0.498296 7.638889 -0.312941
v -0.498296 7.916667 -0.312941
v -0.498296 8.194444 -0.312941
v -0.498296 8.472222 -0.312941
v -0.462941 8.472222 2.648296
v -0.462941 8.194444 2.648296
v -0.462941 7.916667 2.648296
v -0.462941 7.638889 2.648296
v -0.462941 7.361111 2.648296
v -0.462941 7.083333 2.648296
v -0.462941 6.805556 2.648296
v -0.462941 6.527778 2.648296
v -0.462941 6.250000 2.648296
v -0.462941 5.972222 2.648296
v -0.462941 5.694444 2.648296
v -0.462941 5.416667 2.648296
v -0.462941 5.138889 2.648296
v -0.462941 4.861111 2.648296
v -0.462941 4.583333 2.648296
v -0.462941 4.305556 2.648296
v -0.462941 4.027778 2.648296
v -0.462941 3.750000 2.648296
v -0.462941 3.472222 2.648296
v -0.462941 3.194444 2.648296
v -0.462941 2.916667 2.648296
v -0.462941 2.638889 2.648296
v -0.462941 2.361111 2.648296
v -0.462941 2.083333 2.648296
v -0.462941 1.805556 2.648296
v -0.462941 1.527778 2.648296
v -0.462941 1.250000 2.648296
v -0.462941 0.972222 2.648296
v -0.462941 0.694444 2.648296
v -0.462941 0.416667 2.648296
v -0.462941 0.138889 2.648296
v -0.462941 -0.138889 2.648296
v -0.462941 -0.416667 2.648296
v -0.462941 -0.694444 2.648296
v -0.462941 -0.972222 2.648296
v -0.462941 -1.250000 2.648296
v -0.462941 -1.527778 2.648296
v -0.462941 -1.805556 2.648296
v -0.462941 -2.083333 2.648296
v -0.462941 -2.361111 2.648296
v -0.462941 -2.638889 2.648296
v -0.462941 -2.916667 2.648296
v -0.462941 -3.194444 2.648296
v -0.462941 -3.472222 2.648296
v -0.462941 -3.750000 2.648296
v -0.462941 -4.027778 2.648296
v -0.462941 -4.305556 2.648296
v -0.462941 -4.583333 2.648296
v -0.462941 -4.861111 2.648296
v -0.462941 -5.138889 2.648296
v -0.462941 -5.416667 2.648296
v -0.462941 -5.694444 2.648296
v -0.462941 -5.972222 2.648296
v -0.462941 -6.250000 2.648296
v -0.462941 -6.527778 2.648296
v -0.462941 -6.805556 2.648296
v -0.462941 -7.083333 2.648296
v -0.462941 -7.361111 2.648296
v -0.462941 -7.638889 2.648296
v -0.462941 -7.916667 2.648296
v -0.462941 -8.194444 2.648296
v -0.462941 -8.472222 2.648296
v -0.475000 8.472222 2.643301
v -0.475000 8.194444 2.643301
v -0.475000 7.916667 2.643301
v -0.475000 7.638889 2.643301
v -0.475000 7.361111 2.643301
v -0.475000 7.083333 2.643301
v -0.475000 6.805556 2.643301
v -0.475000 6.527778 2.643301
v -0.475000 6.250000 2.643301
v -0.475000 5.972222 2.643301
v -0.475000 5.694444 2.643301
v -0.475000 5.416667 2.643301
v -0.475000 5.138889 2.643301
v -0.475000 4.861111 2.643301
v -0.475000 4.583333 2.643301
v -0.475000 4.305556 2.643301
v -0.475000 4.027778 2.643301
v -0.475000 3.750000 2.643301
v -0.475000 3.472222 2.643301
v -0.475000 3.194444 2.643301
v -0.475000 2.916667 2.643301
v -0.475000 2.638889 2.643301
v -0.475000 2.361111 2.643301
v -0.475000 2.083333 2.643301
v -0.475000 1.805556 2.643301
v -0.475000 1.527778 2.643301
v -0.475000 1.250000 2.643301
v -0.475000 0.972222 2.643301
v -0.475000 0.694444 2.643301
v -0.475000 0.416667 2.643301
v -0.475000 0.138889 2.643301
v -0.475000 -0.138889 2.643301
v -0.475000 -0.416667 2.643301
v -0.475000 -0.694444 2.643301
v -0.475000 -0.972222 2.643301
v -0.475000 -1.250000 2.643301
v -0.475000 -1.527778 2.643301
v -0.475000 -1.805556 2.643301
v -0.475000 -2.083333 2.643301
v -0.475000 -2.361111 2.643301
v -0.475000 -2.638889 2.643301
v -0.475000 -2.916667 2.643301
v -0.475000 -3.194444 2.643301
v -0.475000 -3.472222 2.643301
v -0.475000 -3.750000 2.643301
v -0.475000 -4.027778 2.643301
v -0.475000 -4.305556 2.643301
v -0.475000 -4.583333 2.643301
v -0.475000 -4.861111 2.643301
v -0.475000 -5.138889 2.643301
v -0.475000 -5.416667 2.643301
v -0.475000 -5.694444 2.643301
v -0.475000 -5.972222 2.643301
v -0.475000 -6.250000 2.643301
v -0.475000 -6.527778 2.643301
v -0.475000 -6.805556 2.643301
v -0.475000 -7.083333 2.643301
v -0.475000 -7.361111 2.643301
v -0.475000 -7.638889 2.643301
v -0.475000 -7.916667 2.643301
v -0.475000 -8.194444 2.643301
v -0.475000 -8.472222 2.643301
v -0.485355 8.472222 2.635355
v -0.485355 8.194444 2.635355
v -0.485355 7.916667 2.635355
v -0.485355 7.638889 2.635355
v -0.485355 7.361111 2.635355
v -0.485355 7.083333 2.635355
v -0.485355 6.805556 2.635355
v -0.485355 6.527778 2.635355
v -0.485355 6.250000 2.635355
v -0.485355 5.972222 2.635355
v -0.485355 5.694444 2.635355
v -0.485355 5.416667 2.635355
v -0.485355 5.138889 2.635355
v -0.485355 4.861111 2.635355
v -0.485355 4.583333 2.635355
v -0.485355 4.305556 2.635355
v -0.485355 4.027778 2.635355
v -0.485355 3.750000 2.635355
v -0.485355 3.472222 2.635355
v -0.485355 3.194444 2.635355
v -0.485355 2.916667 2.635355
v -0.485355 2.638889 2.635355
v -0.485355 2.361111 2.635355
v -0.485355 2.083333 2.635355
v -0.485355 1.805556 2.635355
v -0.485355 1.527778 2.635355
v -0.485355 1.250000 2.635355
v -0.485355 0.972222 2.635355
v -0.485355 0.694444 2.635355
v -0.485355 0.416667 2.635355
v -0.485355 0.138889 2.635355
v -0.485355 -0.138889 2.635355
v -0.485355 -0.416667 2.635355
v -0.485355 -0.694444 2.635355
v -0.485355 -0.972222 2.635355
v -0.485355 -1.250000 2.635355
v -0.485355 -1.527778 2.635355
v -0.485355 -1.805556 2.635355
v -0.485355 -2.083333 2.635355
v -0.485355 -2.361111 2.635355
v -0.485355 -2.638889 2.635355
v -0.485355 -2.916667 2.635355
v -0.485355 -3.194444 2.635355
v -0.485355 -3.472222 2.635355
v -0.485355 -3.750000 2.635355
v -0.485355 -4.027778 2.635355
v -0.485355 -4.305556 2.635355
v -0.485355 -4.583333 2.635355
v -0.485355 -4.861111 2.635355
v -0.485355 -5.138889 2.635355
v -0.485355 -5.416667 2.635355
v -0.485355 -5.694444 2.635355
v -0.485355 -5.972222 2.635355
v -0.485355 -6.250000 2.635355
v -0.485355 -6.527778 2.635355
v -0.485355 -6.805556 2.635355
v -0.485355 -7.083333 2.635355
v -0.485355 -7.361111 2.635355
v -0.485355 -7.638889 2.635355
v -0.485355 -7.916667 2.635355
v -0.485355 -8.194444 2.635355
v -0.485355 -8.472222 2.635355
v -0.493301 8.472222 2.625000
v -0.493301 8.194444 2.625000
v -0.493301 7.916667 2.625000
v -0.493301 7.638889 2.625000
v -0.493301 7.361111 2.625000
v -0.493301 7.083333 2.625000
v -0.493301 6.805556 2.625000
v -0.493301 6.527778 2.625000
v -0.493301 6.250000 2.625000
v -0.493301 5.972222 2.625000
v -0.493301 5.694444 2.625000
v -0.493301 5.416667 2.625000
v -0.493301 5.138889 2.625000
v -0.493301 4.861111 2.625000
v -0.493301 4.583333 2.625000
v -0.493301 4.305556 2.625000
v -0.493301 4.027778 2.625000
v -0.493301 3.750000 2.625000
v -0.493301 3.472222 2.625000
v -0.493301 3.194444 2.625000
v -0.493301 2.916667 2.625000
v -0.493301 2.638889 2.625000
v -0.493301 2.361111 2.625000
v -0.493301 2.083333 2.625000
v -0.493301 1.805556 2.625000
v -0.493301 1.527778 2.625000
v -0.493301 1.250000 2.625000
v -0.493301 0.972222 2.625000
v -0.493301 0.694444 2.625000
v -0.493301 0.416667 2.625000
v -0.493301 0.138889 2.625000
v -0.493301 -0.138889 2.625000
v -0.493301 -0.416667 2.625000
v -0.493301 -0.694444 2.625000
v -0.493301 -0.972222 2.625000
v -0.493301 -1.250000 2.625000
v -0.493301 -1.527778 2.625000
v -0.493301 -1.805556 2.625000
v -0.493301 -2.083333 2.625000
v -0.493301 -2.361111 2.625000
v -0.493301 -2.638889 2.625000
v -0.493301 -2.916667 2.625000
v -0.493301 -3.194444 2.625000
v -0.493301 -3.472222 2.625000
v -0.493301 -3.750000 2.625000
v -0.493301 -4.027778 2.625000
v -0.493301 -4.305556 2.625000
v -0.493301 -4.583333 2.625000
v -0.493301 -4.861111 2.625000
v -0.493301 -5.138889 2.625000
v -0.493301 -5.416667 2.625000
v -0.493301 -5.694444 2.625000
v -0.493301 -5.972222 2.625000
v -0.493301 -6.250000 2.625000
v -0.493301 -6.527778 2.625000
v -0.493301 -6.805556 2.625000
v -0.493301 -7.083333 2.625000
v -0.493301 -7.361111 2.625000
v -0.493301 -7.638889 2.625000
v -0.493301 -7.916667 2.625000
v -0.493301 -8.194444 2.625000
v -0.493301 -8.472222 2.625000
v -0.498296 8.472222 2.612941
v -0.498296 8.194444 2.612941
v -0.498296 7.916667 2.612941
v -0.498296 7.638889 2.612941
v -0.498296 7.361111 2.612941
v -0.498296 7.083333 2.612941
v -0.498296 6.805556 2.612941
v -0.498296 6.527778 2.612941
v -0.498296 6.250000 2.612941
v -0.498296 5.972222 2.612941
v -0.498296 5.694444 2.612941
v -0.498296 5.416667 2.612941
v -0.498296 5.138889 2.612941
v -0.498296 4.861111 2.612941
v -0.498296 4.583333 2.612941
v -0.498296 4.305556 2.612941
v -0.498296 4.027778 2.612941
v -0.498296 3.750000 2.612941
v -0.498296 3.472222 2.612941
v -0.498296 3.194444 2.612941
v -0.498296 2.916667 2.612941
v -0.498296 2.638889 2.612941
v -0.498296 2.361111 2.612941
v -0.498296 2.083333 2.612941
v -0.498296 1.805556 2.612941
v -0.498296 1.527778 2.612941
v -0.498296 1.250000 2.612941
v -0.498296 0.972222 2.612941
v -0.498296 0.694444 2.612941
v -0.498296 0.416667 2.612941
v -0.498296 0.138889 2.612941
v -0.498296 -0.138889 2.612941
v -0.498296 -0.416667 2.612941
v -0.498296 -0.694444 2.612941
v -0.498296 -0.972222 2.612941
v -0.498296 -1.250000 2.612941
v -0.498296 -1.527778 2.612941
v -0.498296 -1.805556 2.612941
v -0.498296 -2.083333 2.612941
v -0.498296 -2.361111 2.612941
v -0.498296 -2.638889 2.612941
v -0.498296 -2.916667 2.612941
v -0.498296 -3.194444 2.612941
v -0.498296 -3.472222 2.612941
v -0.498296 -3.750000 2.612941
v -0.498296 -4.027778 2.612941
v -0.498296 -4.305556 2.612941
v -0.498296 -4.583333 2.612941
v -0.498296 -4.861111 2.612941
v -0.498296 -5.138889 2.612941
v -0.498296 -5.416667 2.612941
v -0.498296 -5.694444 2.612941
v -0.498296 -5.972222 2.612941
v -0.498296 -6.250000 2.612941
v -0.498296 -6.527778 2.612941
v -0.498296 -6.805556 2.612941
v -0.498296 -7.083333 2.612941
v -0.498296 -7.361111 2.612941
v -0.498296 -7.638889 2.612941
v -0.498296 -7.916667 2.612941
v -0.498296 -8.194444 2.612941
v -0.498296 -8.472222 2.612941
vt 0.000000 -0.050000 0.000000
vt -8.750000 -0.050000 0.000000
vt 0.000000 -0.650000 0.000000
vt -8.750000 -0.650000 0.000000
vt -17.500000 -0.050000 0.000000
vt -17.500000 -0.650000 0.000000
vt -0.050000 -0.000000 0.000000
vt -0.650000 3.000000 0.000000
vt -0.650000 -0.000000 0.000000
vt -0.700000 0.050000 0.000000
vt -0.662941 0.001704 0.000000
vt -0.675000 0.006699 0.000000
vt -0.685355 0.014645 0.000000
vt -0.693301 0.025000 0.000000
vt -0.698296 0.037059 0.000000
vt -0.037059 0.001704 0.000000
vt -0.000000 0.050000 0.000000
vt -0.050000 3.000000 0.000000
vt -0.025000 0.006699 0.000000
vt -0.014645 0.014645 0.000000
vt -0.006699 0.025000 0.000000
vt -0.001704 0.037059 0.000000
vt 0.000000 2.950000 0.000000
vt -0.037059 2.998296 0.000000
vt -0.025000 2.993301 0.000000
vt -0.014645 2.985355 0.000000
vt -0.006699 2.975000 0.000000
vt -0.001704 2.962941 0.000000
vt -0.700000 2.950000 0.000000
vt -0.662941 2.998296 0.000000
vt -0.675000 2.993301 0.000000
vt -0.685355 2.985355 0.000000
vt -0.693301 2.975000 0.000000
vt -0.698296 2.962941 0.000000
vt 17.500000 -0.050000 0.000000
vt 8.750000 -0.050000 0.000000
vt 17.500000 -0.650000 0.000000
vt 8.750000 -0.650000 0.000000
vt -0.000000 -0.050000 0.000000
vt -0.000000 -0.650000 0.000000
vt 0.000000 0.050000 0.000000
vt 0.050000 3.000000 0.000000
vt -0.000000 2.950000 0.000000
vt 0.037059 2.998296 0.000000
vt 0.025000 2.993301 0.000000
vt 0.001704 0.037059 0.000000
vt 0.006699 0.025000 0.000000
vt 0.014645 0.014645 0.000000
vt 0.025000 0.006699 0.000000
vt 0.037059 0.001704 0.000000
vt 0.050000 -0.000000 0.000000
vt 0.650000 -0.000000 0.000000
vt 0.650000 3.000000 0.000000
vt 0.700000 0.050000 0.000000
vt 0.700000 2.950000 0.000000
vt 0.662941 0.001704 0.000000
vt 0.675000 0.006699 0.000000
vt 0.685355 0.014645 0.000000
vt 0.693301 0.025000 0.000000
vt 0.698296 0.037059 0.000000
vt 0.698296 2.962941 0.000000
vt 0.693301 2.975000 0.000000
vt 0.685355 2.985355 0.000000
vt 0.675000 2.993301 0.000000
vt 0.662941 2.998296 0.000000
vt 0.014645 2.985355 0.000000
vt 0.006699 2.975000 0.000000
vt 0.001704 2.962941 0.000000
vt -1.450000 8.750000 0.000000
vt 0.228355 7.153985 0.000000
vt 1.450000 8.750000 0.000000
vt 0.350000 7.170000 0.000000
vt 0.471645 7.153985 0.000000
vt -1.450000 0.000000 0.000000
vt -0.120000 3.800000 0.000000
vt -0.120000 6.700000 0.000000
vt -0.103985 6.821645 0.000000
vt -1.450000 -8.750000 0.000000
vt -0.120000 -3.800000 0.000000
vt -0.103985 -3.678355 0.000000
vt -0.103985 -1.571645 0.000000
vt -0.057032 -1.685000 0.000000
vt -0.057032 -3.565000 0.000000
vt 0.017660 -1.782340 0.000000
vt 0.017660 -3.467660 0.000000
vt 0.115000 -1.857032 0.000000
vt 0.115000 -3.392968 0.000000
vt 0.228355 -1.903985 0.000000
vt 0.228355 -3.346015 0.000000
vt 0.350000 -1.920000 0.000000
vt 0.350000 -3.330000 0.000000
vt 0.471645 -3.346015 0.000000
vt 1.450000 -8.750000 0.000000
vt 0.228355 -7.153985 0.000000
vt 0.115000 -7.107032 0.000000
vt 0.017660 -7.032340 0.000000
vt 1.450000 0.000000 0.000000
vt 0.820000 -3.800000 0.000000
vt 0.820000 -6.700000 0.000000
vt 0.803985 -6.821645 0.000000
vt 0.820000 3.800000 0.000000
vt 0.803985 3.678355 0.000000
vt 0.803985 1.571645 0.000000
vt 0.757032 3.565000 0.000000
vt 0.757032 1.685000 0.000000
vt 0.682340 3.467660 0.000000
vt 0.682340 1.782340 0.000000
vt 0.585000 3.392968 0.000000
vt 0.585000 1.857032 0.000000
vt 0.471645 3.346015 0.000000
vt 0.471645 1.903985 0.000000
vt 0.350000 3.330000 0.000000
vt 0.350000 1.920000 0.000000
vt 0.228355 1.903985 0.000000
vt 0.228355 3.346015 0.000000
vt 0.115000 1.857032 0.000000
vt 0.115000 3.392968 0.000000
vt 0.017660 1.782340 0.000000
vt 0.017660 3.467660 0.000000
vt -0.057032 3.565000 0.000000
vt 0.471645 -1.903985 0.000000
vt 0.585000 -3.392968 0.000000
vt 0.585000 -1.857032 0.000000
vt 0.682340 -3.467660 0.000000
vt 0.682340 -1.782340 0.000000
vt 0.757032 -3.565000 0.000000
vt 0.757032 -1.685000 0.000000
vt 0.803985 -3.678355 0.000000
vt 0.803985 -1.571645 0.000000
vt 0.820000 -1.450000 0.000000
vt 0.820000 1.450000 0.000000
vt 0.757032 -6.935000 0.000000
vt 0.682340 -7.032340 0.000000
vt 0.585000 -7.107032 0.000000
vt 0.471645 -7.153985 0.000000
vt 0.350000 -7.170000 0.000000
vt -0.057032 -6.935000 0.000000
vt -0.103985 -6.821645 0.000000
vt -0.120000 -6.700000 0.000000
vt -0.120000 -1.450000 0.000000
vt -0.120000 1.450000 0.000000
vt -0.103985 1.571645 0.000000
vt -0.103985 3.678355 0.000000
vt -0.057032 1.685000 0.000000
vt -0.057032 6.935000 0.000000
vt 0.017660 7.032340 0.000000
vt 0.115000 7.107032 0.000000
vt 0.585000 7.107032 0.000000
vt 0.682340 7.032340 0.000000
vt 0.757032 6.935000 0.000000
vt 0.803985 6.821645 0.000000
vt 0.820000 6.700000 0.000000
vt -1.450000 8.750000 0.000000
vt -0.224566 7.168127 0.000000
vt 1.450000 8.750000 0.000000
vt -0.107679 7.119711 0.000000
vt -0.007307 7.042693 0.000000
vt -1.450000 0.000000 0.000000
vt -0.834641 3.800000 0.000000
vt -0.834641 6.700000 0.000000
vt -0.818127 6.825434 0.000000
vt -1.450000 -8.750000 0.000000
vt -0.834641 -3.800000 0.000000
vt -0.818127 -3.674566 0.000000
vt -0.818127 -1.575434 0.000000
vt -0.769711 -1.692321 0.000000
vt -0.769711 -3.557679 0.000000
vt -0.692693 -1.792693 0.000000
vt -0.692693 -3.457307 0.000000
vt -0.592321 -1.869711 0.000000
vt -0.592321 -3.380289 0.000000
vt -0.475434 -1.918127 0.000000
vt -0.475434 -3.331873 0.000000
vt -0.350000 -1.934641 0.000000
vt -0.350000 -3.315359 0.000000
vt -0.224566 -3.331873 0.000000
vt 1.450000 -8.750000 0.000000
vt -0.224566 -7.168127 0.000000
vt -0.350000 -7.184641 0.000000
vt -0.475434 -7.168127 0.000000
vt 1.450000 0.000000 0.000000
vt 0.134641 -3.800000 0.000000
vt 0.134641 -6.700000 0.000000
vt 0.118127 -6.825434 0.000000
vt 0.134641 3.800000 0.000000
vt 0.118127 3.674566 0.000000
vt 0.118127 1.575434 0.000000
vt 0.069711 1.692321 0.000000
vt 0.069711 3.557679 0.000000
vt -0.007307 1.792693 0.000000
vt -0.007307 3.457307 0.000000
vt -0.107679 3.380289 0.000000
vt -0.107679 1.869711 0.000000
vt -0.224566 3.331873 0.000000
vt -0.224566 1.918127 0.000000
vt -0.350000 3.315359 0.000000
vt -0.350000 1.934641 0.000000
vt -0.475434 1.918127 0.000000
vt -0.475434 3.331873 0.000000
vt -0.592321 1.869711 0.000000
vt -0.592321 3.380289 0.000000
vt -0.692693 1.792693 0.000000
vt -0.692693 3.457307 0.000000
vt -0.769711 1.692321 0.000000
vt -0.769711 3.557679 0.000000
vt -0.818127 1.575434 0.000000
vt -0.818127 3.674566 0.000000
vt -0.769711 6.942321 0.000000
vt -0.692693 7.042693 0.000000
vt -0.592321 7.119711 0.000000
vt -0.475434 7.168127 0.000000
vt -0.350000 7.184641 0.000000
vt 0.069711 6.942321 0.000000
vt 0.118127 6.825434 0.000000
vt 0.134641 6.700000 0.000000
vt 0.134641 1.450000 0.000000
vt 0.134641 -1.450000 0.000000
vt 0.118127 -1.575434 0.000000
vt 0.118127 -3.674566 0.000000
vt 0.069711 -1.692321 0.000000
vt 0.069711 -3.557679 0.000000
vt -0.007307 -1.792693 0.000000
vt -0.007307 -3.457307 0.000000
vt -0.107679 -1.869711 0.000000
vt -0.107679 -3.380289 0.000000
vt -0.224566 -1.918127 0.000000
vt -0.834641 -1.450000 0.000000
vt -0.834641 1.450000 0.000000
vt 0.069711 -6.942321 0.000000
vt -0.007307 -7.042693 0.000000
vt -0.107679 -7.119711 0.000000
vt -0.592321 -7.119711 0.000000
vt -0.692693 -7.042693 0.000000
vt -0.769711 -6.942321 0.000000
vt -0.818127 -6.825434 0.000000
vt -0.834641 -6.700000 0.000000
vt 0.020000 -1.413717 0.000000
vt 0.665359 -1.413717 0.000000
vt 0.020000 -1.295907 0.000000
vt 0.665359 -1.295907 0.000000
vt 0.020000 -1.178097 0.000000
vt 0.665359 -1.178097 0.000000
vt 0.020000 -1.060288 0.000000
vt 0.665359 -1.060288 0.000000
vt 0.020000 -0.942478 0.000000
vt 0.665359 -0.942478 0.000000
vt 0.020000 -0.824668 0.000000
vt 0.665359 -0.824668 0.000000
vt 0.020000 -0.706858 0.000000
vt 0.665359 -0.706858 0.000000
vt 0.020000 -0.589049 0.000000
vt 0.665359 -0.589049 0.000000
vt 0.020000 -0.471239 0.000000
vt 0.665359 -0.471239 0.000000
vt 0.020000 -0.353429 0.000000
vt 0.665359 -0.353429 0.000000
vt 0.020000 -0.235619 0.000000
vt 0.665359 -0.235619 0.000000
vt 0.020000 -0.117810 0.000000
vt 0.665359 -0.117810 0.000000
vt 0.020000 0.000000 0.000000
vt 0.665359 0.000000 0.000000
vt 2.900000 0.665359 0.000000
vt -0.000000 0.665359 0.000000
vt 2.900000 0.020000 0.000000
vt -0.000000 0.020000 0.000000
vt 0.020000 0.000000 0.000000
vt 0.665359 0.000000 0.000000
vt 0.020000 0.117810 0.000000
vt 0.665359 0.117810 0.000000
vt 0.020000 0.235619 0.000000
vt 0.665359 0.235619 0.000000
vt 0.020000 0.353429 0.000000
vt 0.665359 0.353429 0.000000
vt 0.020000 0.471239 0.000000
vt 0.665359 0.471239 0.000000
vt 0.020000 0.589049 0.000000
vt 0.665359 0.589049 0.000000
vt 0.020000 0.706858 0.000000
vt 0.665359 0.706858 0.000000
vt 0.020000 0.824668 0.000000
vt 0.665359 0.824668 0.000000
vt 0.020000 0.942478 0.000000
vt 0.665359 0.942478 0.000000
vt 0.020000 1.060288 0.000000
vt 0.665359 1.060288 0.000000
vt 0.020000 1.178097 0.000000
vt 0.665359 1.178097 0.000000
vt 0.020000 1.295907 0.000000
vt 0.665359 1.295907 0.000000
vt 0.020000 1.413717 0.000000
vt 0.665359 1.413717 0.000000
vt 0.000000 0.665359 0.000000
vt -2.900000 0.665359 0.000000
vt 0.000000 0.020000 0.000000
vt -2.900000 0.020000 0.000000
vt 0.020000 0.000000 0.000000
vt 0.665359 0.000000 0.000000
vt 0.020000 0.117810 0.000000
vt 0.665359 0.117810 0.000000
vt 0.020000 0.235619 0.000000
vt 0.665359 0.235619 0.000000
vt 0.020000 0.353429 0.000000
vt 0.665359 0.353429 0.000000
vt 0.020000 0.471239 0.000000
vt 0.665359 0.471239 0.000000
vt 0.020000 0.589049 0.000000
vt 0.665359 0.589049 0.000000
vt 0.020000 0.706858 0.000000
vt 0.665359 0.706858 0.000000
vt 0.020000 0.824668 0.000000
vt 0.665359 0.824668 0.000000
vt 0.020000 0.942478 0.000000
vt 0.665359 0.942478 0.000000
vt 0.020000 1.060288 0.000000
vt 0.665359 1.060288 0.000000
vt 0.020000 1.178097 0.000000
vt 0.665359 1.178097 0.000000
vt 0.020000 1.295907 0.000000
vt 0.665359 1.295907 0.000000
vt 0.020000 1.413717 0.000000
vt 0.665359 1.413717 0.000000
vt 2.900000 0.665359 0.000000
vt -0.000000 0.665359 0.000000
vt 2.900000 0.020000 0.000000
vt 0.000000 0.020000 0.000000
vt 0.020000 -1.413717 0.000000
vt 0.665359 -1.413717 0.000000
vt 0.020000 -1.295907 0.000000
vt 0.665359 -1.295907 0.000000
vt 0.020000 -1.178097 0.000000
vt 0.665359 -1.178097 0.000000
vt 0.020000 -1.060288 0.000000
vt 0.665359 -1.060288 0.000000
vt 0.020000 -0.942478 0.000000
vt 0.665359 -0.942478 0.000000
vt 0.020000 -0.824668 0.000000
vt 0.665359 -0.824668 0.000000
vt 0.020000 -0.706858 0.000000
vt 0.665359 -0.706858 0.000000
vt 0.020000 -0.589049 0.000000
vt 0.665359 -0.589049 0.000000
vt 0.020000 -0.471239 0.000000
vt 0.665359 -0.471239 0.000000
vt 0.020000 -0.353429 0.000000
vt 0.665359 -0.353429 0.000000
vt 0.020000 -0.235619 0.000000
vt 0.665359 -0.235619 0.000000
vt 0.020000 -0.117810 0.000000
vt 0.665359 -0.117810 0.000000
vt 0.020000 0.000000 0.000000
vt 0.665359 0.000000 0.000000
vt -0.000000 0.665359 0.000000
vt -2.900000 0.665359 0.000000
vt -0.000000 0.020000 0.000000
vt -2.900000 0.020000 0.000000
vt 0.020000 -1.413717 0.000000
vt 0.665359 -1.413717 0.000000
vt 0.020000 -1.295907 0.000000
vt 0.665359 -1.295907 0.000000
vt 0.020000 -1.178097 0.000000
vt 0.665359 -1.178097 0.000000
vt 0.020000 -1.060288 0.000000
vt 0.665359 -1.060288 0.000000
vt 0.020000 -0.942478 0.000000
vt 0.665359 -0.942478 0.000000
vt 0.020000 -0.824668 0.000000
vt 0.665359 -0.824668 0.000000
vt 0.020000 -0.706858 0.000000
vt 0.665359 -0.706858 0.000000
vt 0.020000 -0.589049 0.000000
vt 0.665359 -0.589049 0.000000
vt 0.020000 -0.471239 0.000000
vt 0.665359 -0.471239 0.000000
vt 0.020000 -0.353429 0.000000
vt 0.665359 -0.353429 0.000000
vt 0.020000 -0.235619 0.000000
vt 0.665359 -0.235619 0.000000
vt 0.020000 -0.117810 0.000000
vt 0.665359 -0.117810 0.000000
vt 0.020000 0.000000 0.000000
vt 0.665359 0.000000 0.000000
vt 2.900000 0.665359 0.000000
vt -0.000000 0.665359 0.000000
vt 2.900000 0.020000 0.000000
vt -0.000000 0.020000 0.000000
vt 0.020000 0.000000 0.000000
vt 0.665359 0.000000 0.000000
vt 0.020000 0.117810 0.000000
vt 0.665359 0.117810 0.000000
vt 0.020000 0.235619 0.000000
vt 0.665359 0.235619 0.000000
vt 0.020000 0.353429 0.000000
vt 0.665359 0.353429 0.000000
vt 0.020000 0.471239 0.000000
vt 0.665359 0.471239 0.000000
vt 0.020000 0.589049 0.000000
vt 0.665359 0.589049 0.000000
vt 0.020000 0.706858 0.000000
vt 0.665359 0.706858 0.000000
vt 0.020000 0.824668 0.000000
vt 0.665359 0.824668 0.000000
vt 0.020000 0.942478 0.000000
vt 0.665359 0.942478 0.000000
vt 0.020000 1.060288 0.000000
vt 0.665359 1.060288 0.000000
vt 0.020000 1.178097 0.000000
vt 0.665359 1.178097 0.000000
vt 0.020000 1.295907 0.000000
vt 0.665359 1.295907 0.000000
vt 0.020000 1.413717 0.000000
vt 0.665359 1.413717 0.000000
vt 0.000000 0.665359 0.000000
vt -2.900000 0.665359 0.000000
vt 0.000000 0.020000 0.000000
vt -2.900000 0.020000 0.000000
vt -8.750000 0.065450 0.000000
vt -8.472222 0.065450 0.000000
vt -8.750000 0.078540 0.000000
vt -8.194444 0.065450 0.000000
vt -7.916667 0.065450 0.000000
vt -7.916667 0.052360 0.000000
vt -7.638889 0.052360 0.000000
vt -7.638889 0.039270 0.000000
vt -7.361111 0.039270 0.000000
vt -7.361111 0.026180 0.000000
vt -7.083333 0.026180 0.000000
vt -7.083333 0.013090 0.000000
vt -6.805556 0.013090 0.000000
vt -8.750000 0.000000 0.000000
vt -6.527778 0.013090 0.000000
vt -6.250000 0.013090 0.000000
vt -6.527778 0.026180 0.000000
vt -6.250000 0.026180 0.000000
vt -6.527778 0.039270 0.000000
vt -6.250000 0.039270 0.000000
vt -6.527778 0.052360 0.000000
vt -6.250000 0.052360 0.000000
vt -6.527778 0.065450 0.000000
vt -6.250000 0.065450 0.000000
vt -5.972222 0.065450 0.000000
vt -5.694444 0.065450 0.000000
vt -5.694444 0.052360 0.000000
vt -5.416667 0.052360 0.000000
vt -5.416667 0.039270 0.000000
vt -5.138889 0.039270 0.000000
vt -5.138889 0.026180 0.000000
vt -4.861111 0.026180 0.000000
vt -4.861111 0.013090 0.000000
vt -4.583333 0.013090 0.000000
vt -4.305556 0.013090 0.000000
vt -0.000000 0.000000 0.000000
vt -4.027778 0.013090 0.000000
vt -3.750000 0.013090 0.000000
vt -4.027778 0.026180 0.000000
vt -3.750000 0.026180 0.000000
vt -4.027778 0.039270 0.000000
vt -3.750000 0.039270 0.000000
vt -4.027778 0.052360 0.000000
vt -3.750000 0.052360 0.000000
vt -4.027778 0.065450 0.000000
vt -3.750000 0.065450 0.000000
vt -0.000000 0.078540 0.000000
vt -3.472222 0.065450 0.000000
vt -3.194444 0.065450 0.000000
vt -3.194444 0.052360 0.000000
vt -2.916667 0.052360 0.000000
vt -2.916667 0.039270 0.000000
vt -2.638889 0.039270 0.000000
vt -2.638889 0.026180 0.000000
vt -2.361111 0.026180 0.000000
vt -2.361111 0.013090 0.000000
vt -2.083333 0.013090 0.000000
vt -1.805556 0.013090 0.000000
vt -1.527778 0.013090 0.000000
vt -1.805556 0.026180 0.000000
vt -1.527778 0.026180 0.000000
vt -1.805556 0.039270 0.000000
vt -1.527778 0.039270 0.000000
vt -1.805556 0.052360 0.000000
vt -1.527778 0.052360 0.000000
vt -1.805556 0.065450 0.000000
vt -1.527778 0.065450 0.000000
vt -1.250000 0.065450 0.000000
vt -0.972222 0.065450 0.000000
vt -0.972222 0.052360 0.000000
vt -0.694444 0.052360 0.000000
vt -0.694444 0.039270 0.000000
vt -0.416667 0.039270 0.000000
vt -0.416667 0.026180 0.000000
vt -0.138889 0.026180 0.000000
vt -0.138889 0.013090 0.000000
vt 0.138889 0.013090 0.000000
vt 0.416667 0.013090 0.000000
vt 0.694444 0.013090 0.000000
vt 0.416667 0.026180 0.000000
vt 0.694444 0.026180 0.000000
vt 0.416667 0.039270 0.000000
vt 0.694444 0.039270 0.000000
vt 0.416667 0.052360 0.000000
vt 0.694444 0.052360 0.000000
vt 0.416667 0.065450 0.000000
vt 0.694444 0.065450 0.000000
vt 0.972222 0.065450 0.000000
vt 1.250000 0.065450 0.000000
vt 1.250000 0.052360 0.000000
vt 1.527778 0.052360 0.000000
vt 1.527778 0.039270 0.000000
vt 1.805556 0.039270 0.000000
vt 1.805556 0.026180 0.000000
vt 2.083333 0.026180 0.000000
vt 2.083333 0.013090 0.000000
vt 2.361111 0.013090 0.000000
vt 2.638889 0.013090 0.000000
vt 2.916667 0.013090 0.000000
vt 2.638889 0.026180 0.000000
vt 2.916667 0.026180 0.000000
vt 2.638889 0.039270 0.000000
vt 2.916667 0.039270 0.000000
vt 2.638889 0.052360 0.000000
vt 2.916667 0.052360 0.000000
vt 2.638889 0.065450 0.000000
vt 2.916667 0.065450 0.000000
vt 3.194444 0.065450 0.000000
vt 3.472222 0.065450 0.000000
vt 3.472222 0.052360 0.000000
vt 3.750000 0.052360 0.000000
vt 3.750000 0.039270 0.000000
vt 4.027778 0.039270 0.000000
vt 4.027778 0.026180 0.000000
vt 4.305556 0.026180 0.000000
vt 4.305556 0.013090 0.000000
vt 4.583333 0.013090 0.000000
vt 8.750000 0.000000 0.000000
vt 4.861111 0.013090 0.000000
vt 5.138889 0.013090 0.000000
vt 4.861111 0.026180 0.000000
vt 5.138889 0.026180 0.000000
vt 4.861111 0.039270 0.000000
vt 5.138889 0.039270 0.000000
vt 4.861111 0.052360 0.000000
vt 5.138889 0.052360 0.000000
vt 4.861111 0.065450 0.000000
vt 5.138889 0.065450 0.000000
vt 8.750000 0.078540 0.000000
vt 5.416667 0.065450 0.000000
vt 5.694444 0.065450 0.000000
vt 5.694444 0.052360 0.000000
vt 5.972222 0.052360 0.000000
vt 5.972222 0.039270 0.000000
vt 6.250000 0.039270 0.000000
vt 6.250000 0.026180 0.000000
vt 6.527778 0.026180 0.000000
vt 6.527778 0.013090 0.000000
vt 6.805556 0.013090 0.000000
vt 7.083333 0.013090 0.000000
vt 7.361111 0.013090 0.000000
vt 7.083333 0.026180 0.000000
vt 7.361111 0.026180 0.000000
vt 7.083333 0.039270 0.000000
vt 7.361111 0.039270 0.000000
vt 7.083333 0.052360 0.000000
vt 7.361111 0.052360 0.000000
vt 7.083333 0.065450 0.000000
vt 7.361111 0.065450 0.000000
vt 7.638889 0.065450 0.000000
vt 7.916667 0.065450 0.000000
vt 7.916667 0.052360 0.000000
vt 8.194444 0.052360 0.000000
vt 8.194444 0.039270 0.000000
vt 8.472222 0.039270 0.000000
vt 8.472222 0.026180 0.000000
vt 8.750000 0.026180 0.000000
vt 8.750000 0.013090 0.000000
vt 8.472222 0.013090 0.000000
vt 8.194444 0.013090 0.000000
vt 7.916667 0.013090 0.000000
vt 7.916667 0.026180 0.000000
vt 7.638889 0.026180 0.000000
vt 7.638889 0.039270 0.000000
vt -8.472222 0.052360 0.000000
vt -8.750000 0.052360 0.000000
vt -8.472222 0.039270 0.000000
vt -8.750000 0.039270 0.000000
vt -8.472222 0.026180 0.000000
vt -8.750000 0.026180 0.000000
vt -8.472222 0.013090 0.000000
vt -8.750000 0.013090 0.000000
vt 4.027778 0.013090 0.000000
vt 3.750000 0.013090 0.000000
vt 3.750000 0.026180 0.000000
vt 3.472222 0.026180 0.000000
vt 3.472222 0.039270 0.000000
vt 3.194444 0.039270 0.000000
vt 3.194444 0.052360 0.000000
vt 8.750000 0.039270 0.000000
vt 8.472222 0.052360 0.000000
vt 8.194444 0.065450 0.000000
vt 8.750000 0.052360 0.000000
vt 8.472222 0.065450 0.000000
vt 8.750000 0.065450 0.000000
vt 4.305556 0.065450 0.000000
vt 4.583333 0.065450 0.000000
vt -4.305556 0.065450 0.000000
vt -4.583333 0.065450 0.000000
vt -4.861111 0.065450 0.000000
vt -4.583333 0.052360 0.000000
vt -4.861111 0.052360 0.000000
vt -4.583333 0.039270 0.000000
vt -4.861111 0.039270 0.000000
vt -4.583333 0.026180 0.000000
vt -8.194444 0.052360 0.000000
vt -8.194444 0.039270 0.000000
vt -8.194444 0.026180 0.000000
vt -8.194444 0.013090 0.000000
vt -7.638889 0.065450 0.000000
vt -7.361111 0.065450 0.000000
vt -7.083333 0.065450 0.000000
vt -7.083333 0.052360 0.000000
vt -6.805556 0.052360 0.000000
vt -6.805556 0.039270 0.000000
vt -7.361111 0.052360 0.000000
vt -6.805556 0.065450 0.000000
vt -5.972222 0.052360 0.000000
vt -5.972222 0.039270 0.000000
vt -5.972222 0.026180 0.000000
vt -5.972222 0.013090 0.000000
vt -5.416667 0.065450 0.000000
vt -5.138889 0.065450 0.000000
vt -5.138889 0.052360 0.000000
vt -4.305556 0.052360 0.000000
vt -4.305556 0.039270 0.000000
vt -4.305556 0.026180 0.000000
vt -3.472222 0.052360 0.000000
vt -3.472222 0.039270 0.000000
vt -3.472222 0.026180 0.000000
vt -3.472222 0.013090 0.000000
vt -2.916667 0.065450 0.000000
vt -2.638889 0.065450 0.000000
vt -2.361111 0.065450 0.000000
vt -2.361111 0.052360 0.000000
vt -2.083333 0.052360 0.000000
vt -2.083333 0.039270 0.000000
vt -2.638889 0.052360 0.000000
vt -2.083333 0.065450 0.000000
vt -1.250000 0.052360 0.000000
vt -1.250000 0.039270 0.000000
vt -1.250000 0.026180 0.000000
vt -1.250000 0.013090 0.000000
vt -0.694444 0.065450 0.000000
vt -0.416667 0.065450 0.000000
vt -0.138889 0.065450 0.000000
vt -0.138889 0.052360 0.000000
vt 0.138889 0.052360 0.000000
vt 0.138889 0.039270 0.000000
vt -0.416667 0.052360 0.000000
vt 0.138889 0.065450 0.000000
vt 0.972222 0.052360 0.000000
vt 0.972222 0.039270 0.000000
vt 0.972222 0.026180 0.000000
vt 0.972222 0.013090 0.000000
vt 1.527778 0.065450 0.000000
vt 1.805556 0.065450 0.000000
vt 2.083333 0.065450 0.000000
vt 2.083333 0.052360 0.000000
vt 2.361111 0.052360 0.000000
vt 2.361111 0.039270 0.000000
vt 1.805556 0.052360 0.000000
vt 2.361111 0.065450 0.000000
vt 3.750000 0.065450 0.000000
vt 4.027778 0.065450 0.000000
vt 4.305556 0.052360 0.000000
vt 4.583333 0.052360 0.000000
vt 4.583333 0.039270 0.000000
vt 4.027778 0.052360 0.000000
vt 5.416667 0.052360 0.000000
vt 5.416667 0.039270 0.000000
vt 5.416667 0.026180 0.000000
vt 5.416667 0.013090 0.000000
vt 5.972222 0.065450 0.000000
vt 6.250000 0.065450 0.000000
vt 6.527778 0.065450 0.000000
vt 6.527778 0.052360 0.000000
vt 6.805556 0.052360 0.000000
vt 6.805556 0.039270 0.000000
vt 6.250000 0.052360 0.000000
vt 6.805556 0.065450 0.000000
vt 7.638889 0.052360 0.000000
vt -7.916667 0.039270 0.000000
vt -7.638889 0.026180 0.000000
vt -7.361111 0.013090 0.000000
vt -7.083333 0.039270 0.000000
vt -5.694444 0.039270 0.000000
vt -5.416667 0.026180 0.000000
vt -5.138889 0.013090 0.000000
vt -3.194444 0.039270 0.000000
vt -2.916667 0.026180 0.000000
vt -2.638889 0.013090 0.000000
vt -2.361111 0.039270 0.000000
vt -0.972222 0.039270 0.000000
vt -0.694444 0.026180 0.000000
vt -0.416667 0.013090 0.000000
vt -0.138889 0.039270 0.000000
vt 1.250000 0.039270 0.000000
vt 1.527778 0.026180 0.000000
vt 1.805556 0.013090 0.000000
vt 2.083333 0.039270 0.000000
vt 4.305556 0.039270 0.000000
vt 5.694444 0.039270 0.000000
vt 5.972222 0.026180 0.000000
vt 6.250000 0.013090 0.000000
vt 6.527778 0.039270 0.000000
vt 7.916667 0.039270 0.000000
vt 8.194444 0.026180 0.000000
vt -7.916667 0.026180 0.000000
vt -7.916667 0.013090 0.000000
vt -6.805556 0.026180 0.000000
vt -5.694444 0.026180 0.000000
vt -5.694444 0.013090 0.000000
vt -3.194444 0.026180 0.000000
vt -3.194444 0.013090 0.000000
vt -2.083333 0.026180 0.000000
vt -0.972222 0.026180 0.000000
vt -0.972222 0.013090 0.000000
vt 0.138889 0.026180 0.000000
vt 1.250000 0.026180 0.000000
vt 1.250000 0.013090 0.000000
vt 2.361111 0.026180 0.000000
vt 3.194444 0.026180 0.000000
vt 3.194444 0.013090 0.000000
vt 4.583333 0.026180 0.000000
vt 5.694444 0.026180 0.000000
vt 5.694444 0.013090 0.000000
vt 6.805556 0.026180 0.000000
vt -7.638889 0.013090 0.000000
vt -5.416667 0.013090 0.000000
vt -2.916667 0.013090 0.000000
vt -0.694444 0.013090 0.000000
vt 1.527778 0.013090 0.000000
vt 3.472222 0.013090 0.000000
vt 5.972222 0.013090 0.000000
vt 7.638889 0.013090 0.000000
vt -8.750000 0.065450 0.000000
vt -8.472222 0.065450 0.000000
vt -8.750000 0.078540 0.000000
vt -8.194444 0.065450 0.000000
vt -7.916667 0.065450 0.000000
vt -7.916667 0.052360 0.000000
vt -7.638889 0.052360 0.000000
vt -7.638889 0.039270 0.000000
vt -7.361111 0.039270 0.000000
vt -7.361111 0.026180 0.000000
vt -7.083333 0.026180 0.000000
vt -7.083333 0.013090 0.000000
vt -6.805556 0.013090 0.000000
vt -8.750000 -0.000000 0.000000
vt -6.527778 0.013090 0.000000
vt -6.250000 0.013090 0.000000
vt -6.527778 0.026180 0.000000
vt -6.250000 0.026180 0.000000
vt -6.527778 0.039270 0.000000
vt -6.250000 0.039270 0.000000
vt -6.527778 0.052360 0.000000
vt -6.250000 0.052360 0.000000
vt -6.527778 0.065450 0.000000
vt -6.250000 0.065450 0.000000
vt -5.972222 0.065450 0.000000
vt -5.694444 0.065450 0.000000
vt -5.694444 0.052360 0.000000
vt -5.416667 0.052360 0.000000
vt -5.416667 0.039270 0.000000
vt -5.138889 0.039270 0.000000
vt -5.138889 0.026180 0.000000
vt -4.861111 0.026180 0.000000
vt -4.861111 0.013090 0.000000
vt -4.583333 0.013090 0.000000
vt -4.305556 0.013090 0.000000
vt 0.000000 -0.000000 0.000000
vt -4.027778 0.013090 0.000000
vt -3.750000 0.013090 0.000000
vt -4.027778 0.026180 0.000000
vt -3.750000 0.026180 0.000000
vt -4.027778 0.039270 0.000000
vt -3.750000 0.039270 0.000000
vt -4.027778 0.052360 0.000000
vt -3.750000 0.052360 0.000000
vt -4.027778 0.065450 0.000000
vt -3.750000 0.065450 0.000000
vt 0.000000 0.078540 0.000000
vt -3.472222 0.065450 0.000000
vt -3.194444 0.065450 0.000000
vt -3.194444 0.052360 0.000000
vt -2.916667 0.052360 0.000000
vt -2.916667 0.039270 0.000000
vt -2.638889 0.039270 0.000000
vt -2.638889 0.026180 0.000000
vt -2.361111 0.026180 0.000000
vt -2.361111 0.013090 0.000000
vt -2.083333 0.013090 0.000000
vt -1.805556 0.013090 0.000000
vt -1.527778 0.013090 0.000000
vt -1.805556 0.026180 0.000000
vt -1.527778 0.026180 0.000000
vt -1.805556 0.039270 0.000000
vt -1.527778 0.039270 0.000000
vt -1.805556 0.052360 0.000000
vt -1.527778 0.052360 0.000000
vt -1.805556 0.065450 0.000000
vt -1.527778 0.065450 0.000000
vt -1.250000 0.065450 0.000000
vt -0.972222 0.065450 0.000000
vt -0.972222 0.052360 0.000000
vt -0.694444 0.052360 0.000000
vt -0.694444 0.039270 0.000000
vt -0.416667 0.039270 0.000000
vt -0.416667 0.026180 0.000000
vt -0.138889 0.026180 0.000000
vt -0.138889 0.013090 0.000000
vt 0.138889 0.013090 0.000000
vt 0.416667 0.013090 0.000000
vt 0.694444 0.013090 0.000000
vt 0.416667 0.026180 0.000000
vt 0.694444 0.026180 0.000000
vt 0.416667 0.039270 0.000000
vt 0.694444 0.039270 0.000000
vt 0.416667 0.052360 0.000000
vt 0.694444 0.052360 0.000000
vt 0.416667 0.065450 0.000000
vt 0.694444 0.065450 0.000000
vt 0.972222 0.065450 0.000000
vt 1.250000 0.065450 0.000000
vt 1.250000 0.052360 0.000000
vt 1.527778 0.052360 0.000000
vt 1.527778 0.039270 0.000000
vt 1.805556 0.039270 0.000000
vt 1.805556 0.026180 0.000000
vt 2.083333 0.026180 0.000000
vt 2.083333 0.013090 0.000000
vt 2.361111 0.013090 0.000000
vt 2.638889 0.013090 0.000000
vt 2.916667 0.013090 0.000000
vt 2.638889 0.026180 0.000000
vt 2.916667 0.026180 0.000000
vt 2.638889 0.039270 0.000000
vt 2.916667 0.039270 0.000000
vt 2.638889 0.052360 0.000000
vt 2.916667 0.052360 0.000000
vt 2.638889 0.065450 0.000000
vt 2.916667 0.065450 0.000000
vt 3.194444 0.065450 0.000000
vt 3.472222 0.065450 0.000000
vt 3.472222 0.052360 0.000000
vt 3.750000 0.052360 0.000000
vt 3.750000 0.039270 0.000000
vt 4.027778 0.039270 0.000000
vt 4.027778 0.026180 0.000000
vt 4.305556 0.026180 0.000000
vt 4.305556 0.013090 0.000000
vt 4.583333 0.013090 0.000000
vt 8.750000 -0.000000 0.000000
vt 4.861111 0.013090 0.000000
vt 5.138889 0.013090 0.000000
vt 4.861111 0.026180 0.000000
vt 5.138889 0.026180 0.000000
vt 4.861111 0.039270 0.000000
vt 5.138889 0.039270 0.000000
vt 4.861111 0.052360 0.000000
vt 5.138889 0.052360 0.000000
vt 4.861111 0.065450 0.000000
vt 5.138889 0.065450 0.000000
vt 8.750000 0.078540 0.000000
vt 5.416667 0.065450 0.000000
vt 5.694444 0.065450 0.000000
vt 5.694444 0.052360 0.000000
vt 5.972222 0.052360 0.000000
vt 5.972222 0.039270 0.000000
vt 6.250000 0.039270 0.000000
vt 6.250000 0.026180 0.000000
vt 6.527778 0.026180 0.000000
vt 6.527778 0.013090 0.000000
vt 6.805556 0.013090 0.000000
vt 7.083333 0.013090 0.000000
vt 7.361111 0.013090 0.000000
vt 7.083333 0.026180 0.000000
vt 7.361111 0.026180 0.000000
vt 7.083333 0.039270 0.000000
vt 7.361111 0.039270 0.000000
vt 7.083333 0.052360 0.000000
vt 7.361111 0.052360 0.000000
vt 7.083333 0.065450 0.000000
vt 7.361111 0.065450 0.000000
vt 7.638889 0.065450 0.000000
vt 7.916667 0.065450 0.000000
vt 7.916667 0.052360 0.000000
vt 8.194444 0.052360 0.000000
vt 8.194444 0.039270 0.000000
vt 8.472222 0.039270 0.000000
vt 8.472222 0.026180 0.000000
vt 8.750000 0.026180 0.000000
vt 8.750000 0.013090 0.000000
vt 8.472222 0.013090 0.000000
vt 8.194444 0.013090 0.000000
vt 7.916667 0.013090 0.000000
vt 7.916667 0.026180 0.000000
vt 7.638889 0.026180 0.000000
vt 7.638889 0.039270 0.000000
vt -8.472222 0.052360 0.000000
vt -8.750000 0.052360 0.000000
vt -8.472222 0.039270 0.000000
vt -8.750000 0.039270 0.000000
vt -8.472222 0.026180 0.000000
vt -8.750000 0.026180 0.000000
vt -8.472222 0.013090 0.000000
vt -8.750000 0.013090 0.000000
vt 4.027778 0.013090 0.000000
vt 3.750000 0.013090 0.000000
vt 3.750000 0.026180 0.000000
vt 3.472222 0.026180 0.000000
vt 3.472222 0.039270 0.000000
vt 3.194444 0.039270 0.000000
vt 3.194444 0.052360 0.000000
vt 8.750000 0.039270 0.000000
vt 8.472222 0.052360 0.000000
vt 8.194444 0.065450 0.000000
vt 8.750000 0.052360 0.000000
vt 8.472222 0.065450 0.000000
vt 8.750000 0.065450 0.000000
vt 4.305556 0.065450 0.000000
vt 4.583333 0.065450 0.000000
vt -4.305556 0.065450 0.000000
vt -4.583333 0.065450 0.000000
vt -4.861111 0.065450 0.000000
vt -4.583333 0.052360 0.000000
vt -4.861111 0.052360 0.000000
vt -4.583333 0.039270 0.000000
vt -4.861111 0.039270 0.000000
vt -4.583333 0.026180 0.000000
vt -8.194444 0.052360 0.000000
vt -8.194444 0.039270 0.000000
vt -8.194444 0.026180 0.000000
vt -8.194444 0.013090 0.000000
vt -7.638889 0.065450 0.000000
vt -7.361111 0.065450 0.000000
vt -7.083333 0.065450 0.000000
vt -7.083333 0.052360 0.000000
vt -6.805556 0.052360 0.000000
vt -6.805556 0.039270 0.000000
vt -7.361111 0.052360 0.000000
vt -6.805556 0.065450 0.000000
vt -5.972222 0.052360 0.000000
vt -5.972222 0.039270 0.000000
vt -5.972222 0.026180 0.000000
vt -5.972222 0.013090 0.000000
vt -5.416667 0.065450 0.000000
vt -5.138889 0.065450 0.000000
vt -5.138889 0.052360 0.000000
vt -4.305556 0.052360 0.000000
vt -4.305556 0.039270 0.000000
vt -4.305556 0.026180 0.000000
vt -3.472222 0.052360 0.000000
vt -3.472222 0.039270 0.000000
vt -3.472222 0.026180 0.000000
vt -3.472222 0.013090 0.000000
vt -2.916667 0.065450 0.000000
vt -2.638889 0.065450 0.000000
vt -2.361111 0.065450 0.000000
vt -2.361111 0.052360 0.000000
vt -2.083333 0.052360 0.000000
vt -2.083333 0.039270 0.000000
vt -2.638889 0.052360 0.000000
vt -2.083333 0.065450 0.000000
vt -1.250000 0.052360 0.000000
vt -1.250000 0.039270 0.000000
vt -1.250000 0.026180 0.000000
vt -1.250000 0.013090 0.000000
vt -0.694444 0.065450 0.000000
vt -0.416667 0.065450 0.000000
vt -0.138889 0.065450 0.000000
vt -0.138889 0.052360 0.000000
vt 0.138889 0.052360 0.000000
vt 0.138889 0.039270 0.000000
vt -0.416667 0.052360 0.000000
vt 0.138889 0.065450 0.000000
vt 0.972222 0.052360 0.000000
vt 0.972222 0.039270 0.000000
vt 0.972222 0.026180 0.000000
vt 0.972222 0.013090 0.000000
vt 1.527778 0.065450 0.000000
vt 1.805556 0.065450 0.000000
vt 2.083333 0.065450 0.000000
vt 2.083333 0.052360 0.000000
vt 2.361111 0.052360 0.000000
vt 2.361111 0.039270 0.000000
vt 1.805556 0.052360 0.000000
vt 2.361111 0.065450 0.000000
vt 3.750000 0.065450 0.000000
vt 4.027778 0.065450 0.000000
vt 4.305556 0.052360 0.000000
vt 4.583333 0.052360 0.000000
vt 4.583333 0.039270 0.000000
vt 4.027778 0.052360 0.000000
vt 5.416667 0.052360 0.000000
vt 5.416667 0.039270 0.000000
vt 5.416667 0.026180 0.000000
vt 5.416667 0.013090 0.000000
vt 5.972222 0.065450 0.000000
vt 6.250000 0.065450 0.000000
vt 6.527778 0.065450 0.000000
vt 6.527778 0.052360 0.000000
vt 6.805556 0.052360 0.000000
vt 6.805556 0.039270 0.000000
vt 6.250000 0.052360 0.000000
vt 6.805556 0.065450 0.000000
vt 7.638889 0.052360 0.000000
vt -7.916667 0.039270 0.000000
vt -7.638889 0.026180 0.000000
vt -7.361111 0.013090 0.000000
vt -7.083333 0.039270 0.000000
vt -5.694444 0.039270 0.000000
vt -5.416667 0.026180 0.000000
vt -5.138889 0.013090 0.000000
vt -3.194444 0.039270 0.000000
vt -2.916667 0.026180 0.000000
vt -2.638889 0.013090 0.000000
vt -2.361111 0.039270 0.000000
vt -0.972222 0.039270 0.000000
vt -0.694444 0.026180 0.000000
vt -0.416667 0.013090 0.000000
vt -0.138889 0.039270 0.000000
vt 1.250000 0.039270 0.000000
vt 1.527778 0.026180 0.000000
vt 1.805556 0.013090 0.000000
vt 2.083333 0.039270 0.000000
vt 4.305556 0.039270 0.000000
vt 5.694444 0.039270 0.000000
vt 5.972222 0.026180 0.000000
vt 6.250000 0.013090 0.000000
vt 6.527778 0.039270 0.000000
vt 7.916667 0.039270 0.000000
vt 8.194444 0.026180 0.000000
vt -7.916667 0.026180 0.000000
vt -7.916667 0.013090 0.000000
vt -6.805556 0.026180 0.000000
vt -5.694444 0.026180 0.000000
vt -5.694444 0.013090 0.000000
vt -3.194444 0.026180 0.000000
vt -3.194444 0.013090 0.000000
vt -2.083333 0.026180 0.000000
vt -0.972222 0.026180 0.000000
vt -0.972222 0.013090 0.000000
vt 0.138889 0.026180 0.000000
vt 1.250000 0.026180 0.000000
vt 1.250000 0.013090 0.000000
vt 2.361111 0.026180 0.000000
vt 3.194444 0.026180 0.000000
vt 3.194444 0.013090 0.000000
vt 4.583333 0.026180 0.000000
vt 5.694444 0.026180 0.000000
vt 5.694444 0.013090 0.000000
vt 6.805556 0.026180 0.000000
vt -7.638889 0.013090 0.000000
vt -5.416667 0.013090 0.000000
vt -2.916667 0.013090 0.000000
vt -0.694444 0.013090 0.000000
vt 1.527778 0.013090 0.000000
vt 3.472222 0.013090 0.000000
vt 5.972222 0.013090 0.000000
vt 7.638889 0.013090 0.000000
vt 17.500000 -0.143990 0.000000
vt 17.222222 -0.143990 0.000000
vt 17.500000 -0.157080 0.000000
vt 16.944444 -0.143990 0.000000
vt 16.666667 -0.143990 0.000000
vt 16.666667 -0.130900 0.000000
vt 16.388889 -0.130900 0.000000
vt 16.388889 -0.117810 0.000000
vt 16.111111 -0.117810 0.000000
vt 16.111111 -0.104720 0.000000
vt 15.833333 -0.104720 0.000000
vt 15.833333 -0.091630 0.000000
vt 15.555556 -0.091630 0.000000
vt 17.500000 -0.078540 0.000000
vt 15.277778 -0.091630 0.000000
vt 15.000000 -0.091630 0.000000
vt 15.277778 -0.104720 0.000000
vt 15.000000 -0.104720 0.000000
vt 15.277778 -0.117810 0.000000
vt 15.000000 -0.117810 0.000000
vt 15.277778 -0.130900 0.000000
vt 15.000000 -0.130900 0.000000
vt 15.277778 -0.143990 0.000000
vt 15.000000 -0.143990 0.000000
vt 14.722222 -0.143990 0.000000
vt 14.444444 -0.143990 0.000000
vt 14.444444 -0.130900 0.000000
vt 14.166667 -0.130900 0.000000
vt 14.166667 -0.117810 0.000000
vt 13.888889 -0.117810 0.000000
vt 13.888889 -0.104720 0.000000
vt 13.611111 -0.104720 0.000000
vt 13.611111 -0.091630 0.000000
vt 13.333333 -0.091630 0.000000
vt 13.055556 -0.091630 0.000000
vt 8.750000 -0.078540 0.000000
vt 12.777778 -0.091630 0.000000
vt 12.500000 -0.091630 0.000000
vt 12.777778 -0.104720 0.000000
vt 12.500000 -0.104720 0.000000
vt 12.777778 -0.117810 0.000000
vt 12.500000 -0.117810 0.000000
vt 12.777778 -0.130900 0.000000
vt 12.500000 -0.130900 0.000000
vt 12.777778 -0.143990 0.000000
vt 12.500000 -0.143990 0.000000
vt 8.750000 -0.157080 0.000000
vt 12.222222 -0.143990 0.000000
vt 11.944444 -0.143990 0.000000
vt 11.944444 -0.130900 0.000000
vt 11.666667 -0.130900 0.000000
vt 11.666667 -0.117810 0.000000
vt 11.388889 -0.117810 0.000000
vt 11.388889 -0.104720 0.000000
vt 11.111111 -0.104720 0.000000
vt 11.111111 -0.091630 0.000000
vt 10.833333 -0.091630 0.000000
vt 10.555556 -0.091630 0.000000
vt 10.277778 -0.091630 0.000000
vt 10.555556 -0.104720 0.000000
vt 10.277778 -0.104720 0.000000
vt 10.555556 -0.117810 0.000000
vt 10.277778 -0.117810 0.000000
vt 10.555556 -0.130900 0.000000
vt 10.277778 -0.130900 0.000000
vt 10.555556 -0.143990 0.000000
vt 10.277778 -0.143990 0.000000
vt 10.000000 -0.143990 0.000000
vt 9.722222 -0.143990 0.000000
vt 9.722222 -0.130900 0.000000
vt 9.444444 -0.130900 0.000000
vt 9.444444 -0.117810 0.000000
vt 9.166667 -0.117810 0.000000
vt 9.166667 -0.104720 0.000000
vt 8.888889 -0.104720 0.000000
vt 8.888889 -0.091630 0.000000
vt 8.611111 -0.091630 0.000000
vt 8.333333 -0.091630 0.000000
vt 8.055556 -0.091630 0.000000
vt 8.333333 -0.104720 0.000000
vt 8.055556 -0.104720 0.000000
vt 8.333333 -0.117810 0.000000
vt 8.055556 -0.117810 0.000000
vt 8.333333 -0.130900 0.000000
vt 8.055556 -0.130900 0.000000
vt 8.333333 -0.143990 0.000000
vt 8.055556 -0.143990 0.000000
vt 7.777778 -0.143990 0.000000
vt 7.500000 -0.143990 0.000000
vt 7.500000 -0.130900 0.000000
vt 7.222222 -0.130900 0.000000
vt 7.222222 -0.117810 0.000000
vt 6.944444 -0.117810 0.000000
vt 6.944444 -0.104720 0.000000
vt 6.666667 -0.104720 0.000000
vt 6.666667 -0.091630 0.000000
vt 6.388889 -0.091630 0.000000
vt 6.111111 -0.091630 0.000000
vt 5.833333 -0.091630 0.000000
vt 6.111111 -0.104720 0.000000
vt 5.833333 -0.104720 0.000000
vt 6.111111 -0.117810 0.000000
vt 5.833333 -0.117810 0.000000
vt 6.111111 -0.130900 0.000000
vt 5.833333 -0.130900 0.000000
vt 6.111111 -0.143990 0.000000
vt 5.833333 -0.143990 0.000000
vt 5.555556 -0.143990 0.000000
vt 5.277778 -0.143990 0.000000
vt 5.277778 -0.130900 0.000000
vt 5.000000 -0.130900 0.000000
vt 5.000000 -0.117810 0.000000
vt 4.722222 -0.117810 0.000000
vt 4.722222 -0.104720 0.000000
vt 4.444444 -0.104720 0.000000
vt 4.444444 -0.091630 0.000000
vt 4.166667 -0.091630 0.000000
vt -0.000000 -0.078540 0.000000
vt 3.888889 -0.091630 0.000000
vt 3.611111 -0.091630 0.000000
vt 3.888889 -0.104720 0.000000
vt 3.611111 -0.104720 0.000000
vt 3.888889 -0.117810 0.000000
vt 3.611111 -0.117810 0.000000
vt 3.888889 -0.130900 0.000000
vt 3.611111 -0.130900 0.000000
vt 3.888889 -0.143990 0.000000
vt 3.611111 -0.143990 0.000000
vt 0.000000 -0.157080 0.000000
vt 3.333333 -0.143990 0.000000
vt 3.055556 -0.143990 0.000000
vt 3.055556 -0.130900 0.000000
vt 2.777778 -0.130900 0.000000
vt 2.777778 -0.117810 0.000000
vt 2.500000 -0.117810 0.000000
vt 2.500000 -0.104720 0.000000
vt 2.222222 -0.104720 0.000000
vt 2.222222 -0.091630 0.000000
vt 1.944444 -0.091630 0.000000
vt 1.666667 -0.091630 0.000000
vt 1.388889 -0.091630 0.000000
vt 1.666667 -0.104720 0.000000
vt 1.388889 -0.104720 0.000000
vt 1.666667 -0.117810 0.000000
vt 1.388889 -0.117810 0.000000
vt 1.666667 -0.130900 0.000000
vt 1.388889 -0.130900 0.000000
vt 1.666667 -0.143990 0.000000
vt 1.388889 -0.143990 0.000000
vt 1.111111 -0.143990 0.000000
vt 0.833333 -0.143990 0.000000
vt 0.833333 -0.130900 0.000000
vt 0.555556 -0.130900 0.000000
vt 0.555556 -0.117810 0.000000
vt 0.277778 -0.117810 0.000000
vt 0.277778 -0.104720 0.000000
vt 0.000000 -0.104720 0.000000
vt 0.000000 -0.091630 0.000000
vt 0.277778 -0.091630 0.000000
vt 0.555556 -0.091630 0.000000
vt 0.833333 -0.091630 0.000000
vt 0.833333 -0.104720 0.000000
vt 1.111111 -0.104720 0.000000
vt 1.111111 -0.117810 0.000000
vt 17.222222 -0.130900 0.000000
vt 17.500000 -0.130900 0.000000
vt 17.222222 -0.117810 0.000000
vt 17.500000 -0.117810 0.000000
vt 17.222222 -0.104720 0.000000
vt 17.500000 -0.104720 0.000000
vt 17.222222 -0.091630 0.000000
vt 17.500000 -0.091630 0.000000
vt 4.722222 -0.091630 0.000000
vt 5.000000 -0.091630 0.000000
vt 5.000000 -0.104720 0.000000
vt 5.277778 -0.104720 0.000000
vt 5.277778 -0.117810 0.000000
vt 5.555556 -0.117810 0.000000
vt 5.555556 -0.130900 0.000000
vt 0.000000 -0.117810 0.000000
vt 0.277778 -0.130900 0.000000
vt 0.555556 -0.143990 0.000000
vt 0.000000 -0.130900 0.000000
vt 0.277778 -0.143990 0.000000
vt 0.000000 -0.143990 0.000000
vt 4.444444 -0.143990 0.000000
vt 4.166667 -0.143990 0.000000
vt 13.055556 -0.143990 0.000000
vt 13.333333 -0.143990 0.000000
vt 13.611111 -0.143990 0.000000
vt 13.333333 -0.130900 0.000000
vt 13.611111 -0.130900 0.000000
vt 13.333333 -0.117810 0.000000
vt 13.611111 -0.117810 0.000000
vt 13.333333 -0.104720 0.000000
vt 16.944444 -0.130900 0.000000
vt 16.944444 -0.117810 0.000000
vt 16.944444 -0.104720 0.000000
vt 16.944444 -0.091630 0.000000
vt 16.388889 -0.143990 0.000000
vt 16.111111 -0.143990 0.000000
vt 15.833333 -0.143990 0.000000
vt 15.833333 -0.130900 0.000000
vt 15.555556 -0.130900 0.000000
vt 15.555556 -0.117810 0.000000
vt 16.111111 -0.130900 0.000000
vt 15.555556 -0.143990 0.000000
vt 14.722222 -0.130900 0.000000
vt 14.722222 -0.117810 0.000000
vt 14.722222 -0.104720 0.000000
vt 14.722222 -0.091630 0.000000
vt 14.166667 -0.143990 0.000000
vt 13.888889 -0.143990 0.000000
vt 13.888889 -0.130900 0.000000
vt 13.055556 -0.130900 0.000000
vt 13.055556 -0.117810 0.000000
vt 13.055556 -0.104720 0.000000
vt 12.222222 -0.130900 0.000000
vt 12.222222 -0.117810 0.000000
vt 12.222222 -0.104720 0.000000
vt 12.222222 -0.091630 0.000000
vt 11.666667 -0.143990 0.000000
vt 11.388889 -0.143990 0.000000
vt 11.111111 -0.143990 0.000000
vt 11.111111 -0.130900 0.000000
vt 10.833333 -0.130900 0.000000
vt 10.833333 -0.117810 0.000000
vt 11.388889 -0.130900 0.000000
vt 10.833333 -0.143990 0.000000
vt 10.000000 -0.130900 0.000000
vt 10.000000 -0.117810 0.000000
vt 10.000000 -0.104720 0.000000
vt 10.000000 -0.091630 0.000000
vt 9.444444 -0.143990 0.000000
vt 9.166667 -0.143990 0.000000
vt 8.888889 -0.143990 0.000000
vt 8.888889 -0.130900 0.000000
vt 8.611111 -0.130900 0.000000
vt 8.611111 -0.117810 0.000000
vt 9.166667 -0.130900 0.000000
vt 8.611111 -0.143990 0.000000
vt 7.777778 -0.130900 0.000000
vt 7.777778 -0.117810 0.000000
vt 7.777778 -0.104720 0.000000
vt 7.777778 -0.091630 0.000000
vt 7.222222 -0.143990 0.000000
vt 6.944444 -0.143990 0.000000
vt 6.666667 -0.143990 0.000000
vt 6.666667 -0.130900 0.000000
vt 6.388889 -0.130900 0.000000
vt 6.388889 -0.117810 0.000000
vt 6.944444 -0.130900 0.000000
vt 6.388889 -0.143990 0.000000
vt 5.000000 -0.143990 0.000000
vt 4.722222 -0.143990 0.000000
vt 4.444444 -0.130900 0.000000
vt 4.166667 -0.130900 0.000000
vt 4.166667 -0.117810 0.000000
vt 4.722222 -0.130900 0.000000
vt 3.333333 -0.130900 0.000000
vt 3.333333 -0.117810 0.000000
vt 3.333333 -0.104720 0.000000
vt 3.333333 -0.091630 0.000000
vt 2.777778 -0.143990 0.000000
vt 2.500000 -0.143990 0.000000
vt 2.222222 -0.143990 0.000000
vt 2.222222 -0.130900 0.000000
vt 1.944444 -0.130900 0.000000
vt 1.944444 -0.117810 0.000000
vt 2.500000 -0.130900 0.000000
vt 1.944444 -0.143990 0.000000
vt 1.111111 -0.130900 0.000000
vt 16.666667 -0.117810 0.000000
vt 16.388889 -0.104720 0.000000
vt 16.111111 -0.091630 0.000000
vt 15.833333 -0.117810 0.000000
vt 14.444444 -0.117810 0.000000
vt 14.166667 -0.104720 0.000000
vt 13.888889 -0.091630 0.000000
vt 11.944444 -0.117810 0.000000
vt 11.666667 -0.104720 0.000000
vt 11.388889 -0.091630 0.000000
vt 11.111111 -0.117810 0.000000
vt 9.722222 -0.117810 0.000000
vt 9.444444 -0.104720 0.000000
vt 9.166667 -0.091630 0.000000
vt 8.888889 -0.117810 0.000000
vt 7.500000 -0.117810 0.000000
vt 7.222222 -0.104720 0.000000
vt 6.944444 -0.091630 0.000000
vt 6.666667 -0.117810 0.000000
vt 4.444444 -0.117810 0.000000
vt 3.055556 -0.117810 0.000000
vt 2.777778 -0.104720 0.000000
vt 2.500000 -0.091630 0.000000
vt 2.222222 -0.117810 0.000000
vt 0.833333 -0.117810 0.000000
vt 0.555556 -0.104720 0.000000
vt 16.666667 -0.104720 0.000000
vt 16.666667 -0.091630 0.000000
vt 15.555556 -0.104720 0.000000
vt 14.444444 -0.104720 0.000000
vt 14.444444 -0.091630 0.000000
vt 11.944444 -0.104720 0.000000
vt 11.944444 -0.091630 0.000000
vt 10.833333 -0.104720 0.000000
vt 9.722222 -0.104720 0.000000
vt 9.722222 -0.091630 0.000000
vt 8.611111 -0.104720 0.000000
vt 7.500000 -0.104720 0.000000
vt 7.500000 -0.091630 0.000000
vt 6.388889 -0.104720 0.000000
vt 5.555556 -0.104720 0.000000
vt 5.555556 -0.091630 0.000000
vt 4.166667 -0.104720 0.000000
vt 3.055556 -0.104720 0.000000
vt 3.055556 -0.091630 0.000000
vt 1.944444 -0.104720 0.000000
vt 16.388889 -0.091630 0.000000
vt 14.166667 -0.091630 0.000000
vt 11.666667 -0.091630 0.000000
vt 9.444444 -0.091630 0.000000
vt 7.222222 -0.091630 0.000000
vt 5.277778 -0.091630 0.000000
vt 2.777778 -0.091630 0.000000
vt 1.111111 -0.091630 0.000000
vt 0.000000 -0.143990 0.000000
vt -0.277778 -0.143990 0.000000
vt 0.000000 -0.157080 0.000000
vt -0.555556 -0.143990 0.000000
vt -0.833333 -0.143990 0.000000
vt -0.833333 -0.130900 0.000000
vt -1.111111 -0.130900 0.000000
vt -1.111111 -0.117810 0.000000
vt -1.388889 -0.117810 0.000000
vt -1.388889 -0.104720 0.000000
vt -1.666667 -0.104720 0.000000
vt -1.666667 -0.091630 0.000000
vt -1.944444 -0.091630 0.000000
vt 0.000000 -0.078540 0.000000
vt -2.222222 -0.091630 0.000000
vt -2.500000 -0.091630 0.000000
vt -2.222222 -0.104720 0.000000
vt -2.500000 -0.104720 0.000000
vt -2.222222 -0.117810 0.000000
vt -2.500000 -0.117810 0.000000
vt -2.222222 -0.130900 0.000000
vt -2.500000 -0.130900 0.000000
vt -2.222222 -0.143990 0.000000
vt -2.500000 -0.143990 0.000000
vt -2.777778 -0.143990 0.000000
vt -3.055556 -0.143990 0.000000
vt -3.055556 -0.130900 0.000000
vt -3.333333 -0.130900 0.000000
vt -3.333333 -0.117810 0.000000
vt -3.611111 -0.117810 0.000000
vt -3.611111 -0.104720 0.000000
vt -3.888889 -0.104720 0.000000
vt -3.888889 -0.091630 0.000000
vt -4.166667 -0.091630 0.000000
vt -4.444444 -0.091630 0.000000
vt -8.750000 -0.078540 0.000000
vt -4.722222 -0.091630 0.000000
vt -5.000000 -0.091630 0.000000
vt -4.722222 -0.104720 0.000000
vt -5.000000 -0.104720 0.000000
vt -4.722222 -0.117810 0.000000
vt -5.000000 -0.117810 0.000000
vt -4.722222 -0.130900 0.000000
vt -5.000000 -0.130900 0.000000
vt -4.722222 -0.143990 0.000000
vt -5.000000 -0.143990 0.000000
vt -8.750000 -0.157080 0.000000
vt -5.277778 -0.143990 0.000000
vt -5.555556 -0.143990 0.000000
vt -5.555556 -0.130900 0.000000
vt -5.833333 -0.130900 0.000000
vt -5.833333 -0.117810 0.000000
vt -6.111111 -0.117810 0.000000
vt -6.111111 -0.104720 0.000000
vt -6.388889 -0.104720 0.000000
vt -6.388889 -0.091630 0.000000
vt -6.666667 -0.091630 0.000000
vt -6.944444 -0.091630 0.000000
vt -7.222222 -0.091630 0.000000
vt -6.944444 -0.104720 0.000000
vt -7.222222 -0.104720 0.000000
vt -6.944444 -0.117810 0.000000
vt -7.222222 -0.117810 0.000000
vt -6.944444 -0.130900 0.000000
vt -7.222222 -0.130900 0.000000
vt -6.944444 -0.143990 0.000000
vt -7.222222 -0.143990 0.000000
vt -7.500000 -0.143990 0.000000
vt -7.777778 -0.143990 0.000000
vt -7.777778 -0.130900 0.000000
vt -8.055556 -0.130900 0.000000
vt -8.055556 -0.117810 0.000000
vt -8.333333 -0.117810 0.000000
vt -8.333333 -0.104720 0.000000
vt -8.611111 -0.104720 0.000000
vt -8.611111 -0.091630 0.000000
vt -8.888889 -0.091630 0.000000
vt -9.166667 -0.091630 0.000000
vt -9.444444 -0.091630 0.000000
vt -9.166667 -0.104720 0.000000
vt -9.444444 -0.104720 0.000000
vt -9.166667 -0.117810 0.000000
vt -9.444444 -0.117810 0.000000
vt -9.166667 -0.130900 0.000000
vt -9.444444 -0.130900 0.000000
vt -9.166667 -0.143990 0.000000
vt -9.444444 -0.143990 0.000000
vt -9.722222 -0.143990 0.000000
vt -10.000000 -0.143990 0.000000
vt -10.000000 -0.130900 0.000000
vt -10.277778 -0.130900 0.000000
vt -10.277778 -0.117810 0.000000
vt -10.555556 -0.117810 0.000000
vt -10.555556 -0.104720 0.000000
vt -10.833333 -0.104720 0.000000
vt -10.833333 -0.091630 0.000000
vt -11.111111 -0.091630 0.000000
vt -11.388889 -0.091630 0.000000
vt -11.666667 -0.091630 0.000000
vt -11.388889 -0.104720 0.000000
vt -11.666667 -0.104720 0.000000
vt -11.388889 -0.117810 0.000000
vt -11.666667 -0.117810 0.000000
vt -11.388889 -0.130900 0.000000
vt -11.666667 -0.130900 0.000000
vt -11.388889 -0.143990 0.000000
vt -11.666667 -0.143990 0.000000
vt -11.944444 -0.143990 0.000000
vt -12.222222 -0.143990 0.000000
vt -12.222222 -0.130900 0.000000
vt -12.500000 -0.130900 0.000000
vt -12.500000 -0.117810 0.000000
vt -12.777778 -0.117810 0.000000
vt -12.777778 -0.104720 0.000000
vt -13.055556 -0.104720 0.000000
vt -13.055556 -0.091630 0.000000
vt -13.333333 -0.091630 0.000000
vt -17.500000 -0.078540 0.000000
vt -13.611111 -0.091630 0.000000
vt -13.888889 -0.091630 0.000000
vt -13.611111 -0.104720 0.000000
vt -13.888889 -0.104720 0.000000
vt -13.611111 -0.117810 0.000000
vt -13.888889 -0.117810 0.000000
vt -13.611111 -0.130900 0.000000
vt -13.888889 -0.130900 0.000000
vt -13.611111 -0.143990 0.000000
vt -13.888889 -0.143990 0.000000
vt -17.500000 -0.157080 0.000000
vt -14.166667 -0.143990 0.000000
vt -14.444444 -0.143990 0.000000
vt -14.444444 -0.130900 0.000000
vt -14.722222 -0.130900 0.000000
vt -14.722222 -0.117810 0.000000
vt -15.000000 -0.117810 0.000000
vt -15.000000 -0.104720 0.000000
vt -15.277778 -0.104720 0.000000
vt -15.277778 -0.091630 0.000000
vt -15.555556 -0.091630 0.000000
vt -15.833333 -0.091630 0.000000
vt -16.111111 -0.091630 0.000000
vt -15.833333 -0.104720 0.000000
vt -16.111111 -0.104720 0.000000
vt -15.833333 -0.117810 0.000000
vt -16.111111 -0.117810 0.000000
vt -15.833333 -0.130900 0.000000
vt -16.111111 -0.130900 0.000000
vt -15.833333 -0.143990 0.000000
vt -16.111111 -0.143990 0.000000
vt -16.388889 -0.143990 0.000000
vt -16.666667 -0.143990 0.000000
vt -16.666667 -0.130900 0.000000
vt -16.944444 -0.130900 0.000000
vt -16.944444 -0.117810 0.000000
vt -17.222222 -0.117810 0.000000
vt -17.222222 -0.104720 0.000000
vt -17.500000 -0.104720 0.000000
vt -17.500000 -0.091630 0.000000
vt -17.222222 -0.091630 0.000000
vt -16.944444 -0.091630 0.000000
vt -16.666667 -0.091630 0.000000
vt -16.666667 -0.104720 0.000000
vt -16.388889 -0.104720 0.000000
vt -16.388889 -0.117810 0.000000
vt -0.277778 -0.130900 0.000000
vt 0.000000 -0.130900 0.000000
vt -0.277778 -0.117810 0.000000
vt 0.000000 -0.117810 0.000000
vt -0.277778 -0.104720 0.000000
vt 0.000000 -0.104720 0.000000
vt -0.277778 -0.091630 0.000000
vt 0.000000 -0.091630 0.000000
vt -12.777778 -0.091630 0.000000
vt -12.500000 -0.091630 0.000000
vt -12.500000 -0.104720 0.000000
vt -12.222222 -0.104720 0.000000
vt -12.222222 -0.117810 0.000000
vt -11.944444 -0.117810 0.000000
vt -11.944444 -0.130900 0.000000
vt -17.500000 -0.117810 0.000000
vt -17.222222 -0.130900 0.000000
vt -16.944444 -0.143990 0.000000
vt -17.500000 -0.130900 0.000000
vt -17.222222 -0.143990 0.000000
vt -17.500000 -0.143990 0.000000
vt -13.055556 -0.143990 0.000000
vt -13.333333 -0.143990 0.000000
vt -4.444444 -0.143990 0.000000
vt -4.166667 -0.143990 0.000000
vt -3.888889 -0.143990 0.000000
vt -4.166667 -0.130900 0.000000
vt -3.888889 -0.130900 0.000000
vt -4.166667 -0.117810 0.000000
vt -3.888889 -0.117810 0.000000
vt -4.166667 -0.104720 0.000000
vt -0.555556 -0.130900 0.000000
vt -0.555556 -0.117810 0.000000
vt -0.555556 -0.104720 0.000000
vt -0.555556 -0.091630 0.000000
vt -1.111111 -0.143990 0.000000
vt -1.388889 -0.143990 0.000000
vt -1.666667 -0.143990 0.000000
vt -1.666667 -0.130900 0.000000
vt -1.944444 -0.130900 0.000000
vt -1.944444 -0.117810 0.000000
vt -1.388889 -0.130900 0.000000
vt -1.944444 -0.143990 0.000000
vt -2.777778 -0.130900 0.000000
vt -2.777778 -0.117810 0.000000
vt -2.777778 -0.104720 0.000000
vt -2.777778 -0.091630 0.000000
vt -3.333333 -0.143990 0.000000
vt -3.611111 -0.143990 0.000000
vt -3.611111 -0.130900 0.000000
vt -4.444444 -0.130900 0.000000
vt -4.444444 -0.117810 0.000000
vt -4.444444 -0.104720 0.000000
vt -5.277778 -0.130900 0.000000
vt -5.277778 -0.117810 0.000000
vt -5.277778 -0.104720 0.000000
vt -5.277778 -0.091630 0.000000
vt -5.833333 -0.143990 0.000000
vt -6.111111 -0.143990 0.000000
vt -6.388889 -0.143990 0.000000
vt -6.388889 -0.130900 0.000000
vt -6.666667 -0.130900 0.000000
vt -6.666667 -0.117810 0.000000
vt -6.111111 -0.130900 0.000000
vt -6.666667 -0.143990 0.000000
vt -7.500000 -0.130900 0.000000
vt -7.500000 -0.117810 0.000000
vt -7.500000 -0.104720 0.000000
vt -7.500000 -0.091630 0.000000
vt -8.055556 -0.143990 0.000000
vt -8.333333 -0.143990 0.000000
vt -8.611111 -0.143990 0.000000
vt -8.611111 -0.130900 0.000000
vt -8.888889 -0.130900 0.000000
vt -8.888889 -0.117810 0.000000
vt -8.333333 -0.130900 0.000000
vt -8.888889 -0.143990 0.000000
vt -9.722222 -0.130900 0.000000
vt -9.722222 -0.117810 0.000000
vt -9.722222 -0.104720 0.000000
vt -9.722222 -0.091630 0.000000
vt -10.277778 -0.143990 0.000000
vt -10.555556 -0.143990 0.000000
vt -10.833333 -0.143990 0.000000
vt -10.833333 -0.130900 0.000000
vt -11.111111 -0.130900 0.000000
vt -11.111111 -0.117810 0.000000
vt -10.555556 -0.130900 0.000000
vt -11.111111 -0.143990 0.000000
vt -12.500000 -0.143990 0.000000
vt -12.777778 -0.143990 0.000000
vt -13.055556 -0.130900 0.000000
vt -13.333333 -0.130900 0.000000
vt -13.333333 -0.117810 0.000000
vt -12.777778 -0.130900 0.000000
vt -14.166667 -0.130900 0.000000
vt -14.166667 -0.117810 0.000000
vt -14.166667 -0.104720 0.000000
vt -14.166667 -0.091630 0.000000
vt -14.722222 -0.143990 0.000000
vt -15.000000 -0.143990 0.000000
vt -15.277778 -0.143990 0.000000
vt -15.277778 -0.130900 0.000000
vt -15.555556 -0.130900 0.000000
vt -15.555556 -0.117810 0.000000
vt -15.000000 -0.130900 0.000000
vt -15.555556 -0.143990 0.000000
vt -16.388889 -0.130900 0.000000
vt -0.833333 -0.117810 0.000000
vt -1.111111 -0.104720 0.000000
vt -1.388889 -0.091630 0.000000
vt -1.666667 -0.117810 0.000000
vt -3.055556 -0.117810 0.000000
vt -3.333333 -0.104720 0.000000
vt -3.611111 -0.091630 0.000000
vt -5.555556 -0.117810 0.000000
vt -5.833333 -0.104720 0.000000
vt -6.111111 -0.091630 0.000000
vt -6.388889 -0.117810 0.000000
vt -7.777778 -0.117810 0.000000
vt -8.055556 -0.104720 0.000000
vt -8.333333 -0.091630 0.000000
vt -8.611111 -0.117810 0.000000
vt -10.000000 -0.117810 0.000000
vt -10.277778 -0.104720 0.000000
vt -10.555556 -0.091630 0.000000
vt -10.833333 -0.117810 0.000000
vt -13.055556 -0.117810 0.000000
vt -14.444444 -0.117810 0.000000
vt -14.722222 -0.104720 0.000000
vt -15.000000 -0.091630 0.000000
vt -15.277778 -0.117810 0.000000
vt -16.666667 -0.117810 0.000000
vt -16.944444 -0.104720 0.000000
vt -0.833333 -0.104720 0.000000
vt -0.833333 -0.091630 0.000000
vt -1.944444 -0.104720 0.000000
vt -3.055556 -0.104720 0.000000
vt -3.055556 -0.091630 0.000000
vt -5.555556 -0.104720 0.000000
vt -5.555556 -0.091630 0.000000
vt -6.666667 -0.104720 0.000000
vt -7.777778 -0.104720 0.000000
vt -7.777778 -0.091630 0.000000
vt -8.888889 -0.104720 0.000000
vt -10.000000 -0.104720 0.000000
vt -10.000000 -0.091630 0.000000
vt -11.111111 -0.104720 0.000000
vt -11.944444 -0.104720 0.000000
vt -11.944444 -0.091630 0.000000
vt -13.333333 -0.104720 0.000000
vt -14.444444 -0.104720 0.000000
vt -14.444444 -0.091630 0.000000
vt -15.555556 -0.104720 0.000000
vt -1.111111 -0.091630 0.000000
vt -3.333333 -0.091630 0.000000
vt -5.833333 -0.091630 0.000000
vt -8.055556 -0.091630 0.000000
vt -10.277778 -0.091630 0.000000
vt -12.222222 -0.091630 0.000000
vt -14.722222 -0.091630 0.000000
vt -16.388889 -0.091630 0.000000
vt 2.900000 0.040000 0.000000
vt 0.000000 0.040000 0.000000
vt 2.900000 0.000000 0.000000
vt 0.000000 0.000000 0.000000
vt -0.000000 -1.445133 0.000000
vt 0.040000 -1.445133 0.000000
vt 0.000000 -1.324705 0.000000
vt 0.040000 -1.324705 0.000000
vt -0.000000 -1.204277 0.000000
vt 0.040000 -1.204277 0.000000
vt -0.000000 -1.083849 0.000000
vt 0.040000 -1.083849 0.000000
vt 0.000000 -0.963422 0.000000
vt 0.040000 -0.963422 0.000000
vt 0.000000 -0.842994 0.000000
vt 0.040000 -0.842994 0.000000
vt -0.000000 -0.722566 0.000000
vt 0.040000 -0.722566 0.000000
vt 0.000000 -0.602139 0.000000
vt 0.040000 -0.602139 0.000000
vt 0.000000 -0.481711 0.000000
vt 0.040000 -0.481711 0.000000
vt -0.000000 -0.361283 0.000000
vt 0.040000 -0.361283 0.000000
vt -0.000000 -0.240855 0.000000
vt 0.040000 -0.240855 0.000000
vt -0.000000 -0.120428 0.000000
vt 0.040000 -0.120428 0.000000
vt 0.000000 0.000000 0.000000
vt 0.040000 0.000000 0.000000
vt 0.040000 -1.445133 0.000000
vt 0.000000 -1.445133 0.000000
vt 0.040000 -1.565560 0.000000
vt 0.000000 -1.565560 0.000000
vt 0.040000 -1.685988 0.000000
vt 0.000000 -1.685988 0.000000
vt 0.040000 -1.806416 0.000000
vt -0.000000 -1.806416 0.000000
vt 0.040000 -1.926843 0.000000
vt -0.000000 -1.926843 0.000000
vt 0.040000 -2.047271 0.000000
vt -0.000000 -2.047271 0.000000
vt 0.040000 -2.167699 0.000000
vt 0.000000 -2.167699 0.000000
vt 0.040000 -2.288127 0.000000
vt 0.000000 -2.288127 0.000000
vt 0.040000 -2.408554 0.000000
vt 0.000000 -2.408554 0.000000
vt 0.040000 -2.528982 0.000000
vt 0.000000 -2.528982 0.000000
vt 0.040000 -2.649410 0.000000
vt -0.000000 -2.649410 0.000000
vt 0.040000 -2.769838 0.000000
vt -0.000000 -2.769838 0.000000
vt 0.040000 -2.890265 0.000000
vt -0.000000 -2.890265 0.000000
vt 0.000000 0.040000 0.000000
vt -2.900000 0.040000 0.000000
vt 0.000000 0.000000 0.000000
vt -2.900000 -0.000000 0.000000
vt 2.900000 0.040000 0.000000
vt 0.000000 0.040000 0.000000
vt 2.900000 -0.000000 0.000000
vt 0.000000 0.000000 0.000000
vt 0.000000 -1.445133 0.000000
vt 0.040000 -1.445133 0.000000
vt -0.000000 -1.324705 0.000000
vt 0.040000 -1.324705 0.000000
vt 0.000000 -1.204277 0.000000
vt 0.040000 -1.204277 0.000000
vt -0.000000 -1.083849 0.000000
vt 0.040000 -1.083849 0.000000
vt -0.000000 -0.963422 0.000000
vt 0.040000 -0.963422 0.000000
vt -0.000000 -0.842994 0.000000
vt 0.040000 -0.842994 0.000000
vt -0.000000 -0.722566 0.000000
vt 0.040000 -0.722566 0.000000
vt -0.000000 -0.602139 0.000000
vt 0.040000 -0.602139 0.000000
vt 0.000000 -0.481711 0.000000
vt 0.040000 -0.481711 0.000000
vt 0.000000 -0.361283 0.000000
vt 0.040000 -0.361283 0.000000
vt -0.000000 -0.240855 0.000000
vt 0.040000 -0.240855 0.000000
vt -0.000000 -0.120428 0.000000
vt 0.040000 -0.120428 0.000000
vt -0.000000 0.000000 0.000000
vt 0.040000 0.000000 0.000000
vt 0.040000 -1.445133 0.000000
vt 0.000000 -1.445133 0.000000
vt 0.040000 -1.565560 0.000000
vt 0.000000 -1.565560 0.000000
vt 0.040000 -1.685988 0.000000
vt -0.000000 -1.685988 0.000000
vt 0.040000 -1.806416 0.000000
vt -0.000000 -1.806416 0.000000
vt 0.040000 -1.926843 0.000000
vt -0.000000 -1.926843 0.000000
vt 0.040000 -2.047271 0.000000
vt 0.000000 -2.047271 0.000000
vt 0.040000 -2.167699 0.000000
vt 0.000000 -2.167699 0.000000
vt 0.040000 -2.288127 0.000000
vt 0.000000 -2.288127 0.000000
vt 0.040000 -2.408554 0.000000
vt 0.000000 -2.408554 0.000000
vt 0.040000 -2.528982 0.000000
vt 0.000000 -2.528982 0.000000
vt 0.040000 -2.649410 0.000000
vt 0.000000 -2.649410 0.000000
vt 0.040000 -2.769838 0.000000
vt -0.000000 -2.769838 0.000000
vt 0.040000 -2.890265 0.000000
vt -0.000000 -2.890265 0.000000
vt 0.000000 0.040000 0.000000
vt -2.900000 0.040000 0.000000
vt 0.000000 0.000000 0.000000
vt -2.900000 -0.000000 0.000000
vt 0.000000 0.040000 0.000000
vt -2.900000 0.040000 0.000000
vt 0.000000 0.000000 0.000000
vt -2.900000 -0.000000 0.000000
vt 0.000000 -1.445133 0.000000
vt 0.040000 -1.445133 0.000000
vt -0.000000 -1.324705 0.000000
vt 0.040000 -1.324705 0.000000
vt 0.000000 -1.204277 0.000000
vt 0.040000 -1.204277 0.000000
vt -0.000000 -1.083849 0.000000
vt 0.040000 -1.083849 0.000000
vt 0.000000 -0.963422 0.000000
vt 0.040000 -0.963422 0.000000
vt 0.000000 -0.842994 0.000000
vt 0.040000 -0.842994 0.000000
vt -0.000000 -0.722566 0.000000
vt 0.040000 -0.722566 0.000000
vt 0.000000 -0.602139 0.000000
vt 0.040000 -0.602139 0.000000
vt 0.000000 -0.481711 0.000000
vt 0.040000 -0.481711 0.000000
vt 0.000000 -0.361283 0.000000
vt 0.040000 -0.361283 0.000000
vt -0.000000 -0.240855 0.000000
vt 0.040000 -0.240855 0.000000
vt -0.000000 -0.120428 0.000000
vt 0.040000 -0.120428 0.000000
vt -0.000000 0.000000 0.000000
vt 0.040000 0.000000 0.000000
vt 0.040000 -1.445133 0.000000
vt 0.000000 -1.445133 0.000000
vt 0.040000 -1.565560 0.000000
vt 0.000000 -1.565560 0.000000
vt 0.040000 -1.685988 0.000000
vt 0.000000 -1.685988 0.000000
vt 0.040000 -1.806416 0.000000
vt -0.000000 -1.806416 0.000000
vt 0.040000 -1.926843 0.000000
vt 0.000000 -1.926843 0.000000
vt 0.040000 -2.047271 0.000000
vt -0.000000 -2.047271 0.000000
vt 0.040000 -2.167699 0.000000
vt 0.000000 -2.167699 0.000000
vt 0.040000 -2.288127 0.000000
vt 0.000000 -2.288127 0.000000
vt 0.040000 -2.408554 0.000000
vt 0.000000 -2.408554 0.000000
vt 0.040000 -2.528982 0.000000
vt -0.000000 -2.528982 0.000000
vt 0.040000 -2.649410 0.000000
vt -0.000000 -2.649410 0.000000
vt 0.040000 -2.769838 0.000000
vt 0.000000 -2.769838 0.000000
vt 0.040000 -2.890265 0.000000
vt -0.000000 -2.890265 0.000000
vt 2.900000 0.040000 0.000000
vt 0.000000 0.040000 0.000000
vt 2.900000 0.000000 0.000000
vt 0.000000 0.000000 0.000000
vt 6.700000 0.040000 0.000000
vt 3.800000 0.040000 0.000000
vt 6.700000 -0.000000 0.000000
vt 3.800000 0.000000 0.000000
vt 0.000000 0.000000 0.000000
vt -0.040000 0.000000 0.000000
vt 0.000000 -0.122344 0.000000
vt -0.040000 -0.122344 0.000000
vt 0.000000 -0.244688 0.000000
vt -0.040000 -0.244688 0.000000
vt 0.000000 -0.367033 0.000000
vt -0.040000 -0.367033 0.000000
vt 0.000000 -0.489377 0.000000
vt -0.040000 -0.489377 0.000000
vt 0.000000 -0.611721 0.000000
vt -0.040000 -0.611721 0.000000
vt -0.000000 -0.734065 0.000000
vt -0.040000 -0.734065 0.000000
vt 0.000000 -0.856410 0.000000
vt -0.040000 -0.856410 0.000000
vt 0.000000 -0.978754 0.000000
vt -0.040000 -0.978754 0.000000
vt 0.000000 -1.101098 0.000000
vt -0.040000 -1.101098 0.000000
vt -0.000000 -1.223442 0.000000
vt -0.040000 -1.223442 0.000000
vt 0.000000 -1.345786 0.000000
vt -0.040000 -1.345786 0.000000
vt -0.000000 -1.468131 0.000000
vt -0.040000 -1.468131 0.000000
vt -0.040000 0.000000 0.000000
vt 0.000000 0.000000 0.000000
vt -0.040000 0.122344 0.000000
vt -0.000000 0.122344 0.000000
vt -0.040000 0.244688 0.000000
vt -0.000000 0.244688 0.000000
vt -0.040000 0.367033 0.000000
vt -0.000000 0.367033 0.000000
vt -0.040000 0.489377 0.000000
vt -0.000000 0.489377 0.000000
vt -0.040000 0.611721 0.000000
vt -0.000000 0.611721 0.000000
vt -0.040000 0.734065 0.000000
vt 0.000000 0.734065 0.000000
vt -0.040000 0.856410 0.000000
vt -0.000000 0.856410 0.000000
vt -0.040000 0.978754 0.000000
vt -0.000000 0.978754 0.000000
vt -0.040000 1.101098 0.000000
vt -0.000000 1.101098 0.000000
vt -0.040000 1.223442 0.000000
vt -0.000000 1.223442 0.000000
vt -0.040000 1.345786 0.000000
vt -0.000000 1.345786 0.000000
vt -0.040000 1.468131 0.000000
vt 0.000000 1.468131 0.000000
vt -3.800000 0.040000 0.000000
vt -6.700000 0.040000 0.000000
vt -3.800000 -0.000000 0.000000
vt -6.700000 -0.000000 0.000000
vt 1.450000 0.040000 0.000000
vt -1.450000 0.040000 0.000000
vt 1.450000 0.000000 0.000000
vt -1.450000 -0.000000 0.000000
vt 0.000000 0.000000 0.000000
vt -0.040000 0.000000 0.000000
vt 0.000000 -0.122344 0.000000
vt -0.040000 -0.122344 0.000000
vt 0.000000 -0.244688 0.000000
vt -0.040000 -0.244688 0.000000
vt 0.000000 -0.367033 0.000000
vt -0.040000 -0.367033 0.000000
vt -0.000000 -0.489377 0.000000
vt -0.040000 -0.489377 0.000000
vt -0.000000 -0.611721 0.000000
vt -0.040000 -0.611721 0.000000
vt -0.000000 -0.734065 0.000000
vt -0.040000 -0.734065 0.000000
vt 0.000000 -0.856410 0.000000
vt -0.040000 -0.856410 0.000000
vt 0.000000 -0.978754 0.000000
vt -0.040000 -0.978754 0.000000
vt -0.000000 -1.101098 0.000000
vt -0.040000 -1.101098 0.000000
vt -0.000000 -1.223442 0.000000
vt -0.040000 -1.223442 0.000000
vt -0.000000 -1.345786 0.000000
vt -0.040000 -1.345786 0.000000
vt 0.000000 -1.468131 0.000000
vt -0.040000 -1.468131 0.000000
vt -0.040000 -0.000000 0.000000
vt 0.000000 -0.000000 0.000000
vt -0.040000 0.122344 0.000000
vt 0.000000 0.122344 0.000000
vt -0.040000 0.244688 0.000000
vt -0.000000 0.244688 0.000000
vt -0.040000 0.367033 0.000000
vt -0.000000 0.367033 0.000000
vt -0.040000 0.489377 0.000000
vt -0.000000 0.489377 0.000000
vt -0.040000 0.611721 0.000000
vt 0.000000 0.611721 0.000000
vt -0.040000 0.734065 0.000000
vt -0.000000 0.734065 0.000000
vt -0.040000 0.856410 0.000000
vt 0.000000 0.856410 0.000000
vt -0.040000 0.978754 0.000000
vt 0.000000 0.978754 0.000000
vt -0.040000 1.101098 0.000000
vt -0.000000 1.101098 0.000000
vt -0.040000 1.223442 0.000000
vt -0.000000 1.223442 0.000000
vt -0.040000 1.345786 0.000000
vt -0.000000 1.345786 0.000000
vt -0.040000 1.468131 0.000000
vt 0.000000 1.468131 0.000000
vt 1.450000 0.040000 0.000000
vt -1.450000 0.040000 0.000000
vt 1.450000 -0.000000 0.000000
vt -1.450000 -0.000000 0.000000
vt -3.800000 0.040000 0.000000
vt -6.700000 0.040000 0.000000
vt -3.800000 -0.000000 0.000000
vt -6.700000 -0.000000 0.000000
vt -0.000000 0.000000 0.000000
vt -0.040000 0.000000 0.000000
vt 0.000000 -0.122344 0.000000
vt -0.040000 -0.122344 0.000000
vt 0.000000 -0.244688 0.000000
vt -0.040000 -0.244688 0.000000
vt -0.000000 -0.367033 0.000000
vt -0.040000 -0.367033 0.000000
vt -0.000000 -0.489377 0.000000
vt -0.040000 -0.489377 0.000000
vt 0.000000 -0.611721 0.000000
vt -0.040000 -0.611721 0.000000
vt -0.000000 -0.734065 0.000000
vt -0.040000 -0.734065 0.000000
vt 0.000000 -0.856410 0.000000
vt -0.040000 -0.856410 0.000000
vt -0.000000 -0.978754 0.000000
vt -0.040000 -0.978754 0.000000
vt -0.000000 -1.101098 0.000000
vt -0.040000 -1.101098 0.000000
vt -0.000000 -1.223442 0.000000
vt -0.040000 -1.223442 0.000000
vt 0.000000 -1.345786 0.000000
vt -0.040000 -1.345786 0.000000
vt 0.000000 -1.468131 0.000000
vt -0.040000 -1.468131 0.000000
vt -0.040000 0.000000 0.000000
vt 0.000000 0.000000 0.000000
vt -0.040000 0.122344 0.000000
vt -0.000000 0.122344 0.000000
vt -0.040000 0.244688 0.000000
vt -0.000000 0.244688 0.000000
vt -0.040000 0.367033 0.000000
vt -0.000000 0.367033 0.000000
vt -0.040000 0.489377 0.000000
vt 0.000000 0.489377 0.000000
vt -0.040000 0.611721 0.000000
vt 0.000000 0.611721 0.000000
vt -0.040000 0.734065 0.000000
vt -0.000000 0.734065 0.000000
vt -0.040000 0.856410 0.000000
vt 0.000000 0.856410 0.000000
vt -0.040000 0.978754 0.000000
vt 0.000000 0.978754 0.000000
vt -0.040000 1.101098 0.000000
vt -0.000000 1.101098 0.000000
vt -0.040000 1.223442 0.000000
vt -0.000000 1.223442 0.000000
vt -0.040000 1.345786 0.000000
vt -0.000000 1.345786 0.000000
vt -0.040000 1.468131 0.000000
vt 0.000000 1.468131 0.000000
vt 6.700000 0.040000 0.000000
vt 3.800000 0.040000 0.000000
vt 6.700000 0.000000 0.000000
vt 3.800000 -0.000000 0.000000
vn 0.000000 0.000000 -1.000000
vn 0.000000 0.000000 -1.000000
vn 0.000000 0.000000 -1.000000
vn 0.000000 0.000000 -1.000000
vn 0.000000 0.000000 -1.000000
vn 0.000000 0.000000 -1.000000
vn -0.000000 1.000000 -0.000000
vn -0.000000 1.000000 -0.000000
vn -0.000000 1.000000 -0.000000
vn -0.000000 1.000000 -0.000000
vn -0.000000 1.000000 -0.000000
vn -0.000000 1.000000 -0.000000
vn -0.000000 1.000000 -0.000000
vn -0.000000 1.000000 -0.000000
vn -0.000000 1.000000 -0.000000
vn -0.000000 1.000000 -0.000000
vn -0.000000 1.000000 -0.000000
vn -0.000000 1.000000 -0.000000
vn -0.000000 1.000000 -0.000000
vn -0.000000 1.000000 -0.000000
vn -0.000000 1.000000 -0.000000
vn -0.000000 1.000000 -0.000000
vn -0.000000 1.000000 -0.000000
vn -0.000000 1.000000 -0.000000
vn -0.000000 1.000000 -0.000000
vn -0.000000 1.000000 -0.000000
vn -0.000000 1.000000 -0.000000
vn -0.000000 1.000000 -0.000000
vn -0.000000 1.000000 -0.000000
vn -0.000000 1.000000 -0.000000
vn -0.000000 1.000000 -0.000000
vn -0.000000 1.000000 -0.000000
vn -0.000000 1.000000 -0.000000
vn -0.000000 1.000000 -0.000000
vn -0.000000 -0.000000 1.000000
vn -0.000000 -0.000000 1.000000
vn -0.000000 -0.000000 1.000000
vn -0.000000 -0.000000 1.000000
vn -0.000000 -0.000000 1.000000
vn -0.000000 -0.000000 1.000000
vn -0.000000 -1.000000 -0.000000
vn -0.000000 -1.000000 -0.000000
vn -0.000000 -1.000000 -0.000000
vn -0.000000 -1.000000 -0.000000
vn -0.000000 -1.000000 -0.000000
vn -0.000000 -1.000000 -0.000000
vn -0.000000 -1.000000 -0.000000
vn -0.000000 -1.000000 -0.000000
vn -0.000000 -1.000000 -0.000000
vn -0.000000 -1.000000 -0.000000
vn -0.000000 -1.000000 -0.000000
vn -0.000000 -1.000000 -0.000000
vn -0.000000 -1.000000 -0.000000
vn -0.000000 -1.000000 -0.000000
vn -0.000000 -1.000000 -0.000000
vn -0.000000 -1.000000 -0.000000
vn -0.000000 -1.000000 -0.000000
vn -0.000000 -1.000000 -0.000000
vn -0.000000 -1.000000 -0.000000
vn -0.000000 -1.000000 -0.000000
vn -0.000000 -1.000000 -0.000000
vn -0.000000 -1.000000 -0.000000
vn -0.000000 -1.000000 -0.000000
vn -0.000000 -1.000000 -0.000000
vn -0.000000 -1.000000 -0.000000
vn -0.000000 -1.000000 -0.000000
vn -0.000000 -1.000000 -0.000000
vn -0.000000 -1.000000 -0.000000
vn 1.000000 0.000000 0.000000
vn 1.000000 0.000000 0.000000
vn 1.000000 0.000000 0.000000
vn 1.000000 0.000000 0.000000
vn 1.000000 0.000000 0.000000
vn 1.000000 0.000000 0.000000
vn 1.000000 0.000000 0.000000
vn 1.000000 0.000000 0.000000
vn 1.000000 0.000000 0.000000
vn 1.000000 0.000000 0.000000
vn 1.000000 0.000000 0.000000
vn 1.000000 0.000000 0.000000
vn 1.000000 0.000000 0.000000
vn 1.000000 0.000000 0.000000
vn 1.000000 0.000000 0.000000
vn 1.000000 0.000000 0.000000
vn 1.000000 0.000000 0.000000
vn 1.000000 0.000000 0.000000
vn 1.000000 0.000000 0.000000
vn 1.000000 0.000000 0.000000
vn 1.000000 0.000000 0.000000
vn 1.000000 0.000000 0.000000
vn 1.000000 0.000000 0.000000
vn 1.000000 0.000000 0.000000
vn 1.000000 0.000000 0.000000
vn 1.000000 0.000000 0.000000
vn 1.000000 0.000000 0.000000
vn 1.000000 0.000000 0.000000
vn 1.000000 0.000000 0.000000
vn 1.000000 0.000000 0.000000
vn 1.000000 0.000000 0.000000
vn 1.000000 0.000000 0.000000
vn 1.000000 0.000000 0.000000
vn 1.000000 0.000000 0.000000
vn 1.000000 0.000000 0.000000
vn 1.000000 0.000000 0.000000
vn 1.000000 0.000000 0.000000
vn 1.000000 0.000000 0.000000
vn 1.000000 0.000000 0.000000
vn 1.000000 0.000000 0.000000
vn 1.000000 0.000000 0.000000
vn 1.000000 0.000000 0.000000
vn 1.000000 0.000000 0.000000
vn 1.000000 0.000000 0.000000
vn 1.000000 0.000000 0.000000
vn 1.000000 0.000000 0.000000
vn 1.000000 0.000000 0.000000
vn 1.000000 0.000000 0.000000
vn 1.000000 0.000000 0.000000
vn 1.000000 0.000000 0.000000
vn 1.000000 0.000000 0.000000
vn 1.000000 0.000000 0.000000
vn 1.000000 0.000000 0.000000
vn 1.000000 0.000000 0.000000
vn 1.000000 0.000000 0.000000
vn 1.000000 0.000000 0.000000
vn 1.000000 0.000000 0.000000
vn 1.000000 0.000000 0.000000
vn 1.000000 0.000000 0.000000
vn 1.000000 0.000000 0.000000
vn 1.000000 0.000000 0.000000
vn 1.000000 0.000000 0.000000
vn 1.000000 0.000000 0.000000
vn 1.000000 0.000000 0.000000
vn 1.000000 0.000000 0.000000
vn 1.000000 0.000000 0.000000
vn 1.000000 0.000000 0.000000
vn 1.000000 0.000000 0.000000
vn 1.000000 0.000000 0.000000
vn 1.000000 0.000000 0.000000
vn 1.000000 0.000000 0.000000
vn 1.000000 0.000000 0.000000
vn 1.000000 0.000000 0.000000
vn 1.000000 0.000000 0.000000
vn 1.000000 0.000000 0.000000
vn 1.000000 0.000000 0.000000
vn 1.000000 0.000000 0.000000
vn 1.000000 0.000000 0.000000
vn 1.000000 0.000000 0.000000
vn 1.000000 0.000000 0.000000
vn 1.000000 0.000000 0.000000
vn 1.000000 0.000000 0.000000
vn 1.000000 0.000000 0.000000
vn 1.000000 0.000000 0.000000
vn -1.000000 -0.000000 -0.000000
vn -1.000000 -0.000000 -0.000000
vn -1.000000 -0.000000 -0.000000
vn -1.000000 -0.000000 -0.000000
vn -1.000000 -0.000000 -0.000000
vn -1.000000 -0.000000 -0.000000
vn -1.000000 -0.000000 -0.000000
vn -1.000000 -0.000000 -0.000000
vn -1.000000 -0.000000 -0.000000
vn -1.000000 -0.000000 -0.000000
vn -1.000000 -0.000000 -0.000000
vn -1.000000 -0.000000 -0.000000
vn -1.000000 -0.000000 -0.000000
vn -1.000000 -0.000000 -0.000000
vn -1.000000 -0.000000 -0.000000
vn -1.000000 -0.000000 -0.000000
vn -1.000000 -0.000000 -0.000000
vn -1.000000 -0.000000 -0.000000
vn -1.000000 -0.000000 -0.000000
vn -1.000000 -0.000000 -0.000000
vn -1.000000 -0.000000 -0.000000
vn -1.000000 -0.000000 -0.000000
vn -1.000000 -0.000000 -0.000000
vn -1.000000 -0.000000 -0.000000
vn -1.000000 -0.000000 -0.000000
vn -1.000000 -0.000000 -0.000000
vn -1.000000 -0.000000 -0.000000
vn -1.000000 -0.000000 -0.000000
vn -1.000000 -0.000000 -0.000000
vn -1.000000 -0.000000 -0.000000
vn -1.000000 -0.000000 -0.000000
vn -1.000000 -0.000000 -0.000000
vn -1.000000 -0.000000 -0.000000
vn -1.000000 -0.000000 -0.000000
vn -1.000000 -0.000000 -0.000000
vn -1.000000 -0.000000 -0.000000
vn -1.000000 -0.000000 -0.000000
vn -1.000000 -0.000000 -0.000000
vn -1.000000 -0.000000 -0.000000
vn -1.000000 -0.000000 -0.000000
vn -1.000000 -0.000000 -0.000000
vn -1.000000 -0.000000 -0.000000
vn -1.000000 -0.000000 -0.000000
vn -1.000000 -0.000000 -0.000000
vn -1.000000 -0.000000 -0.000000
vn -1.000000 -0.000000 -0.000000
vn -1.000000 -0.000000 -0.000000
vn -1.000000 -0.000000 -0.000000
vn -1.000000 -0.000000 -0.000000
vn -1.000000 -0.000000 -0.000000
vn -1.000000 -0.000000 -0.000000
vn -1.000000 -0.000000 -0.000000
vn -1.000000 -0.000000 -0.000000
vn -1.000000 -0.000000 -0.000000
vn -1.000000 -0.000000 -0.000000
vn -1.000000 -0.000000 -0.000000
vn -1.000000 -0.000000 -0.000000
vn -1.000000 -0.000000 -0.000000
vn -1.000000 -0.000000 -0.000000
vn -1.000000 -0.000000 -0.000000
vn -1.000000 -0.000000 -0.000000
vn -1.000000 -0.000000 -0.000000
vn -1.000000 -0.000000 -0.000000
vn -1.000000 -0.000000 -0.000000
vn -1.000000 -0.000000 -0.000000
vn -1.000000 -0.000000 -0.000000
vn -1.000000 -0.000000 -0.000000
vn -1.000000 -0.000000 -0.000000
vn -1.000000 -0.000000 -0.000000
vn -1.000000 -0.000000 -0.000000
vn -1.000000 -0.000000 -0.000000
vn -1.000000 -0.000000 -0.000000
vn -1.000000 -0.000000 -0.000000
vn -1.000000 -0.000000 -0.000000
vn -1.000000 -0.000000 -0.000000
vn -1.000000 -0.000000 -0.000000
vn -1.000000 -0.000000 -0.000000
vn -1.000000 -0.000000 -0.000000
vn -1.000000 -0.000000 -0.000000
vn -1.000000 -0.000000 -0.000000
vn -1.000000 -0.000000 -0.000000
vn -1.000000 -0.000000 -0.000000
vn -1.000000 -0.000000 -0.000000
vn -1.000000 -0.000000 -0.000000
vn 0.000000 0.000000 -1.000000
vn 0.000000 0.000000 -1.000000
vn 0.000000 0.258819 -0.965926
vn 0.000000 0.258819 -0.965926
vn 0.000000 0.500000 -0.866025
vn 0.000000 0.500000 -0.866025
vn 0.000000 0.707107 -0.707107
vn 0.000000 0.707107 -0.707107
vn 0.000000 0.866025 -0.500000
vn 0.000000 0.866025 -0.500000
vn 0.000000 0.965926 -0.258819
vn 0.000000 0.965926 -0.258819
vn -0.000000 1.000000 0.000000
vn 0.000000 1.000000 -0.000000
vn -0.000000 0.965926 0.258819
vn -0.000000 0.965926 0.258819
vn -0.000000 0.866025 0.500000
vn -0.000000 0.866025 0.500000
vn -0.000000 0.707107 0.707107
vn -0.000000 0.707107 0.707107
vn -0.000000 0.500000 0.866025
vn -0.000000 0.500000 0.866025
vn -0.000000 0.258819 0.965926
vn -0.000000 0.258819 0.965926
vn -0.000000 -0.000000 1.000000
vn -0.000000 -0.000000 1.000000
vn 0.000000 0.000000 -1.000000
vn 0.000000 0.000000 -1.000000
vn -0.000000 -0.000000 1.000000
vn -0.000000 -0.000000 1.000000
vn -0.000000 -0.258819 0.965926
vn -0.000000 -0.258819 0.965926
vn -0.000000 -0.500000 0.866025
vn -0.000000 -0.500000 0.866025
vn -0.000000 -0.707107 0.707107
vn -0.000000 -0.707107 0.707107
vn -0.000000 -0.866025 0.500000
vn -0.000000 -0.866025 0.500000
vn -0.000000 -0.965926 0.258819
vn -0.000000 -0.965926 0.258819
vn 0.000000 -1.000000 -0.000000
vn 0.000000 -1.000000 -0.000000
vn 0.000000 -0.965926 -0.258819
vn 0.000000 -0.965926 -0.258819
vn 0.000000 -0.866025 -0.500000
vn 0.000000 -0.866025 -0.500000
vn 0.000000 -0.707107 -0.707107
vn 0.000000 -0.707107 -0.707107
vn 0.000000 -0.500000 -0.866025
vn 0.000000 -0.500000 -0.866025
vn 0.000000 -0.258819 -0.965926
vn 0.000000 -0.258819 -0.965926
vn -0.000000 -0.000000 1.000000
vn -0.000000 -0.000000 1.000000
vn -0.000000 -0.258819 0.965926
vn -0.000000 -0.258819 0.965926
vn -0.000000 -0.500000 0.866025
vn -0.000000 -0.500000 0.866025
vn -0.000000 -0.707107 0.707107
vn -0.000000 -0.707107 0.707107
vn -0.000000 -0.866025 0.500000
vn -0.000000 -0.866025 0.500000
vn -0.000000 -0.965926 0.258819
vn -0.000000 -0.965926 0.258819
vn -0.000000 -1.000000 0.000000
vn -0.000000 -1.000000 0.000000
vn 0.000000 -0.965926 -0.258819
vn 0.000000 -0.965926 -0.258819
vn 0.000000 -0.866025 -0.500000
vn 0.000000 -0.866025 -0.500000
vn 0.000000 -0.707107 -0.707107
vn 0.000000 -0.707107 -0.707107
vn 0.000000 -0.500000 -0.866025
vn 0.000000 -0.500000 -0.866025
vn 0.000000 -0.258819 -0.965926
vn 0.000000 -0.258819 -0.965926
vn 0.000000 -0.000000 -1.000000
vn 0.000000 -0.000000 -1.000000
vn -0.000000 -0.000000 1.000000
vn -0.000000 -0.000000 1.000000
vn 0.000000 0.000000 -1.000000
vn 0.000000 0.000000 -1.000000
vn 0.000000 0.258819 -0.965926
vn 0.000000 0.258819 -0.965926
vn 0.000000 0.500000 -0.866025
vn 0.000000 0.500000 -0.866025
vn 0.000000 0.707107 -0.707107
vn 0.000000 0.707107 -0.707107
vn 0.000000 0.866025 -0.500000
vn 0.000000 0.866025 -0.500000
vn 0.000000 0.965926 -0.258819
vn 0.000000 0.965926 -0.258819
vn -0.000000 1.000000 0.000000
vn -0.000000 1.000000 0.000000
vn -0.000000 0.965926 0.258819
vn -0.000000 0.965926 0.258819
vn -0.000000 0.866025 0.500000
vn -0.000000 0.866025 0.500000
vn -0.000000 0.707107 0.707107
vn -0.000000 0.707107 0.707107
vn -0.000000 0.500000 0.866025
vn -0.000000 0.500000 0.866025
vn -0.000000 0.258819 0.965926
vn -0.000000 0.258819 0.965926
vn 0.000000 0.000000 -1.000000
vn 0.000000 0.000000 -1.000000
vn 0.000000 0.258819 -0.965926
vn 0.000000 0.258819 -0.965926
vn 0.000000 0.500000 -0.866025
vn 0.000000 0.500000 -0.866025
vn 0.000000 0.707107 -0.707107
vn 0.000000 0.707107 -0.707107
vn 0.000000 0.866025 -0.500000
vn 0.000000 0.866025 -0.500000
vn 0.000000 0.965926 -0.258819
vn 0.000000 0.965926 -0.258819
vn -0.000000 1.000000 0.000000
vn -0.000000 1.000000 0.000000
vn -0.000000 0.965926 0.258819
vn -0.000000 0.965926 0.258819
vn -0.000000 0.866025 0.500000
vn -0.000000 0.866025 0.500000
vn -0.000000 0.707107 0.707107
vn -0.000000 0.707107 0.707107
vn -0.000000 0.500000 0.866025
vn -0.000000 0.500000 0.866025
vn -0.000000 0.258819 0.965926
vn -0.000000 0.258819 0.965926
vn -0.000000 -0.000000 1.000000
vn -0.000000 -0.000000 1.000000
vn 0.000000 0.000000 -1.000000
vn 0.000000 0.000000 -1.000000
vn -0.000000 -0.000000 1.000000
vn -0.000000 -0.000000 1.000000
vn -0.000000 -0.258819 0.965926
vn -0.000000 -0.258819 0.965926
vn -0.000000 -0.500000 0.866025
vn -0.000000 -0.500000 0.866025
vn -0.000000 -0.707107 0.707107
vn -0.000000 -0.707107 0.707107
vn -0.000000 -0.866025 0.500000
vn -0.000000 -0.866025 0.500000
vn -0.000000 -0.965926 0.258819
vn -0.000000 -0.965926 0.258819
vn -0.000000 -1.000000 0.000000
vn -0.000000 -1.000000 0.000000
vn 0.000000 -0.965926 -0.258819
vn 0.000000 -0.965926 -0.258819
vn 0.000000 -0.866025 -0.500000
vn 0.000000 -0.866025 -0.500000
vn 0.000000 -0.707107 -0.707107
vn 0.000000 -0.707107 -0.707107
vn 0.000000 -0.500000 -0.866025
vn 0.000000 -0.500000 -0.866025
vn 0.000000 -0.258819 -0.965926
vn 0.000000 -0.258819 -0.965926
vn 0.965926 -0.000000 0.258819
vn 0.965926 -0.000000 0.258819
vn 0.965926 -0.000000 0.258819
vn 0.965926 -0.000000 0.258819
vn 0.866025 -0.000000 0.500000
vn 0.866025 -0.000000 0.500000
vn 0.707107 -0.000000 0.707107
vn 0.707107 -0.000000 0.707107
vn 0.500000 -0.000000 0.866025
vn 0.500000 -0.000000 0.866025
vn 0.258819 -0.000000 0.965926
vn 0.258819 -0.000000 0.965926
vn 0.258819 -0.000000 0.965926
vn 0.258819 -0.000000 0.965926
vn 0.500000 -0.000000 0.866025
vn 0.500000 -0.000000 0.866025
vn 0.707107 -0.000000 0.707107
vn 0.707107 -0.000000 0.707107
vn 0.866025 -0.000000 0.500000
vn 0.866025 -0.000000 0.500000
vn 0.965926 -0.000000 0.258819
vn 0.965926 -0.000000 0.258819
vn 0.965926 -0.000000 0.258819
vn 0.965926 -0.000000 0.258819
vn 0.866025 -0.000000 0.500000
vn 0.866025 -0.000000 0.500000
vn 0.707107 -0.000000 0.707107
vn 0.707107 -0.000000 0.707107
vn 0.500000 -0.000000 0.866025
vn 0.500000 -0.000000 0.866025
vn 0.258819 -0.000000 0.965926
vn 0.258819 -0.000000 0.965926
vn 0.258819 -0.000000 0.965926
vn 0.258819 -0.000000 0.965926
vn 0.258819 -0.000000 0.965926
vn 0.500000 -0.000000 0.866025
vn 0.500000 -0.000000 0.866025
vn 0.707107 -0.000000 0.707107
vn 0.707107 -0.000000 0.707107
vn 0.866025 -0.000000 0.500000
vn 0.866025 -0.000000 0.500000
vn 0.965926 -0.000000 0.258819
vn 0.965926 -0.000000 0.258819
vn 0.965926 -0.000000 0.258819
vn 0.965926 -0.000000 0.258819
vn 0.866025 -0.000000 0.500000
vn 0.866025 -0.000000 0.500000
vn 0.707107 -0.000000 0.707107
vn 0.707107 -0.000000 0.707107
vn 0.500000 -0.000000 0.866025
vn 0.500000 -0.000000 0.866025
vn 0.258819 -0.000000 0.965926
vn 0.258819 -0.000000 0.965926
vn 0.258819 -0.000000 0.965926
vn 0.258819 -0.000000 0.965926
vn 0.500000 -0.000000 0.866025
vn 0.500000 -0.000000 0.866025
vn 0.707107 -0.000000 0.707107
vn 0.707107 -0.000000 0.707107
vn 0.866025 -0.000000 0.500000
vn 0.866025 -0.000000 0.500000
vn 0.965926 -0.000000 0.258819
vn 0.965926 -0.000000 0.258819
vn 0.965926 -0.000000 0.258819
vn 0.965926 -0.000000 0.258819
vn 0.866025 -0.000000 0.500000
vn 0.866025 -0.000000 0.500000
vn 0.707107 -0.000000 0.707107
vn 0.707107 -0.000000 0.707107
vn 0.500000 -0.000000 0.866025
vn 0.500000 -0.000000 0.866025
vn 0.258819 -0.000000 0.965926
vn 0.258819 -0.000000 0.965926
vn 0.258819 -0.000000 0.965926
vn 0.258819 -0.000000 0.965926
vn 0.500000 -0.000000 0.866025
vn 0.500000 -0.000000 0.866025
vn 0.707107 -0.000000 0.707107
vn 0.707107 -0.000000 0.707107
vn 0.866025 -0.000000 0.500000
vn 0.866025 -0.000000 0.500000
vn 0.965926 -0.000000 0.258819
vn 0.965926 -0.000000 0.258819
vn 0.965926 -0.000000 0.258819
vn 0.965926 -0.000000 0.258819
vn 0.866025 -0.000000 0.500000
vn 0.866025 -0.000000 0.500000
vn 0.707107 -0.000000 0.707107
vn 0.707107 -0.000000 0.707107
vn 0.500000 -0.000000 0.866025
vn 0.500000 -0.000000 0.866025
vn 0.258819 -0.000000 0.965926
vn 0.258819 -0.000000 0.965926
vn 0.258819 -0.000000 0.965926
vn 0.258819 -0.000000 0.965926
vn 0.500000 -0.000000 0.866025
vn 0.500000 -0.000000 0.866025
vn 0.707107 -0.000000 0.707107
vn 0.707107 -0.000000 0.707107
vn 0.866025 -0.000000 0.500000
vn 0.866025 -0.000000 0.500000
vn 0.965926 -0.000000 0.258819
vn 0.965926 -0.000000 0.258819
vn 0.965926 -0.000000 0.258819
vn 0.965926 -0.000000 0.258819
vn 0.866025 -0.000000 0.500000
vn 0.866025 -0.000000 0.500000
vn 0.707107 -0.000000 0.707107
vn 0.707107 -0.000000 0.707107
vn 0.500000 -0.000000 0.866025
vn 0.500000 -0.000000 0.866025
vn 0.258819 -0.000000 0.965926
vn 0.258819 -0.000000 0.965926
vn 0.258819 -0.000000 0.965926
vn 0.258819 -0.000000 0.965926
vn 0.500000 -0.000000 0.866025
vn 0.500000 -0.000000 0.866025
vn 0.707107 -0.000000 0.707107
vn 0.707107 -0.000000 0.707107
vn 0.866025 -0.000000 0.500000
vn 0.866025 -0.000000 0.500000
vn 0.965926 -0.000000 0.258819
vn 0.965926 -0.000000 0.258819
vn 0.965926 -0.000000 0.258819
vn 0.965926 -0.000000 0.258819
vn 0.866025 -0.000000 0.500000
vn 0.866025 -0.000000 0.500000
vn 0.707107 -0.000000 0.707107
vn 0.707107 -0.000000 0.707107
vn 0.500000 -0.000000 0.866025
vn 0.500000 -0.000000 0.866025
vn 0.258819 -0.000000 0.965926
vn 0.258819 -0.000000 0.965926
vn 0.258819 -0.000000 0.965926
vn 0.258819 -0.000000 0.965926
vn 0.500000 -0.000000 0.866025
vn 0.500000 -0.000000 0.866025
vn 0.707107 -0.000000 0.707107
vn 0.707107 -0.000000 0.707107
vn 0.866025 -0.000000 0.500000
vn 0.866025 -0.000000 0.500000
vn 0.965926 -0.000000 0.258819
vn 0.965926 -0.000000 0.258819
vn 0.965926 -0.000000 0.258819
vn 0.965926 -0.000000 0.258819
vn 0.866025 -0.000000 0.500000
vn 0.866025 -0.000000 0.500000
vn 0.707107 -0.000000 0.707107
vn 0.707107 -0.000000 0.707107
vn 0.500000 -0.000000 0.866025
vn 0.500000 -0.000000 0.866025
vn 0.258819 -0.000000 0.965926
vn 0.258819 -0.000000 0.965926
vn 0.258819 -0.000000 0.965926
vn 0.258819 -0.000000 0.965926
vn 0.500000 -0.000000 0.866025
vn 0.500000 -0.000000 0.866025
vn 0.707107 -0.000000 0.707107
vn 0.866025 -0.000000 0.500000
vn 0.866025 -0.000000 0.500000
vn 0.707107 -0.000000 0.707107
vn 0.707107 -0.000000 0.707107
vn 0.500000 -0.000000 0.866025
vn 0.500000 -0.000000 0.866025
vn 0.258819 -0.000000 0.965926
vn 0.258819 -0.000000 0.965926
vn 0.258819 -0.000000 0.965926
vn 0.258819 -0.000000 0.965926
vn 0.500000 -0.000000 0.866025
vn 0.500000 -0.000000 0.866025
vn 0.707107 -0.000000 0.707107
vn 0.707107 -0.000000 0.707107
vn 0.866025 -0.000000 0.500000
vn 0.707107 -0.000000 0.707107
vn 0.866025 -0.000000 0.500000
vn 0.965926 -0.000000 0.258819
vn 0.866025 -0.000000 0.500000
vn 0.965926 -0.000000 0.258819
vn 0.965926 -0.000000 0.258819
vn 0.965926 -0.000000 0.258819
vn 0.965926 -0.000000 0.258819
vn 0.965926 -0.000000 0.258819
vn 0.965926 -0.000000 0.258819
vn 0.965926 -0.000000 0.258819
vn 0.866025 -0.000000 0.500000
vn 0.866025 -0.000000 0.500000
vn 0.707107 -0.000000 0.707107
vn 0.707107 -0.000000 0.707107
vn 0.500000 -0.000000 0.866025
vn 0.866025 -0.000000 0.500000
vn 0.707107 -0.000000 0.707107
vn 0.500000 -0.000000 0.866025
vn 0.258819 -0.000000 0.965926
vn 0.965926 -0.000000 0.258819
vn 0.965926 -0.000000 0.258819
vn 0.965926 -0.000000 0.258819
vn 0.866025 -0.000000 0.500000
vn 0.866025 -0.000000 0.500000
vn 0.707107 -0.000000 0.707107
vn 0.866025 -0.000000 0.500000
vn 0.965926 -0.000000 0.258819
vn 0.866025 -0.000000 0.500000
vn 0.707107 -0.000000 0.707107
vn 0.500000 -0.000000 0.866025
vn 0.258819 -0.000000 0.965926
vn 0.965926 -0.000000 0.258819
vn 0.965926 -0.000000 0.258819
vn 0.866025 -0.000000 0.500000
vn 0.866025 -0.000000 0.500000
vn 0.707107 -0.000000 0.707107
vn 0.500000 -0.000000 0.866025
vn 0.866025 -0.000000 0.500000
vn 0.707107 -0.000000 0.707107
vn 0.500000 -0.000000 0.866025
vn 0.258819 -0.000000 0.965926
vn 0.965926 -0.000000 0.258819
vn 0.965926 -0.000000 0.258819
vn 0.965926 -0.000000 0.258819
vn 0.866025 -0.000000 0.500000
vn 0.866025 -0.000000 0.500000
vn 0.707107 -0.000000 0.707107
vn 0.866025 -0.000000 0.500000
vn 0.965926 -0.000000 0.258819
vn 0.866025 -0.000000 0.500000
vn 0.707107 -0.000000 0.707107
vn 0.500000 -0.000000 0.866025
vn 0.258819 -0.000000 0.965926
vn 0.965926 -0.000000 0.258819
vn 0.965926 -0.000000 0.258819
vn 0.965926 -0.000000 0.258819
vn 0.866025 -0.000000 0.500000
vn 0.866025 -0.000000 0.500000
vn 0.707107 -0.000000 0.707107
vn 0.866025 -0.000000 0.500000
vn 0.965926 -0.000000 0.258819
vn 0.866025 -0.000000 0.500000
vn 0.707107 -0.000000 0.707107
vn 0.500000 -0.000000 0.866025
vn 0.258819 -0.000000 0.965926
vn 0.965926 -0.000000 0.258819
vn 0.965926 -0.000000 0.258819
vn 0.965926 -0.000000 0.258819
vn 0.866025 -0.000000 0.500000
vn 0.866025 -0.000000 0.500000
vn 0.707107 -0.000000 0.707107
vn 0.866025 -0.000000 0.500000
vn 0.965926 -0.000000 0.258819
vn 0.965926 -0.000000 0.258819
vn 0.965926 -0.000000 0.258819
vn 0.866025 -0.000000 0.500000
vn 0.866025 -0.000000 0.500000
vn 0.707107 -0.000000 0.707107
vn 0.866025 -0.000000 0.500000
vn 0.866025 -0.000000 0.500000
vn 0.707107 -0.000000 0.707107
vn 0.500000 -0.000000 0.866025
vn 0.258819 -0.000000 0.965926
vn 0.965926 -0.000000 0.258819
vn 0.965926 -0.000000 0.258819
vn 0.965926 -0.000000 0.258819
vn 0.866025 -0.000000 0.500000
vn 0.866025 -0.000000 0.500000
vn 0.707107 -0.000000 0.707107
vn 0.866025 -0.000000 0.500000
vn 0.965926 -0.000000 0.258819
vn 0.866025 -0.000000 0.500000
vn 0.707107 -0.000000 0.707107
vn 0.500000 -0.000000 0.866025
vn 0.258819 -0.000000 0.965926
vn 0.707107 -0.000000 0.707107
vn 0.707107 -0.000000 0.707107
vn 0.500000 -0.000000 0.866025
vn 0.258819 -0.000000 0.965926
vn 0.707107 -0.000000 0.707107
vn 0.500000 -0.000000 0.866025
vn 0.258819 -0.000000 0.965926
vn 0.707107 -0.000000 0.707107
vn 0.707107 -0.000000 0.707107
vn 0.500000 -0.000000 0.866025
vn 0.258819 -0.000000 0.965926
vn 0.707107 -0.000000 0.707107
vn 0.707107 -0.000000 0.707107
vn 0.500000 -0.000000 0.866025
vn 0.258819 -0.000000 0.965926
vn 0.707107 -0.000000 0.707107
vn 0.707107 -0.000000 0.707107
vn 0.707107 -0.000000 0.707107
vn 0.500000 -0.000000 0.866025
vn 0.258819 -0.000000 0.965926
vn 0.707107 -0.000000 0.707107
vn 0.707107 -0.000000 0.707107
vn 0.500000 -0.000000 0.866025
vn 0.500000 -0.000000 0.866025
vn 0.258819 -0.000000 0.965926
vn 0.500000 -0.000000 0.866025
vn 0.500000 -0.000000 0.866025
vn 0.258819 -0.000000 0.965926
vn 0.500000 -0.000000 0.866025
vn 0.258819 -0.000000 0.965926
vn 0.500000 -0.000000 0.866025
vn 0.500000 -0.000000 0.866025
vn 0.258819 -0.000000 0.965926
vn 0.500000 -0.000000 0.866025
vn 0.500000 -0.000000 0.866025
vn 0.258819 -0.000000 0.965926
vn 0.500000 -0.000000 0.866025
vn 0.500000 -0.000000 0.866025
vn 0.258819 -0.000000 0.965926
vn 0.500000 -0.000000 0.866025
vn 0.500000 -0.000000 0.866025
vn 0.258819 -0.000000 0.965926
vn 0.500000 -0.000000 0.866025
vn 0.258819 -0.000000 0.965926
vn 0.258819 -0.000000 0.965926
vn 0.258819 -0.000000 0.965926
vn 0.258819 -0.000000 0.965926
vn 0.258819 -0.000000 0.965926
vn 0.258819 -0.000000 0.965926
vn 0.258819 -0.000000 0.965926
vn 0.258819 -0.000000 0.965926
vn 0.965926 0.000000 -0.258819
vn 0.965926 0.000000 -0.258819
vn 0.965926 0.000000 -0.258819
vn 0.965926 0.000000 -0.258819
vn 0.866025 0.000000 -0.500000
vn 0.866025 0.000000 -0.500000
vn 0.707107 0.000000 -0.707107
vn 0.707107 0.000000 -0.707107
vn 0.500000 0.000000 -0.866025
vn 0.500000 0.000000 -0.866025
vn 0.258819 0.000000 -0.965926
vn 0.258819 0.000000 -0.965926
vn 0.258819 0.000000 -0.965926
vn 0.258819 0.000000 -0.965926
vn 0.500000 0.000000 -0.866025
vn 0.500000 0.000000 -0.866025
vn 0.707107 0.000000 -0.707107
vn 0.707107 0.000000 -0.707107
vn 0.866025 0.000000 -0.500000
vn 0.866025 0.000000 -0.500000
vn 0.965926 0.000000 -0.258819
vn 0.965926 0.000000 -0.258819
vn 0.965926 0.000000 -0.258819
vn 0.965926 0.000000 -0.258819
vn 0.866025 0.000000 -0.500000
vn 0.866025 0.000000 -0.500000
vn 0.707107 0.000000 -0.707107
vn 0.707107 0.000000 -0.707107
vn 0.500000 0.000000 -0.866025
vn 0.500000 0.000000 -0.866025
vn 0.258819 0.000000 -0.965926
vn 0.258819 0.000000 -0.965926
vn 0.258819 0.000000 -0.965926
vn 0.258819 0.000000 -0.965926
vn 0.258819 0.000000 -0.965926
vn 0.500000 0.000000 -0.866025
vn 0.500000 0.000000 -0.866025
vn 0.707107 0.000000 -0.707107
vn 0.707107 0.000000 -0.707107
vn 0.866025 0.000000 -0.500000
vn 0.866025 0.000000 -0.500000
vn 0.965926 0.000000 -0.258819
vn 0.965926 0.000000 -0.258819
vn 0.965926 0.000000 -0.258819
vn 0.965926 0.000000 -0.258819
vn 0.866025 0.000000 -0.500000
vn 0.866025 0.000000 -0.500000
vn 0.707107 0.000000 -0.707107
vn 0.707107 0.000000 -0.707107
vn 0.500000 0.000000 -0.866025
vn 0.500000 0.000000 -0.866025
vn 0.258819 0.000000 -0.965926
vn 0.258819 0.000000 -0.965926
vn 0.258819 0.000000 -0.965926
vn 0.258819 0.000000 -0.965926
vn 0.500000 0.000000 -0.866025
vn 0.500000 0.000000 -0.866025
vn 0.707107 0.000000 -0.707107
vn 0.707107 0.000000 -0.707107
vn 0.866025 0.000000 -0.500000
vn 0.866025 0.000000 -0.500000
vn 0.965926 0.000000 -0.258819
vn 0.965926 0.000000 -0.258819
vn 0.965926 0.000000 -0.258819
vn 0.965926 0.000000 -0.258819
vn 0.866025 0.000000 -0.500000
vn 0.866025 0.000000 -0.500000
vn 0.707107 0.000000 -0.707107
vn 0.707107 0.000000 -0.707107
vn 0.500000 0.000000 -0.866025
vn 0.500000 0.000000 -0.866025
vn 0.258819 0.000000 -0.965926
vn 0.258819 0.000000 -0.965926
vn 0.258819 0.000000 -0.965926
vn 0.258819 0.000000 -0.965926
vn 0.500000 0.000000 -0.866025
vn 0.500000 0.000000 -0.866025
vn 0.707107 0.000000 -0.707107
vn 0.707107 0.000000 -0.707107
vn 0.866025 0.000000 -0.500000
vn 0.866025 0.000000 -0.500000
vn 0.965926 0.000000 -0.258819
vn 0.965926 0.000000 -0.258819
vn 0.965926 0.000000 -0.258819
vn 0.965926 0.000000 -0.258819
vn 0.866025 0.000000 -0.500000
vn 0.866025 0.000000 -0.500000
vn 0.707107 0.000000 -0.707107
vn 0.707107 0.000000 -0.707107
vn 0.500000 0.000000 -0.866025
vn 0.500000 0.000000 -0.866025
vn 0.258819 0.000000 -0.965926
vn 0.258819 0.000000 -0.965926
vn 0.258819 0.000000 -0.965926
vn 0.258819 0.000000 -0.965926
vn 0.500000 0.000000 -0.866025
vn 0.500000 0.000000 -0.866025
vn 0.707107 0.000000 -0.707107
vn 0.707107 0.000000 -0.707107
vn 0.866025 0.000000 -0.500000
vn 0.866025 0.000000 -0.500000
vn 0.965926 0.000000 -0.258819
vn 0.965926 0.000000 -0.258819
vn 0.965926 0.000000 -0.258819
vn 0.965926 0.000000 -0.258819
vn 0.866025 0.000000 -0.500000
vn 0.866025 0.000000 -0.500000
vn 0.707107 0.000000 -0.707107
vn 0.707107 0.000000 -0.707107
vn 0.500000 0.000000 -0.866025
vn 0.500000 0.000000 -0.866025
vn 0.258819 0.000000 -0.965926
vn 0.258819 0.000000 -0.965926
vn 0.258819 0.000000 -0.965926
vn 0.258819 0.000000 -0.965926
vn 0.500000 0.000000 -0.866025
vn 0.500000 0.000000 -0.866025
vn 0.707107 0.000000 -0.707107
vn 0.707107 0.000000 -0.707107
vn 0.866025 0.000000 -0.500000
vn 0.866025 0.000000 -0.500000
vn 0.965926 0.000000 -0.258819
vn 0.965926 0.000000 -0.258819
vn 0.965926 0.000000 -0.258819
vn 0.965926 0.000000 -0.258819
vn 0.866025 0.000000 -0.500000
vn 0.866025 0.000000 -0.500000
vn 0.707107 0.000000 -0.707107
vn 0.707107 0.000000 -0.707107
vn 0.500000 0.000000 -0.866025
vn 0.500000 0.000000 -0.866025
vn 0.258819 0.000000 -0.965926
vn 0.258819 0.000000 -0.965926
vn 0.258819 0.000000 -0.965926
vn 0.258819 0.000000 -0.965926
vn 0.500000 0.000000 -0.866025
vn 0.500000 0.000000 -0.866025
vn 0.707107 0.000000 -0.707107
vn 0.707107 0.000000 -0.707107
vn 0.866025 0.000000 -0.500000
vn 0.866025 0.000000 -0.500000
vn 0.965926 0.000000 -0.258819
vn 0.965926 0.000000 -0.258819
vn 0.965926 0.000000 -0.258819
vn 0.965926 0.000000 -0.258819
vn 0.866025 0.000000 -0.500000
vn 0.866025 0.000000 -0.500000
vn 0.707107 0.000000 -0.707107
vn 0.707107 0.000000 -0.707107
vn 0.500000 0.000000 -0.866025
vn 0.500000 0.000000 -0.866025
vn 0.258819 0.000000 -0.965926
vn 0.258819 0.000000 -0.965926
vn 0.258819 0.000000 -0.965926
vn 0.258819 0.000000 -0.965926
vn 0.500000 0.000000 -0.866025
vn 0.500000 0.000000 -0.866025
vn 0.707107 0.000000 -0.707107
vn 0.866025 0.000000 -0.500000
vn 0.866025 0.000000 -0.500000
vn 0.707107 0.000000 -0.707107
vn 0.707107 0.000000 -0.707107
vn 0.500000 0.000000 -0.866025
vn 0.500000 0.000000 -0.866025
vn 0.258819 0.000000 -0.965926
vn 0.258819 0.000000 -0.965926
vn 0.258819 0.000000 -0.965926
vn 0.258819 0.000000 -0.965926
vn 0.500000 0.000000 -0.866025
vn 0.500000 0.000000 -0.866025
vn 0.707107 0.000000 -0.707107
vn 0.707107 0.000000 -0.707107
vn 0.866025 0.000000 -0.500000
vn 0.707107 0.000000 -0.707107
vn 0.866025 0.000000 -0.500000
vn 0.965926 0.000000 -0.258819
vn 0.866025 0.000000 -0.500000
vn 0.965926 0.000000 -0.258819
vn 0.965926 0.000000 -0.258819
vn 0.965926 0.000000 -0.258819
vn 0.965926 0.000000 -0.258819
vn 0.965926 0.000000 -0.258819
vn 0.965926 0.000000 -0.258819
vn 0.965926 0.000000 -0.258819
vn 0.866025 0.000000 -0.500000
vn 0.866025 0.000000 -0.500000
vn 0.707107 0.000000 -0.707107
vn 0.707107 0.000000 -0.707107
vn 0.500000 0.000000 -0.866025
vn 0.866025 0.000000 -0.500000
vn 0.707107 0.000000 -0.707107
vn 0.500000 0.000000 -0.866025
vn 0.258819 0.000000 -0.965926
vn 0.965926 0.000000 -0.258819
vn 0.965926 0.000000 -0.258819
vn 0.965926 0.000000 -0.258819
vn 0.866025 0.000000 -0.500000
vn 0.866025 0.000000 -0.500000
vn 0.707107 0.000000 -0.707107
vn 0.866025 0.000000 -0.500000
vn 0.965926 0.000000 -0.258819
vn 0.866025 0.000000 -0.500000
vn 0.707107 0.000000 -0.707107
vn 0.500000 0.000000 -0.866025
vn 0.258819 0.000000 -0.965926
vn 0.965926 0.000000 -0.258819
vn 0.965926 0.000000 -0.258819
vn 0.866025 0.000000 -0.500000
vn 0.866025 0.000000 -0.500000
vn 0.707107 0.000000 -0.707107
vn 0.500000 0.000000 -0.866025
vn 0.866025 0.000000 -0.500000
vn 0.707107 0.000000 -0.707107
vn 0.500000 0.000000 -0.866025
vn 0.258819 0.000000 -0.965926
vn 0.965926 0.000000 -0.258819
vn 0.965926 0.000000 -0.258819
vn 0.965926 0.000000 -0.258819
vn 0.866025 0.000000 -0.500000
vn 0.866025 0.000000 -0.500000
vn 0.707107 0.000000 -0.707107
vn 0.866025 0.000000 -0.500000
vn 0.965926 0.000000 -0.258819
vn 0.866025 0.000000 -0.500000
vn 0.707107 0.000000 -0.707107
vn 0.500000 0.000000 -0.866025
vn 0.258819 0.000000 -0.965926
vn 0.965926 0.000000 -0.258819
vn 0.965926 0.000000 -0.258819
vn 0.965926 0.000000 -0.258819
vn 0.866025 0.000000 -0.500000
vn 0.866025 0.000000 -0.500000
vn 0.707107 0.000000 -0.707107
vn 0.866025 0.000000 -0.500000
vn 0.965926 0.000000 -0.258819
vn 0.866025 0.000000 -0.500000
vn 0.707107 0.000000 -0.707107
vn 0.500000 0.000000 -0.866025
vn 0.258819 0.000000 -0.965926
vn 0.965926 0.000000 -0.258819
vn 0.965926 0.000000 -0.258819
vn 0.965926 0.000000 -0.258819
vn 0.866025 0.000000 -0.500000
vn 0.866025 0.000000 -0.500000
vn 0.707107 0.000000 -0.707107
vn 0.866025 0.000000 -0.500000
vn 0.965926 0.000000 -0.258819
vn 0.965926 0.000000 -0.258819
vn 0.965926 0.000000 -0.258819
vn 0.866025 0.000000 -0.500000
vn 0.866025 0.000000 -0.500000
vn 0.707107 0.000000 -0.707107
vn 0.866025 0.000000 -0.500000
vn 0.866025 0.000000 -0.500000
vn 0.707107 0.000000 -0.707107
vn 0.500000 0.000000 -0.866025
vn 0.258819 0.000000 -0.965926
vn 0.965926 0.000000 -0.258819
vn 0.965926 0.000000 -0.258819
vn 0.965926 0.000000 -0.258819
vn 0.866025 0.000000 -0.500000
vn 0.866025 0.000000 -0.500000
vn 0.707107 0.000000 -0.707107
vn 0.866025 0.000000 -0.500000
vn 0.965926 0.000000 -0.258819
vn 0.866025 0.000000 -0.500000
vn 0.707107 0.000000 -0.707107
vn 0.500000 0.000000 -0.866025
vn 0.258819 0.000000 -0.965926
vn 0.707107 0.000000 -0.707107
vn 0.707107 0.000000 -0.707107
vn 0.500000 0.000000 -0.866025
vn 0.258819 0.000000 -0.965926
vn 0.707107 0.000000 -0.707107
vn 0.500000 0.000000 -0.866025
vn 0.258819 0.000000 -0.965926
vn 0.707107 0.000000 -0.707107
vn 0.707107 0.000000 -0.707107
vn 0.500000 0.000000 -0.866025
vn 0.258819 0.000000 -0.965926
vn 0.707107 0.000000 -0.707107
vn 0.707107 0.000000 -0.707107
vn 0.500000 0.000000 -0.866025
vn 0.258819 0.000000 -0.965926
vn 0.707107 0.000000 -0.707107
vn 0.707107 0.000000 -0.707107
vn 0.707107 0.000000 -0.707107
vn 0.500000 0.000000 -0.866025
vn 0.258819 0.000000 -0.965926
vn 0.707107 0.000000 -0.707107
vn 0.707107 0.000000 -0.707107
vn 0.500000 0.000000 -0.866025
vn 0.500000 0.000000 -0.866025
vn 0.258819 0.000000 -0.965926
vn 0.500000 0.000000 -0.866025
vn 0.500000 0.000000 -0.866025
vn 0.258819 0.000000 -0.965926
vn 0.500000 0.000000 -0.866025
vn 0.258819 0.000000 -0.965926
vn 0.500000 0.000000 -0.866025
vn 0.500000 0.000000 -0.866025
vn 0.258819 0.000000 -0.965926
vn 0.500000 0.000000 -0.866025
vn 0.500000 0.000000 -0.866025
vn 0.258819 0.000000 -0.965926
vn 0.500000 0.000000 -0.866025
vn 0.500000 0.000000 -0.866025
vn 0.258819 0.000000 -0.965926
vn 0.500000 0.000000 -0.866025
vn 0.500000 0.000000 -0.866025
vn 0.258819 0.000000 -0.965926
vn 0.500000 0.000000 -0.866025
vn 0.258819 0.000000 -0.965926
vn 0.258819 0.000000 -0.965926
vn 0.258819 0.000000 -0.965926
vn 0.258819 0.000000 -0.965926
vn 0.258819 0.000000 -0.965926
vn 0.258819 0.000000 -0.965926
vn 0.258819 0.000000 -0.965926
vn 0.258819 0.000000 -0.965926
vn -0.258819 0.000000 -0.965926
vn -0.258819 0.000000 -0.965926
vn -0.258819 0.000000 -0.965926
vn -0.258819 0.000000 -0.965926
vn -0.500000 0.000000 -0.866025
vn -0.500000 0.000000 -0.866025
vn -0.707107 0.000000 -0.707107
vn -0.707107 0.000000 -0.707107
vn -0.866025 0.000000 -0.500000
vn -0.866025 0.000000 -0.500000
vn -0.965926 0.000000 -0.258819
vn -0.965926 0.000000 -0.258819
vn -0.965926 0.000000 -0.258819
vn -0.965926 0.000000 -0.258819
vn -0.866025 0.000000 -0.500000
vn -0.866025 0.000000 -0.500000
vn -0.707107 0.000000 -0.707107
vn -0.707107 0.000000 -0.707107
vn -0.500000 0.000000 -0.866025
vn -0.500000 0.000000 -0.866025
vn -0.258819 0.000000 -0.965926
vn -0.258819 0.000000 -0.965926
vn -0.258819 0.000000 -0.965926
vn -0.258819 0.000000 -0.965926
vn -0.500000 0.000000 -0.866025
vn -0.500000 0.000000 -0.866025
vn -0.707107 0.000000 -0.707107
vn -0.707107 0.000000 -0.707107
vn -0.866025 0.000000 -0.500000
vn -0.866025 0.000000 -0.500000
vn -0.965926 0.000000 -0.258819
vn -0.965926 0.000000 -0.258819
vn -0.965926 0.000000 -0.258819
vn -0.965926 0.000000 -0.258819
vn -0.965926 0.000000 -0.258819
vn -0.866025 0.000000 -0.500000
vn -0.866025 0.000000 -0.500000
vn -0.707107 0.000000 -0.707107
vn -0.707107 0.000000 -0.707107
vn -0.500000 0.000000 -0.866025
vn -0.500000 0.000000 -0.866025
vn -0.258819 0.000000 -0.965926
vn -0.258819 0.000000 -0.965926
vn -0.258819 0.000000 -0.965926
vn -0.258819 0.000000 -0.965926
vn -0.500000 0.000000 -0.866025
vn -0.500000 0.000000 -0.866025
vn -0.707107 0.000000 -0.707107
vn -0.707107 0.000000 -0.707107
vn -0.866025 0.000000 -0.500000
vn -0.866025 0.000000 -0.500000
vn -0.965926 0.000000 -0.258819
vn -0.965926 0.000000 -0.258819
vn -0.965926 0.000000 -0.258819
vn -0.965926 0.000000 -0.258819
vn -0.866025 0.000000 -0.500000
vn -0.866025 0.000000 -0.500000
vn -0.707107 0.000000 -0.707107
vn -0.707107 0.000000 -0.707107
vn -0.500000 0.000000 -0.866025
vn -0.500000 0.000000 -0.866025
vn -0.258819 0.000000 -0.965926
vn -0.258819 0.000000 -0.965926
vn -0.258819 0.000000 -0.965926
vn -0.258819 0.000000 -0.965926
vn -0.500000 0.000000 -0.866025
vn -0.500000 0.000000 -0.866025
vn -0.707107 0.000000 -0.707107
vn -0.707107 0.000000 -0.707107
vn -0.866025 0.000000 -0.500000
vn -0.866025 0.000000 -0.500000
vn -0.965926 0.000000 -0.258819
vn -0.965926 0.000000 -0.258819
vn -0.965926 0.000000 -0.258819
vn -0.965926 0.000000 -0.258819
vn -0.866025 0.000000 -0.500000
vn -0.866025 0.000000 -0.500000
vn -0.707107 0.000000 -0.707107
vn -0.707107 0.000000 -0.707107
vn -0.500000 0.000000 -0.866025
vn -0.500000 0.000000 -0.866025
vn -0.258819 0.000000 -0.965926
vn -0.258819 0.000000 -0.965926
vn -0.258819 0.000000 -0.965926
vn -0.258819 0.000000 -0.965926
vn -0.500000 0.000000 -0.866025
vn -0.500000 0.000000 -0.866025
vn -0.707107 0.000000 -0.707107
vn -0.707107 0.000000 -0.707107
vn -0.866025 0.000000 -0.500000
vn -0.866025 0.000000 -0.500000
vn -0.965926 0.000000 -0.258819
vn -0.965926 0.000000 -0.258819
vn -0.965926 0.000000 -0.258819
vn -0.965926 0.000000 -0.258819
vn -0.866025 0.000000 -0.500000
vn -0.866025 0.000000 -0.500000
vn -0.707107 0.000000 -0.707107
vn -0.707107 0.000000 -0.707107
vn -0.500000 0.000000 -0.866025
vn -0.500000 0.000000 -0.866025
vn -0.258819 0.000000 -0.965926
vn -0.258819 0.000000 -0.965926
vn -0.258819 0.000000 -0.965926
vn -0.258819 0.000000 -0.965926
vn -0.500000 0.000000 -0.866025
vn -0.500000 0.000000 -0.866025
vn -0.707107 0.000000 -0.707107
vn -0.707107 0.000000 -0.707107
vn -0.866025 0.000000 -0.500000
vn -0.866025 0.000000 -0.500000
vn -0.965926 0.000000 -0.258819
vn -0.965926 0.000000 -0.258819
vn -0.965926 0.000000 -0.258819
vn -0.965926 0.000000 -0.258819
vn -0.866025 0.000000 -0.500000
vn -0.866025 0.000000 -0.500000
vn -0.707107 0.000000 -0.707107
vn -0.707107 0.000000 -0.707107
vn -0.500000 0.000000 -0.866025
vn -0.500000 0.000000 -0.866025
vn -0.258819 0.000000 -0.965926
vn -0.258819 0.000000 -0.965926
vn -0.258819 0.000000 -0.965926
vn -0.258819 0.000000 -0.965926
vn -0.500000 0.000000 -0.866025
vn -0.500000 0.000000 -0.866025
vn -0.707107 0.000000 -0.707107
vn -0.707107 0.000000 -0.707107
vn -0.866025 0.000000 -0.500000
vn -0.866025 0.000000 -0.500000
vn -0.965926 0.000000 -0.258819
vn -0.965926 0.000000 -0.258819
vn -0.965926 0.000000 -0.258819
vn -0.965926 0.000000 -0.258819
vn -0.866025 0.000000 -0.500000
vn -0.866025 0.000000 -0.500000
vn -0.707107 0.000000 -0.707107
vn -0.707107 0.000000 -0.707107
vn -0.500000 0.000000 -0.866025
vn -0.500000 0.000000 -0.866025
vn -0.258819 0.000000 -0.965926
vn -0.258819 0.000000 -0.965926
vn -0.258819 0.000000 -0.965926
vn -0.258819 0.000000 -0.965926
vn -0.500000 0.000000 -0.866025
vn -0.500000 0.000000 -0.866025
vn -0.707107 0.000000 -0.707107
vn -0.707107 0.000000 -0.707107
vn -0.866025 0.000000 -0.500000
vn -0.866025 0.000000 -0.500000
vn -0.965926 0.000000 -0.258819
vn -0.965926 0.000000 -0.258819
vn -0.965926 0.000000 -0.258819
vn -0.965926 0.000000 -0.258819
vn -0.866025 0.000000 -0.500000
vn -0.866025 0.000000 -0.500000
vn -0.707107 0.000000 -0.707107
vn -0.500000 0.000000 -0.866025
vn -0.500000 0.000000 -0.866025
vn -0.707107 0.000000 -0.707107
vn -0.707107 0.000000 -0.707107
vn -0.866025 0.000000 -0.500000
vn -0.866025 0.000000 -0.500000
vn -0.965926 0.000000 -0.258819
vn -0.965926 0.000000 -0.258819
vn -0.965926 0.000000 -0.258819
vn -0.965926 0.000000 -0.258819
vn -0.866025 0.000000 -0.500000
vn -0.866025 0.000000 -0.500000
vn -0.707107 0.000000 -0.707107
vn -0.707107 0.000000 -0.707107
vn -0.500000 0.000000 -0.866025
vn -0.707107 0.000000 -0.707107
vn -0.500000 0.000000 -0.866025
vn -0.258819 0.000000 -0.965926
vn -0.500000 0.000000 -0.866025
vn -0.258819 0.000000 -0.965926
vn -0.258819 0.000000 -0.965926
vn -0.258819 0.000000 -0.965926
vn -0.258819 0.000000 -0.965926
vn -0.258819 0.000000 -0.965926
vn -0.258819 0.000000 -0.965926
vn -0.258819 0.000000 -0.965926
vn -0.500000 0.000000 -0.866025
vn -0.500000 0.000000 -0.866025
vn -0.707107 0.000000 -0.707107
vn -0.707107 0.000000 -0.707107
vn -0.866025 0.000000 -0.500000
vn -0.500000 0.000000 -0.866025
vn -0.707107 0.000000 -0.707107
vn -0.866025 0.000000 -0.500000
vn -0.965926 0.000000 -0.258819
vn -0.258819 0.000000 -0.965926
vn -0.258819 0.000000 -0.965926
vn -0.258819 0.000000 -0.965926
vn -0.500000 0.000000 -0.866025
vn -0.500000 0.000000 -0.866025
vn -0.707107 0.000000 -0.707107
vn -0.500000 0.000000 -0.866025
vn -0.258819 0.000000 -0.965926
vn -0.500000 0.000000 -0.866025
vn -0.707107 0.000000 -0.707107
vn -0.866025 0.000000 -0.500000
vn -0.965926 0.000000 -0.258819
vn -0.258819 0.000000 -0.965926
vn -0.258819 0.000000 -0.965926
vn -0.500000 0.000000 -0.866025
vn -0.500000 0.000000 -0.866025
vn -0.707107 0.000000 -0.707107
vn -0.866025 0.000000 -0.500000
vn -0.500000 0.000000 -0.866025
vn -0.707107 0.000000 -0.707107
vn -0.866025 0.000000 -0.500000
vn -0.965926 0.000000 -0.258819
vn -0.258819 0.000000 -0.965926
vn -0.258819 0.000000 -0.965926
vn -0.258819 0.000000 -0.965926
vn -0.500000 0.000000 -0.866025
vn -0.500000 0.000000 -0.866025
vn -0.707107 0.000000 -0.707107
vn -0.500000 0.000000 -0.866025
vn -0.258819 0.000000 -0.965926
vn -0.500000 0.000000 -0.866025
vn -0.707107 0.000000 -0.707107
vn -0.866025 0.000000 -0.500000
vn -0.965926 0.000000 -0.258819
vn -0.258819 0.000000 -0.965926
vn -0.258819 0.000000 -0.965926
vn -0.258819 0.000000 -0.965926
vn -0.500000 0.000000 -0.866025
vn -0.500000 0.000000 -0.866025
vn -0.707107 0.000000 -0.707107
vn -0.500000 0.000000 -0.866025
vn -0.258819 0.000000 -0.965926
vn -0.500000 0.000000 -0.866025
vn -0.707107 0.000000 -0.707107
vn -0.866025 0.000000 -0.500000
vn -0.965926 0.000000 -0.258819
vn -0.258819 0.000000 -0.965926
vn -0.258819 0.000000 -0.965926
vn -0.258819 0.000000 -0.965926
vn -0.500000 0.000000 -0.866025
vn -0.500000 0.000000 -0.866025
vn -0.707107 0.000000 -0.707107
vn -0.500000 0.000000 -0.866025
vn -0.258819 0.000000 -0.965926
vn -0.258819 0.000000 -0.965926
vn -0.258819 0.000000 -0.965926
vn -0.500000 0.000000 -0.866025
vn -0.500000 0.000000 -0.866025
vn -0.707107 0.000000 -0.707107
vn -0.500000 0.000000 -0.866025
vn -0.500000 0.000000 -0.866025
vn -0.707107 0.000000 -0.707107
vn -0.866025 0.000000 -0.500000
vn -0.965926 0.000000 -0.258819
vn -0.258819 0.000000 -0.965926
vn -0.258819 0.000000 -0.965926
vn -0.258819 0.000000 -0.965926
vn -0.500000 0.000000 -0.866025
vn -0.500000 0.000000 -0.866025
vn -0.707107 0.000000 -0.707107
vn -0.500000 0.000000 -0.866025
vn -0.258819 0.000000 -0.965926
vn -0.500000 0.000000 -0.866025
vn -0.707107 0.000000 -0.707107
vn -0.866025 0.000000 -0.500000
vn -0.965926 0.000000 -0.258819
vn -0.707107 0.000000 -0.707107
vn -0.707107 0.000000 -0.707107
vn -0.866025 0.000000 -0.500000
vn -0.965926 0.000000 -0.258819
vn -0.707107 0.000000 -0.707107
vn -0.866025 0.000000 -0.500000
vn -0.965926 0.000000 -0.258819
vn -0.707107 0.000000 -0.707107
vn -0.707107 0.000000 -0.707107
vn -0.866025 0.000000 -0.500000
vn -0.965926 0.000000 -0.258819
vn -0.707107 0.000000 -0.707107
vn -0.707107 0.000000 -0.707107
vn -0.866025 0.000000 -0.500000
vn -0.965926 0.000000 -0.258819
vn -0.707107 0.000000 -0.707107
vn -0.707107 0.000000 -0.707107
vn -0.707107 0.000000 -0.707107
vn -0.866025 0.000000 -0.500000
vn -0.965926 0.000000 -0.258819
vn -0.707107 0.000000 -0.707107
vn -0.707107 0.000000 -0.707107
vn -0.866025 0.000000 -0.500000
vn -0.866025 0.000000 -0.500000
vn -0.965926 0.000000 -0.258819
vn -0.866025 0.000000 -0.500000
vn -0.866025 0.000000 -0.500000
vn -0.965926 0.000000 -0.258819
vn -0.866025 0.000000 -0.500000
vn -0.965926 0.000000 -0.258819
vn -0.866025 0.000000 -0.500000
vn -0.866025 0.000000 -0.500000
vn -0.965926 0.000000 -0.258819
vn -0.866025 0.000000 -0.500000
vn -0.866025 0.000000 -0.500000
vn -0.965926 0.000000 -0.258819
vn -0.866025 0.000000 -0.500000
vn -0.866025 0.000000 -0.500000
vn -0.965926 0.000000 -0.258819
vn -0.866025 0.000000 -0.500000
vn -0.866025 0.000000 -0.500000
vn -0.965926 0.000000 -0.258819
vn -0.866025 0.000000 -0.500000
vn -0.965926 0.000000 -0.258819
vn -0.965926 0.000000 -0.258819
vn -0.965926 0.000000 -0.258819
vn -0.965926 0.000000 -0.258819
vn -0.965926 0.000000 -0.258819
vn -0.965926 0.000000 -0.258819
vn -0.965926 0.000000 -0.258819
vn -0.965926 0.000000 -0.258819
vn -0.258819 -0.000000 0.965926
vn -0.258819 -0.000000 0.965926
vn -0.258819 -0.000000 0.965926
vn -0.258819 -0.000000 0.965926
vn -0.500000 -0.000000 0.866025
vn -0.500000 -0.000000 0.866025
vn -0.707107 -0.000000 0.707107
vn -0.707107 -0.000000 0.707107
vn -0.866025 -0.000000 0.500000
vn -0.866025 -0.000000 0.500000
vn -0.965926 -0.000000 0.258819
vn -0.965926 -0.000000 0.258819
vn -0.965926 -0.000000 0.258819
vn -0.965926 -0.000000 0.258819
vn -0.866025 -0.000000 0.500000
vn -0.866025 -0.000000 0.500000
vn -0.707107 -0.000000 0.707107
vn -0.707107 -0.000000 0.707107
vn -0.500000 -0.000000 0.866025
vn -0.500000 -0.000000 0.866025
vn -0.258819 -0.000000 0.965926
vn -0.258819 -0.000000 0.965926
vn -0.258819 -0.000000 0.965926
vn -0.258819 -0.000000 0.965926
vn -0.500000 -0.000000 0.866025
vn -0.500000 -0.000000 0.866025
vn -0.707107 -0.000000 0.707107
vn -0.707107 -0.000000 0.707107
vn -0.866025 -0.000000 0.500000
vn -0.866025 -0.000000 0.500000
vn -0.965926 -0.000000 0.258819
vn -0.965926 -0.000000 0.258819
vn -0.965926 -0.000000 0.258819
vn -0.965926 -0.000000 0.258819
vn -0.965926 -0.000000 0.258819
vn -0.866025 -0.000000 0.500000
vn -0.866025 -0.000000 0.500000
vn -0.707107 -0.000000 0.707107
vn -0.707107 -0.000000 0.707107
vn -0.500000 -0.000000 0.866025
vn -0.500000 -0.000000 0.866025
vn -0.258819 -0.000000 0.965926
vn -0.258819 -0.000000 0.965926
vn -0.258819 -0.000000 0.965926
vn -0.258819 -0.000000 0.965926
vn -0.500000 -0.000000 0.866025
vn -0.500000 -0.000000 0.866025
vn -0.707107 -0.000000 0.707107
vn -0.707107 -0.000000 0.707107
vn -0.866025 -0.000000 0.500000
vn -0.866025 -0.000000 0.500000
vn -0.965926 -0.000000 0.258819
vn -0.965926 -0.000000 0.258819
vn -0.965926 -0.000000 0.258819
vn -0.965926 -0.000000 0.258819
vn -0.866025 -0.000000 0.500000
vn -0.866025 -0.000000 0.500000
vn -0.707107 -0.000000 0.707107
vn -0.707107 -0.000000 0.707107
vn -0.500000 -0.000000 0.866025
vn -0.500000 -0.000000 0.866025
vn -0.258819 -0.000000 0.965926
vn -0.258819 -0.000000 0.965926
vn -0.258819 -0.000000 0.965926
vn -0.258819 -0.000000 0.965926
vn -0.500000 -0.000000 0.866025
vn -0.500000 -0.000000 0.866025
vn -0.707107 -0.000000 0.707107
vn -0.707107 -0.000000 0.707107
vn -0.866025 -0.000000 0.500000
vn -0.866025 -0.000000 0.500000
vn -0.965926 -0.000000 0.258819
vn -0.965926 -0.000000 0.258819
vn -0.965926 -0.000000 0.258819
vn -0.965926 -0.000000 0.258819
vn -0.866025 -0.000000 0.500000
vn -0.866025 -0.000000 0.500000
vn -0.707107 -0.000000 0.707107
vn -0.707107 -0.000000 0.707107
vn -0.500000 -0.000000 0.866025
vn -0.500000 -0.000000 0.866025
vn -0.258819 -0.000000 0.965926
vn -0.258819 -0.000000 0.965926
vn -0.258819 -0.000000 0.965926
vn -0.258819 -0.000000 0.965926
vn -0.500000 -0.000000 0.866025
vn -0.500000 -0.000000 0.866025
vn -0.707107 -0.000000 0.707107
vn -0.707107 -0.000000 0.707107
vn -0.866025 -0.000000 0.500000
vn -0.866025 -0.000000 0.500000
vn -0.965926 -0.000000 0.258819
vn -0.965926 -0.000000 0.258819
vn -0.965926 -0.000000 0.258819
vn -0.965926 -0.000000 0.258819
vn -0.866025 -0.000000 0.500000
vn -0.866025 -0.000000 0.500000
vn -0.707107 -0.000000 0.707107
vn -0.707107 -0.000000 0.707107
vn -0.500000 -0.000000 0.866025
vn -0.500000 -0.000000 0.866025
vn -0.258819 -0.000000 0.965926
vn -0.258819 -0.000000 0.965926
vn -0.258819 -0.000000 0.965926
vn -0.258819 -0.000000 0.965926
vn -0.500000 -0.000000 0.866025
vn -0.500000 -0.000000 0.866025
vn -0.707107 -0.000000 0.707107
vn -0.707107 -0.000000 0.707107
vn -0.866025 -0.000000 0.500000
vn -0.866025 -0.000000 0.500000
vn -0.965926 -0.000000 0.258819
vn -0.965926 -0.000000 0.258819
vn -0.965926 -0.000000 0.258819
vn -0.965926 -0.000000 0.258819
vn -0.866025 -0.000000 0.500000
vn -0.866025 -0.000000 0.500000
vn -0.707107 -0.000000 0.707107
vn -0.707107 -0.000000 0.707107
vn -0.500000 -0.000000 0.866025
vn -0.500000 -0.000000 0.866025
vn -0.258819 -0.000000 0.965926
vn -0.258819 -0.000000 0.965926
vn -0.258819 -0.000000 0.965926
vn -0.258819 -0.000000 0.965926
vn -0.500000 -0.000000 0.866025
vn -0.500000 -0.000000 0.866025
vn -0.707107 -0.000000 0.707107
vn -0.707107 -0.000000 0.707107
vn -0.866025 -0.000000 0.500000
vn -0.866025 -0.000000 0.500000
vn -0.965926 -0.000000 0.258819
vn -0.965926 -0.000000 0.258819
vn -0.965926 -0.000000 0.258819
vn -0.965926 -0.000000 0.258819
vn -0.866025 -0.000000 0.500000
vn -0.866025 -0.000000 0.500000
vn -0.707107 -0.000000 0.707107
vn -0.707107 -0.000000 0.707107
vn -0.500000 -0.000000 0.866025
vn -0.500000 -0.000000 0.866025
vn -0.258819 -0.000000 0.965926
vn -0.258819 -0.000000 0.965926
vn -0.258819 -0.000000 0.965926
vn -0.258819 -0.000000 0.965926
vn -0.500000 -0.000000 0.866025
vn -0.500000 -0.000000 0.866025
vn -0.707107 -0.000000 0.707107
vn -0.707107 -0.000000 0.707107
vn -0.866025 -0.000000 0.500000
vn -0.866025 -0.000000 0.500000
vn -0.965926 -0.000000 0.258819
vn -0.965926 -0.000000 0.258819
vn -0.965926 -0.000000 0.258819
vn -0.965926 -0.000000 0.258819
vn -0.866025 -0.000000 0.500000
vn -0.866025 -0.000000 0.500000
vn -0.707107 -0.000000 0.707107
vn -0.500000 -0.000000 0.866025
vn -0.500000 -0.000000 0.866025
vn -0.707107 -0.000000 0.707107
vn -0.707107 -0.000000 0.707107
vn -0.866025 -0.000000 0.500000
vn -0.866025 -0.000000 0.500000
vn -0.965926 -0.000000 0.258819
vn -0.965926 -0.000000 0.258819
vn -0.965926 -0.000000 0.258819
vn -0.965926 -0.000000 0.258819
vn -0.866025 -0.000000 0.500000
vn -0.866025 -0.000000 0.500000
vn -0.707107 -0.000000 0.707107
vn -0.707107 -0.000000 0.707107
vn -0.500000 -0.000000 0.866025
vn -0.707107 -0.000000 0.707107
vn -0.500000 -0.000000 0.866025
vn -0.258819 -0.000000 0.965926
vn -0.500000 -0.000000 0.866025
vn -0.258819 -0.000000 0.965926
vn -0.258819 -0.000000 0.965926
vn -0.258819 -0.000000 0.965926
vn -0.258819 -0.000000 0.965926
vn -0.258819 -0.000000 0.965926
vn -0.258819 -0.000000 0.965926
vn -0.258819 -0.000000 0.965926
vn -0.500000 -0.000000 0.866025
vn -0.500000 -0.000000 0.866025
vn -0.707107 -0.000000 0.707107
vn -0.707107 -0.000000 0.707107
vn -0.866025 -0.000000 0.500000
vn -0.500000 -0.000000 0.866025
vn -0.707107 -0.000000 0.707107
vn -0.866025 -0.000000 0.500000
vn -0.965926 -0.000000 0.258819
vn -0.258819 -0.000000 0.965926
vn -0.258819 -0.000000 0.965926
vn -0.258819 -0.000000 0.965926
vn -0.500000 -0.000000 0.866025
vn -0.500000 -0.000000 0.866025
vn -0.707107 -0.000000 0.707107
vn -0.500000 -0.000000 0.866025
vn -0.258819 -0.000000 0.965926
vn -0.500000 -0.000000 0.866025
vn -0.707107 -0.000000 0.707107
vn -0.866025 -0.000000 0.500000
vn -0.965926 -0.000000 0.258819
vn -0.258819 -0.000000 0.965926
vn -0.258819 -0.000000 0.965926
vn -0.500000 -0.000000 0.866025
vn -0.500000 -0.000000 0.866025
vn -0.707107 -0.000000 0.707107
vn -0.866025 -0.000000 0.500000
vn -0.500000 -0.000000 0.866025
vn -0.707107 -0.000000 0.707107
vn -0.866025 -0.000000 0.500000
vn -0.965926 -0.000000 0.258819
vn -0.258819 -0.000000 0.965926
vn -0.258819 -0.000000 0.965926
vn -0.258819 -0.000000 0.965926
vn -0.500000 -0.000000 0.866025
vn -0.500000 -0.000000 0.866025
vn -0.707107 -0.000000 0.707107
vn -0.500000 -0.000000 0.866025
vn -0.258819 -0.000000 0.965926
vn -0.500000 -0.000000 0.866025
vn -0.707107 -0.000000 0.707107
vn -0.866025 -0.000000 0.500000
vn -0.965926 -0.000000 0.258819
vn -0.258819 -0.000000 0.965926
vn -0.258819 -0.000000 0.965926
vn -0.258819 -0.000000 0.965926
vn -0.500000 -0.000000 0.866025
vn -0.500000 -0.000000 0.866025
vn -0.707107 -0.000000 0.707107
vn -0.500000 -0.000000 0.866025
vn -0.258819 -0.000000 0.965926
vn -0.500000 -0.000000 0.866025
vn -0.707107 -0.000000 0.707107
vn -0.866025 -0.000000 0.500000
vn -0.965926 -0.000000 0.258819
vn -0.258819 -0.000000 0.965926
vn -0.258819 -0.000000 0.965926
vn -0.258819 -0.000000 0.965926
vn -0.500000 -0.000000 0.866025
vn -0.500000 -0.000000 0.866025
vn -0.707107 -0.000000 0.707107
vn -0.500000 -0.000000 0.866025
vn -0.258819 -0.000000 0.965926
vn -0.258819 -0.000000 0.965926
vn -0.258819 -0.000000 0.965926
vn -0.500000 -0.000000 0.866025
vn -0.500000 -0.000000 0.866025
vn -0.707107 -0.000000 0.707107
vn -0.500000 -0.000000 0.866025
vn -0.500000 -0.000000 0.866025
vn -0.707107 -0.000000 0.707107
vn -0.866025 -0.000000 0.500000
vn -0.965926 -0.000000 0.258819
vn -0.258819 -0.000000 0.965926
vn -0.258819 -0.000000 0.965926
vn -0.258819 -0.000000 0.965926
vn -0.500000 -0.000000 0.866025
vn -0.500000 -0.000000 0.866025
vn -0.707107 -0.000000 0.707107
vn -0.500000 -0.000000 0.866025
vn -0.258819 -0.000000 0.965926
vn -0.500000 -0.000000 0.866025
vn -0.707107 -0.000000 0.707107
vn -0.866025 -0.000000 0.500000
vn -0.965926 -0.000000 0.258819
vn -0.707107 -0.000000 0.707107
vn -0.707107 -0.000000 0.707107
vn -0.866025 -0.000000 0.500000
vn -0.965926 -0.000000 0.258819
vn -0.707107 -0.000000 0.707107
vn -0.866025 -0.000000 0.500000
vn -0.965926 -0.000000 0.258819
vn -0.707107 -0.000000 0.707107
vn -0.707107 -0.000000 0.707107
vn -0.866025 -0.000000 0.500000
vn -0.965926 -0.000000 0.258819
vn -0.707107 -0.000000 0.707107
vn -0.707107 -0.000000 0.707107
vn -0.866025 -0.000000 0.500000
vn -0.965926 -0.000000 0.258819
vn -0.707107 -0.000000 0.707107
vn -0.707107 -0.000000 0.707107
vn -0.707107 -0.000000 0.707107
vn -0.866025 -0.000000 0.500000
vn -0.965926 -0.000000 0.258819
vn -0.707107 -0.000000 0.707107
vn -0.707107 -0.000000 0.707107
vn -0.866025 -0.000000 0.500000
vn -0.866025 -0.000000 0.500000
vn -0.965926 -0.000000 0.258819
vn -0.866025 -0.000000 0.500000
vn -0.866025 -0.000000 0.500000
vn -0.965926 -0.000000 0.258819
vn -0.866025 -0.000000 0.500000
vn -0.965926 -0.000000 0.258819
vn -0.866025 -0.000000 0.500000
vn -0.866025 -0.000000 0.500000
vn -0.965926 -0.000000 0.258819
vn -0.866025 -0.000000 0.500000
vn -0.866025 -0.000000 0.500000
vn -0.965926 -0.000000 0.258819
vn -0.866025 -0.000000 0.500000
vn -0.866025 -0.000000 0.500000
vn -0.965926 -0.000000 0.258819
vn -0.866025 -0.000000 0.500000
vn -0.866025 -0.000000 0.500000
vn -0.965926 -0.000000 0.258819
vn -0.866025 -0.000000 0.500000
vn -0.965926 -0.000000 0.258819
vn -0.965926 -0.000000 0.258819
vn -0.965926 -0.000000 0.258819
vn -0.965926 -0.000000 0.258819
vn -0.965926 -0.000000 0.258819
vn -0.965926 -0.000000 0.258819
vn -0.965926 -0.000000 0.258819
vn -0.965926 -0.000000 0.258819
vn 0.500000 0.000000 -0.866025
vn 0.500000 0.000000 -0.866025
vn 0.500000 0.000000 -0.866025
vn 0.500000 0.000000 -0.866025
vn 0.500000 0.224144 -0.836516
vn 0.500000 0.224144 -0.836516
vn 0.500000 0.433013 -0.750000
vn 0.500000 0.433013 -0.750000
vn 0.500000 0.612372 -0.612372
vn 0.500000 0.612372 -0.612372
vn 0.500000 0.750000 -0.433013
vn 0.500000 0.750000 -0.433013
vn 0.500000 0.836516 -0.224144
vn 0.500000 0.836516 -0.224144
vn 0.500000 0.866025 0.000000
vn 0.500000 0.866025 0.000000
vn 0.500000 0.836516 0.224144
vn 0.500000 0.836516 0.224144
vn 0.500000 0.750000 0.433013
vn 0.500000 0.750000 0.433013
vn 0.500000 0.612372 0.612372
vn 0.500000 0.612372 0.612372
vn 0.500000 0.433013 0.750000
vn 0.500000 0.433013 0.750000
vn 0.500000 0.224144 0.836516
vn 0.500000 0.224144 0.836516
vn 0.500000 0.000000 0.866025
vn 0.500000 0.000000 0.866025
vn 0.500000 -0.224144 -0.836516
vn 0.500000 -0.224144 -0.836516
vn 0.500000 -0.433013 -0.750000
vn 0.500000 -0.433013 -0.750000
vn 0.500000 -0.612372 -0.612372
vn 0.500000 -0.612372 -0.612372
vn 0.500000 -0.750000 -0.433013
vn 0.500000 -0.750000 -0.433013
vn 0.500000 -0.836516 -0.224144
vn 0.500000 -0.836516 -0.224144
vn 0.500000 -0.866025 -0.000000
vn 0.500000 -0.866025 -0.000000
vn 0.500000 -0.836516 0.224144
vn 0.500000 -0.836516 0.224144
vn 0.500000 -0.750000 0.433013
vn 0.500000 -0.750000 0.433013
vn 0.500000 -0.612372 0.612372
vn 0.500000 -0.612372 0.612372
vn 0.500000 -0.433013 0.750000
vn 0.500000 -0.433013 0.750000
vn 0.500000 -0.224144 0.836516
vn 0.500000 -0.224144 0.836516
vn 0.500000 -0.000000 0.866025
vn 0.500000 -0.000000 0.866025
vn 0.500000 0.000000 -0.866025
vn 0.500000 0.000000 -0.866025
vn 0.500000 0.000000 -0.866025
vn 0.500000 0.000000 -0.866025
vn 0.500000 0.224144 -0.836516
vn 0.500000 0.224144 -0.836516
vn 0.500000 0.433013 -0.750000
vn 0.500000 0.433013 -0.750000
vn 0.500000 0.612372 -0.612372
vn 0.500000 0.612372 -0.612372
vn 0.500000 0.750000 -0.433013
vn 0.500000 0.750000 -0.433013
vn 0.500000 0.836516 -0.224144
vn 0.500000 0.836516 -0.224144
vn 0.500000 0.866025 0.000000
vn 0.500000 0.866025 0.000000
vn 0.500000 0.836516 0.224144
vn 0.500000 0.836516 0.224144
vn 0.500000 0.750000 0.433013
vn 0.500000 0.750000 0.433013
vn 0.500000 0.612372 0.612372
vn 0.500000 0.612372 0.612372
vn 0.500000 0.433013 0.750000
vn 0.500000 0.433013 0.750000
vn 0.500000 0.224144 0.836516
vn 0.500000 0.224144 0.836516
vn 0.500000 -0.000000 0.866025
vn 0.500000 -0.000000 0.866025
vn 0.500000 -0.224144 -0.836516
vn 0.500000 -0.224144 -0.836516
vn 0.500000 -0.433013 -0.750000
vn 0.500000 -0.433013 -0.750000
vn 0.500000 -0.612372 -0.612372
vn 0.500000 -0.612372 -0.612372
vn 0.500000 -0.750000 -0.433013
vn 0.500000 -0.750000 -0.433013
vn 0.500000 -0.836516 -0.224144
vn 0.500000 -0.836516 -0.224144
vn 0.500000 -0.866025 -0.000000
vn 0.500000 -0.866025 -0.000000
vn 0.500000 -0.836516 0.224144
vn 0.500000 -0.836516 0.224144
vn 0.500000 -0.750000 0.433013
vn 0.500000 -0.750000 0.433013
vn 0.500000 -0.612372 0.612372
vn 0.500000 -0.612372 0.612372
vn 0.500000 -0.433013 0.750000
vn 0.500000 -0.433013 0.750000
vn 0.500000 -0.224144 0.836516
vn 0.500000 -0.224144 0.836516
vn 0.500000 -0.000000 0.866025
vn 0.500000 -0.000000 0.866025
vn 0.500000 0.000000 -0.866025
vn 0.500000 0.000000 -0.866025
vn 0.500000 0.000000 -0.866025
vn 0.500000 0.000000 -0.866025
vn 0.500000 0.224144 -0.836516
vn 0.500000 0.224144 -0.836516
vn 0.500000 0.433013 -0.750000
vn 0.500000 0.433013 -0.750000
vn 0.500000 0.612372 -0.612372
vn 0.500000 0.612372 -0.612372
vn 0.500000 0.750000 -0.433013
vn 0.500000 0.750000 -0.433013
vn 0.500000 0.836516 -0.224144
vn 0.500000 0.836516 -0.224144
vn 0.500000 0.866025 0.000000
vn 0.500000 0.866025 0.000000
vn 0.500000 0.836516 0.224144
vn 0.500000 0.836516 0.224144
vn 0.500000 0.750000 0.433013
vn 0.500000 0.750000 0.433013
vn 0.500000 0.612372 0.612372
vn 0.500000 0.612372 0.612372
vn 0.500000 0.433013 0.750000
vn 0.500000 0.433013 0.750000
vn 0.500000 0.224144 0.836516
vn 0.500000 0.224144 0.836516
vn 0.500000 0.000000 0.866025
vn 0.500000 0.000000 0.866025
vn 0.500000 -0.224144 -0.836516
vn 0.500000 -0.224144 -0.836516
vn 0.500000 -0.433013 -0.750000
vn 0.500000 -0.433013 -0.750000
vn 0.500000 -0.612372 -0.612372
vn 0.500000 -0.612372 -0.612372
vn 0.500000 -0.750000 -0.433013
vn 0.500000 -0.750000 -0.433013
vn 0.500000 -0.836516 -0.224144
vn 0.500000 -0.836516 -0.224144
vn 0.500000 -0.866025 -0.000000
vn 0.500000 -0.866025 -0.000000
vn 0.500000 -0.836516 0.224144
vn 0.500000 -0.836516 0.224144
vn 0.500000 -0.750000 0.433013
vn 0.500000 -0.750000 0.433013
vn 0.500000 -0.612372 0.612372
vn 0.500000 -0.612372 0.612372
vn 0.500000 -0.433013 0.750000
vn 0.500000 -0.433013 0.750000
vn 0.500000 -0.224144 0.836516
vn 0.500000 -0.224144 0.836516
vn 0.500000 -0.000000 0.866025
vn 0.500000 -0.000000 0.866025
vn -0.866025 0.000000 -0.500000
vn -0.866025 0.000000 -0.500000
vn -0.866025 0.000000 -0.500000
vn -0.866025 0.000000 -0.500000
vn -0.866025 0.129410 -0.482963
vn -0.866025 0.129410 -0.482963
vn -0.866025 0.250000 -0.433013
vn -0.866025 0.250000 -0.433013
vn -0.866025 0.353553 -0.353553
vn -0.866025 0.353553 -0.353553
vn -0.866025 0.433013 -0.250000
vn -0.866025 0.433013 -0.250000
vn -0.866025 0.482963 -0.129410
vn -0.866025 0.482963 -0.129410
vn -0.866025 0.500000 -0.000000
vn -0.866025 0.500000 -0.000000
vn -0.866025 0.482963 0.129410
vn -0.866025 0.482963 0.129410
vn -0.866025 0.433013 0.250000
vn -0.866025 0.433013 0.250000
vn -0.866025 0.353553 0.353553
vn -0.866025 0.353553 0.353553
vn -0.866025 0.250000 0.433013
vn -0.866025 0.250000 0.433013
vn -0.866025 0.129410 0.482963
vn -0.866025 0.129410 0.482963
vn -0.866025 0.000000 0.500000
vn -0.866025 0.000000 0.500000
vn -0.866025 -0.129410 -0.482963
vn -0.866025 -0.129410 -0.482963
vn -0.866025 -0.250000 -0.433013
vn -0.866025 -0.250000 -0.433013
vn -0.866025 -0.353553 -0.353553
vn -0.866025 -0.353553 -0.353553
vn -0.866025 -0.433013 -0.250000
vn -0.866025 -0.433013 -0.250000
vn -0.866025 -0.482963 -0.129410
vn -0.866025 -0.482963 -0.129410
vn -0.866025 -0.500000 -0.000000
vn -0.866025 -0.500000 -0.000000
vn -0.866025 -0.482963 0.129410
vn -0.866025 -0.482963 0.129410
vn -0.866025 -0.433013 0.250000
vn -0.866025 -0.433013 0.250000
vn -0.866025 -0.353553 0.353553
vn -0.866025 -0.353553 0.353553
vn -0.866025 -0.250000 0.433013
vn -0.866025 -0.250000 0.433013
vn -0.866025 -0.129410 0.482963
vn -0.866025 -0.129410 0.482963
vn -0.866025 -0.000000 0.500000
vn -0.866025 -0.000000 0.500000
vn -0.866025 0.000000 -0.500000
vn -0.866025 0.000000 -0.500000
vn -0.866025 0.000000 -0.500000
vn -0.866025 0.000000 -0.500000
vn -0.866025 0.129410 -0.482963
vn -0.866025 0.129410 -0.482963
vn -0.866025 0.250000 -0.433013
vn -0.866025 0.250000 -0.433013
vn -0.866025 0.353553 -0.353553
vn -0.866025 0.353553 -0.353553
vn -0.866025 0.433013 -0.250000
vn -0.866025 0.433013 -0.250000
vn -0.866025 0.482963 -0.129410
vn -0.866025 0.482963 -0.129410
vn -0.866025 0.500000 -0.000000
vn -0.866025 0.500000 -0.000000
vn -0.866025 0.482963 0.129410
vn -0.866025 0.482963 0.129410
vn -0.866025 0.433013 0.250000
vn -0.866025 0.433013 0.250000
vn -0.866025 0.353553 0.353553
vn -0.866025 0.353553 0.353553
vn -0.866025 0.250000 0.433013
vn -0.866025 0.250000 0.433013
vn -0.866025 0.129410 0.482963
vn -0.866025 0.129410 0.482963
vn -0.866025 0.000000 0.500000
vn -0.866025 0.000000 0.500000
vn -0.866025 -0.129410 -0.482963
vn -0.866025 -0.129410 -0.482963
vn -0.866025 -0.250000 -0.433013
vn -0.866025 -0.250000 -0.433013
vn -0.866025 -0.353553 -0.353553
vn -0.866025 -0.353553 -0.353553
vn -0.866025 -0.433013 -0.250000
vn -0.866025 -0.433013 -0.250000
vn -0.866025 -0.482963 -0.129410
vn -0.866025 -0.482963 -0.129410
vn -0.866025 -0.500000 -0.000000
vn -0.866025 -0.500000 -0.000000
vn -0.866025 -0.482963 0.129410
vn -0.866025 -0.482963 0.129410
vn -0.866025 -0.433013 0.250000
vn -0.866025 -0.433013 0.250000
vn -0.866025 -0.353553 0.353553
vn -0.866025 -0.353553 0.353553
vn -0.866025 -0.250000 0.433013
vn -0.866025 -0.250000 0.433013
vn -0.866025 -0.129410 0.482963
vn -0.866025 -0.129410 0.482963
vn -0.866025 -0.000000 0.500000
vn -0.866025 -0.000000 0.500000
vn -0.866025 0.000000 -0.500000
vn -0.866025 0.000000 -0.500000
vn -0.866025 0.000000 -0.500000
vn -0.866025 0.000000 -0.500000
vn -0.866025 0.129410 -0.482963
vn -0.866025 0.129410 -0.482963
vn -0.866025 0.250000 -0.433013
vn -0.866025 0.250000 -0.433013
vn -0.866025 0.353553 -0.353553
vn -0.866025 0.353553 -0.353553
vn -0.866025 0.433013 -0.250000
vn -0.866025 0.433013 -0.250000
vn -0.866025 0.482963 -0.129410
vn -0.866025 0.482963 -0.129410
vn -0.866025 0.500000 -0.000000
vn -0.866025 0.500000 -0.000000
vn -0.866025 0.482963 0.129410
vn -0.866025 0.482963 0.129410
vn -0.866025 0.433013 0.250000
vn -0.866025 0.433013 0.250000
vn -0.866025 0.353553 0.353553
vn -0.866025 0.353553 0.353553
vn -0.866025 0.250000 0.433013
vn -0.866025 0.250000 0.433013
vn -0.866025 0.129410 0.482963
vn -0.866025 0.129410 0.482963
vn -0.866025 0.000000 0.500000
vn -0.866025 0.000000 0.500000
vn -0.866025 -0.129410 -0.482963
vn -0.866025 -0.129410 -0.482963
vn -0.866025 -0.250000 -0.433013
vn -0.866025 -0.250000 -0.433013
vn -0.866025 -0.353553 -0.353553
vn -0.866025 -0.353553 -0.353553
vn -0.866025 -0.433013 -0.250000
vn -0.866025 -0.433013 -0.250000
vn -0.866025 -0.482963 -0.129410
vn -0.866025 -0.482963 -0.129410
vn -0.866025 -0.500000 -0.000000
vn -0.866025 -0.500000 -0.000000
vn -0.866025 -0.482963 0.129410
vn -0.866025 -0.482963 0.129410
vn -0.866025 -0.433013 0.250000
vn -0.866025 -0.433013 0.250000
vn -0.866025 -0.353553 0.353553
vn -0.866025 -0.353553 0.353553
vn -0.866025 -0.250000 0.433013
vn -0.866025 -0.250000 0.433013
vn -0.866025 -0.129410 0.482963
vn -0.866025 -0.129410 0.482963
vn -0.866025 -0.000000 0.500000
vn -0.866025 -0.000000 0.500000
usemtl ESMAXX_Negro
f 2/1/1 3/2/2 1/3/3
f 1/3/3 3/2/2 6/4/4
f 6/4/4 3/2/2 4/5/5
f 6/4/4 4/5/5 5/6/6
f 8/7/7 1/8/8 7/9/9
f 7/9/9 1/8/8 27/10/10
f 7/9/9 27/10/10 32/11/11
f 32/11/11 27/10/10 31/12/12
f 31/12/12 27/10/10 30/13/13
f 30/13/13 27/10/10 29/14/14
f 29/14/14 27/10/10 28/15/15
f 9/16/16 14/17/17 8/7/7
f 8/7/7 14/17/17 2/18/18
f 8/7/7 2/18/18 1/8/8
f 9/16/16 10/19/19 14/17/17
f 14/17/17 10/19/19 11/20/20
f 14/17/17 11/20/20 12/21/21
f 12/21/21 13/22/22 14/17/17
f 14/17/17 15/23/23 2/18/18
f 2/18/18 15/23/23 20/24/24
f 20/24/24 15/23/23 19/25/25
f 19/25/25 15/23/23 18/26/26
f 18/26/26 15/23/23 17/27/27
f 17/27/27 15/23/23 16/28/28
f 27/10/10 1/8/8 26/29/29
f 26/29/29 1/8/8 21/30/30
f 26/29/29 21/30/30 22/31/31
f 22/31/31 23/32/32 26/29/29
f 26/29/29 23/32/32 24/33/33
f 26/29/29 24/33/33 25/34/34
f 34/35/35 35/36/36 33/37/37
f 33/37/37 35/36/36 36/38/38
f 36/38/38 35/36/36 8/39/39
f 36/38/38 8/39/39 7/40/40
f 38/41/41 4/42/42 37/43/43
f 37/43/43 4/42/42 56/44/44
f 37/43/43 56/44/44 57/45/45
f 39/46/46 40/47/47 38/41/41
f 38/41/41 40/47/47 41/48/48
f 38/41/41 41/48/48 42/49/49
f 42/49/49 43/50/50 38/41/41
f 38/41/41 43/50/50 34/51/51
f 38/41/41 34/51/51 4/42/42
f 4/42/42 34/51/51 33/52/52
f 4/42/42 33/52/52 5/53/53
f 5/53/53 33/52/52 49/54/54
f 5/53/53 49/54/54 50/55/55
f 33/52/52 44/56/56 49/54/54
f 49/54/54 44/56/56 45/57/57
f 49/54/54 45/57/57 46/58/58
f 46/58/58 47/59/59 49/54/54
f 49/54/54 47/59/59 48/60/60
f 51/61/61 52/62/62 50/55/55
f 50/55/55 52/62/62 53/63/63
f 50/55/55 53/63/63 54/64/64
f 54/64/64 55/65/65 50/55/55
f 50/55/55 55/65/65 5/53/53
f 57/45/45 58/66/66 37/43/43
f 37/43/43 58/66/66 59/67/67
f 37/43/43 59/67/67 60/68/68
f 14/69/69 120/70/70 15/71/71
f 15/71/71 120/70/70 121/72/72
f 15/71/71 121/72/72 122/73/73
f 61/74/74 140/75/75 14/69/69
f 14/69/69 140/75/75 115/76/76
f 14/69/69 115/76/76 116/77/77
f 38/78/78 63/79/79 61/74/74
f 61/74/74 63/79/79 64/80/80
f 61/74/74 64/80/80 113/81/81
f 113/81/81 64/80/80 112/82/82
f 112/82/82 64/80/80 65/83/83
f 112/82/82 65/83/83 111/84/84
f 111/84/84 65/83/83 66/85/85
f 111/84/84 66/85/85 110/86/86
f 110/86/86 66/85/85 67/87/87
f 110/86/86 67/87/87 109/88/88
f 109/88/88 67/87/87 68/89/89
f 109/88/88 68/89/89 108/90/90
f 108/90/90 68/89/89 69/91/91
f 108/90/90 69/91/91 70/92/92
f 37/93/93 83/94/94 38/78/78
f 38/78/78 83/94/94 84/95/95
f 38/78/78 84/95/95 85/96/96
f 62/97/97 75/98/98 37/93/93
f 37/93/93 75/98/98 76/99/99
f 37/93/93 76/99/99 77/100/100
f 15/71/71 128/101/101 62/97/97
f 62/97/97 128/101/101 129/102/102
f 62/97/97 129/102/102 100/103/103
f 100/103/103 129/102/102 130/104/104
f 100/103/103 130/104/104 99/105/105
f 99/105/105 130/104/104 131/106/106
f 99/105/105 131/106/106 98/107/107
f 98/107/107 131/106/106 132/108/108
f 98/107/107 132/108/108 97/109/109
f 97/109/109 132/108/108 133/110/110
f 97/109/109 133/110/110 96/111/111
f 96/111/111 133/110/110 134/112/112
f 96/111/111 134/112/112 95/113/113
f 95/113/113 134/112/112 94/114/114
f 94/114/114 134/112/112 135/115/115
f 94/114/114 135/115/115 93/116/116
f 93/116/116 135/115/115 136/117/117
f 93/116/116 136/117/117 92/118/118
f 92/118/118 136/117/117 137/119/119
f 92/118/118 137/119/119 138/120/120
f 108/90/90 70/92/92 107/121/121
f 107/121/121 70/92/92 71/122/122
f 107/121/121 71/122/122 106/123/123
f 106/123/123 71/122/122 72/124/124
f 106/123/123 72/124/124 105/125/125
f 105/125/125 72/124/124 73/126/126
f 105/125/125 73/126/126 104/127/127
f 104/127/127 73/126/126 74/128/128
f 104/127/127 74/128/128 103/129/129
f 103/129/129 74/128/128 62/97/97
f 103/129/129 62/97/97 102/130/130
f 102/130/130 62/97/97 101/131/131
f 101/131/131 62/97/97 100/103/103
f 74/128/128 75/98/98 62/97/97
f 77/100/100 78/132/132 37/93/93
f 37/93/93 78/132/132 79/133/133
f 37/93/93 79/133/133 80/134/134
f 80/134/134 81/135/135 37/93/93
f 37/93/93 81/135/135 82/136/136
f 37/93/93 82/136/136 83/94/94
f 85/96/96 86/137/137 38/78/78
f 38/78/78 86/137/137 87/138/138
f 38/78/78 87/138/138 88/139/139
f 88/139/139 63/79/79 38/78/78
f 114/140/140 89/141/141 61/74/74
f 61/74/74 89/141/141 90/142/142
f 61/74/74 90/142/142 139/143/143
f 139/143/143 90/142/142 91/144/144
f 139/143/143 91/144/144 138/120/120
f 138/120/120 91/144/144 92/118/118
f 113/81/81 114/140/140 61/74/74
f 116/77/77 117/145/145 14/69/69
f 14/69/69 117/145/145 118/146/146
f 14/69/69 118/146/146 119/147/147
f 119/147/147 120/70/70 14/69/69
f 122/73/73 123/148/148 15/71/71
f 15/71/71 123/148/148 124/149/149
f 15/71/71 124/149/149 125/150/150
f 125/150/150 126/151/151 15/71/71
f 15/71/71 126/151/151 127/152/152
f 15/71/71 127/152/152 128/101/101
f 139/143/143 140/75/75 61/74/74
f 26/153/153 163/154/154 27/155/155
f 27/155/155 163/154/154 164/156/156
f 27/155/155 164/156/156 165/157/157
f 141/158/158 155/159/159 26/153/153
f 26/153/153 155/159/159 156/160/160
f 26/153/153 156/160/160 157/161/161
f 50/162/162 208/163/163 141/158/158
f 141/158/158 208/163/163 209/164/164
f 141/158/158 209/164/164 180/165/165
f 180/165/165 209/164/164 179/166/166
f 179/166/166 209/164/164 210/167/167
f 179/166/166 210/167/167 178/168/168
f 178/168/168 210/167/167 211/169/169
f 178/168/168 211/169/169 177/170/170
f 177/170/170 211/169/169 212/171/171
f 177/170/170 212/171/171 176/172/172
f 176/172/172 212/171/171 213/173/173
f 176/172/172 213/173/173 175/174/174
f 175/174/174 213/173/173 214/175/175
f 175/174/174 214/175/175 215/176/176
f 49/177/177 200/178/178 50/162/162
f 50/162/162 200/178/178 201/179/179
f 50/162/162 201/179/179 202/180/180
f 142/181/181 220/182/182 49/177/177
f 49/177/177 220/182/182 195/183/183
f 49/177/177 195/183/183 196/184/184
f 27/155/155 143/185/185 142/181/181
f 142/181/181 143/185/185 144/186/186
f 142/181/181 144/186/186 193/187/187
f 193/187/187 144/186/186 192/188/188
f 192/188/188 144/186/186 145/189/189
f 192/188/188 145/189/189 191/190/190
f 191/190/190 145/189/189 146/191/191
f 191/190/190 146/191/191 147/192/192
f 191/190/190 147/192/192 190/193/193
f 190/193/193 147/192/192 148/194/194
f 190/193/193 148/194/194 189/195/195
f 189/195/195 148/194/194 149/196/196
f 189/195/195 149/196/196 188/197/197
f 188/197/197 149/196/196 187/198/198
f 187/198/198 149/196/196 150/199/199
f 187/198/198 150/199/199 186/200/200
f 186/200/200 150/199/199 151/201/201
f 186/200/200 151/201/201 185/202/202
f 185/202/202 151/201/201 152/203/203
f 185/202/202 152/203/203 184/204/204
f 184/204/204 152/203/203 153/205/205
f 184/204/204 153/205/205 183/206/206
f 183/206/206 153/205/205 154/207/207
f 183/206/206 154/207/207 141/158/158
f 141/158/158 154/207/207 155/159/159
f 157/161/161 158/208/208 26/153/153
f 26/153/153 158/208/208 159/209/209
f 26/153/153 159/209/209 160/210/210
f 160/210/210 161/211/211 26/153/153
f 26/153/153 161/211/211 162/212/212
f 26/153/153 162/212/212 163/154/154
f 165/157/157 166/213/213 27/155/155
f 27/155/155 166/213/213 167/214/214
f 27/155/155 167/214/214 168/215/215
f 168/215/215 143/185/185 27/155/155
f 194/216/216 169/217/217 142/181/181
f 142/181/181 169/217/217 170/218/218
f 142/181/181 170/218/218 219/219/219
f 219/219/219 170/218/218 171/220/220
f 219/219/219 171/220/220 218/221/221
f 218/221/221 171/220/220 172/222/222
f 218/221/221 172/222/222 217/223/223
f 217/223/223 172/222/222 173/224/224
f 217/223/223 173/224/224 216/225/225
f 216/225/225 173/224/224 174/226/226
f 216/225/225 174/226/226 215/176/176
f 215/176/176 174/226/226 175/174/174
f 180/165/165 181/227/227 141/158/158
f 141/158/158 181/227/227 182/228/228
f 141/158/158 182/228/228 183/206/206
f 193/187/187 194/216/216 142/181/181
f 196/184/184 197/229/229 49/177/177
f 49/177/177 197/229/229 198/230/230
f 49/177/177 198/230/230 199/231/231
f 199/231/231 200/178/178 49/177/177
f 202/180/180 203/232/232 50/162/162
f 50/162/162 203/232/232 204/233/233
f 50/162/162 204/233/233 205/234/234
f 205/234/234 206/235/235 50/162/162
f 50/162/162 206/235/235 207/236/236
f 50/162/162 207/236/236 208/163/163
f 219/219/219 220/182/182 142/181/181
f 221/237/237 222/238/238 246/239/239
f 246/239/239 222/238/238 223/240/240
f 246/239/239 223/240/240 245/241/241
f 245/241/241 223/240/240 224/242/242
f 245/241/241 224/242/242 244/243/243
f 244/243/243 224/242/242 225/244/244
f 244/243/243 225/244/244 243/245/245
f 243/245/245 225/244/244 226/246/246
f 243/245/245 226/246/246 242/247/247
f 242/247/247 226/246/246 227/248/248
f 242/247/247 227/248/248 241/249/249
f 241/249/249 227/248/248 228/250/250
f 241/249/249 228/250/250 240/251/251
f 240/251/251 228/250/250 229/252/252
f 240/251/251 229/252/252 239/253/253
f 239/253/253 229/252/252 230/254/254
f 239/253/253 230/254/254 238/255/255
f 238/255/255 230/254/254 231/256/256
f 238/255/255 231/256/256 237/257/257
f 237/257/257 231/256/256 232/258/258
f 237/257/257 232/258/258 236/259/259
f 236/259/259 232/258/258 233/260/260
f 236/259/259 233/260/260 235/261/261
f 235/261/261 233/260/260 234/262/262
f 248/263/263 222/264/238 247/265/264
f 247/265/264 222/264/238 221/266/237
f 249/267/265 250/268/266 272/269/267
f 272/269/267 250/268/266 251/270/268
f 272/269/267 251/270/268 271/271/269
f 271/271/269 251/270/268 252/272/270
f 271/271/269 252/272/270 270/273/271
f 270/273/271 252/272/270 253/274/272
f 270/273/271 253/274/272 269/275/273
f 269/275/273 253/274/272 254/276/274
f 269/275/273 254/276/274 268/277/275
f 268/277/275 254/276/274 255/278/276
f 268/277/275 255/278/276 267/279/277
f 267/279/277 255/278/276 256/280/278
f 267/279/277 256/280/278 266/281/279
f 266/281/279 256/280/278 257/282/280
f 266/281/279 257/282/280 265/283/281
f 265/283/281 257/282/280 258/284/282
f 265/283/281 258/284/282 264/285/283
f 264/285/283 258/284/282 259/286/284
f 264/285/283 259/286/284 263/287/285
f 263/287/285 259/286/284 260/288/286
f 263/287/285 260/288/286 262/289/287
f 262/289/287 260/288/286 261/290/288
f 262/289/287 261/290/288 247/291/264
f 247/291/264 261/290/288 248/292/263
f 234/293/262 250/294/266 235/295/261
f 235/295/261 250/294/266 249/296/265
f 273/297/289 274/298/290 298/299/291
f 298/299/291 274/298/290 275/300/292
f 298/299/291 275/300/292 297/301/293
f 297/301/293 275/300/292 276/302/294
f 297/301/293 276/302/294 296/303/295
f 296/303/295 276/302/294 277/304/296
f 296/303/295 277/304/296 295/305/297
f 295/305/297 277/304/296 278/306/298
f 295/305/297 278/306/298 294/307/299
f 294/307/299 278/306/298 279/308/300
f 294/307/299 279/308/300 293/309/301
f 293/309/301 279/308/300 280/310/302
f 293/309/301 280/310/302 292/311/303
f 292/311/303 280/310/302 281/312/304
f 292/311/303 281/312/304 291/313/305
f 291/313/305 281/312/304 282/314/306
f 291/313/305 282/314/306 290/315/307
f 290/315/307 282/314/306 283/316/308
f 290/315/307 283/316/308 289/317/309
f 289/317/309 283/316/308 284/318/310
f 289/317/309 284/318/310 288/319/311
f 288/319/311 284/318/310 285/320/312
f 288/319/311 285/320/312 287/321/313
f 287/321/313 285/320/312 286/322/314
f 300/323/315 274/324/290 299/325/316
f 299/325/316 274/324/290 273/326/289
f 301/327/317 302/328/318 324/329/319
f 324/329/319 302/328/318 303/330/320
f 324/329/319 303/330/320 323/331/321
f 323/331/321 303/330/320 304/332/322
f 323/331/321 304/332/322 322/333/323
f 322/333/323 304/332/322 305/334/324
f 322/333/323 305/334/324 321/335/325
f 321/335/325 305/334/324 306/336/326
f 321/335/325 306/336/326 320/337/327
f 320/337/327 306/336/326 307/338/328
f 320/337/327 307/338/328 319/339/329
f 319/339/329 307/338/328 308/340/330
f 319/339/329 308/340/330 318/341/331
f 318/341/331 308/340/330 309/342/332
f 318/341/331 309/342/332 317/343/333
f 317/343/333 309/342/332 310/344/334
f 317/343/333 310/344/334 316/345/335
f 316/345/335 310/344/334 311/346/336
f 316/345/335 311/346/336 315/347/337
f 315/347/337 311/346/336 312/348/338
f 315/347/337 312/348/338 314/349/339
f 314/349/339 312/348/338 313/350/340
f 314/349/339 313/350/340 299/351/316
f 299/351/316 313/350/340 300/352/315
f 286/353/314 302/354/318 287/355/313
f 287/355/313 302/354/318 301/356/317
f 325/357/341 326/358/342 350/359/343
f 350/359/343 326/358/342 327/360/344
f 350/359/343 327/360/344 349/361/345
f 349/361/345 327/360/344 328/362/346
f 349/361/345 328/362/346 348/363/347
f 348/363/347 328/362/346 329/364/348
f 348/363/347 329/364/348 347/365/349
f 347/365/349 329/364/348 330/366/350
f 347/365/349 330/366/350 346/367/351
f 346/367/351 330/366/350 331/368/352
f 346/367/351 331/368/352 345/369/353
f 345/369/353 331/368/352 332/370/354
f 345/369/353 332/370/354 344/371/355
f 344/371/355 332/370/354 333/372/356
f 344/371/355 333/372/356 343/373/357
f 343/373/357 333/372/356 334/374/358
f 343/373/357 334/374/358 342/375/359
f 342/375/359 334/374/358 335/376/360
f 342/375/359 335/376/360 341/377/361
f 341/377/361 335/376/360 336/378/362
f 341/377/361 336/378/362 340/379/363
f 340/379/363 336/378/362 337/380/364
f 340/379/363 337/380/364 339/381/365
f 339/381/365 337/380/364 338/382/366
f 352/383/367 326/384/342 351/385/368
f 351/385/368 326/384/342 325/386/341
f 353/387/369 354/388/370 376/389/371
f 376/389/371 354/388/370 355/390/372
f 376/389/371 355/390/372 375/391/373
f 375/391/373 355/390/372 356/392/374
f 375/391/373 356/392/374 374/393/375
f 374/393/375 356/392/374 357/394/376
f 374/393/375 357/394/376 373/395/377
f 373/395/377 357/394/376 358/396/378
f 373/395/377 358/396/378 372/397/379
f 372/397/379 358/396/378 359/398/380
f 372/397/379 359/398/380 371/399/381
f 371/399/381 359/398/380 360/400/382
f 371/399/381 360/400/382 370/401/383
f 370/401/383 360/400/382 361/402/384
f 370/401/383 361/402/384 369/403/385
f 369/403/385 361/402/384 362/404/386
f 369/403/385 362/404/386 368/405/387
f 368/405/387 362/404/386 363/406/388
f 368/405/387 363/406/388 367/407/389
f 367/407/389 363/406/388 364/408/390
f 367/407/389 364/408/390 366/409/391
f 366/409/391 364/408/390 365/410/392
f 366/409/391 365/410/392 351/411/368
f 351/411/368 365/410/392 352/412/367
f 338/413/366 354/414/370 339/415/365
f 339/415/365 354/414/370 353/416/369
f 13/417/393 377/418/394 14/419/69
f 14/419/69 377/418/394 378/420/395
f 14/419/69 378/420/395 379/421/396
f 379/421/396 378/420/395 441/422/397
f 379/421/396 441/422/397 442/423/398
f 442/423/398 441/422/397 504/424/399
f 442/423/398 504/424/399 505/425/400
f 505/425/400 504/424/399 567/426/401
f 505/425/400 567/426/401 568/427/402
f 568/427/402 567/426/401 630/428/403
f 568/427/402 630/428/403 631/429/404
f 631/429/404 630/428/403 8/430/39
f 631/429/404 8/430/39 632/431/405
f 632/431/405 8/430/39 633/432/406
f 632/431/405 633/432/406 570/433/407
f 570/433/407 633/432/406 571/434/408
f 570/433/407 571/434/408 508/435/409
f 508/435/409 571/434/408 509/436/410
f 508/435/409 509/436/410 446/437/411
f 446/437/411 509/436/410 447/438/412
f 446/437/411 447/438/412 384/439/413
f 384/439/413 447/438/412 385/440/414
f 384/439/413 385/440/414 14/419/69
f 14/419/69 385/440/414 386/441/415
f 14/419/69 386/441/415 387/442/416
f 387/442/416 386/441/415 449/443/417
f 387/442/416 449/443/417 450/444/418
f 450/444/418 449/443/417 512/445/419
f 450/444/418 512/445/419 513/446/420
f 513/446/420 512/445/419 575/447/421
f 513/446/420 575/447/421 576/448/422
f 576/448/422 575/447/421 638/449/423
f 576/448/422 638/449/423 639/450/424
f 639/450/424 638/449/423 8/430/39
f 639/450/424 8/430/39 640/451/425
f 640/451/425 8/430/39 35/452/36
f 640/451/425 35/452/36 641/453/426
f 641/453/426 35/452/36 642/454/427
f 641/453/426 642/454/427 579/455/428
f 579/455/428 642/454/427 580/456/429
f 579/455/428 580/456/429 517/457/430
f 517/457/430 580/456/429 518/458/431
f 517/457/430 518/458/431 455/459/432
f 455/459/432 518/458/431 456/460/433
f 455/459/432 456/460/433 393/461/434
f 393/461/434 456/460/433 394/462/435
f 393/461/434 394/462/435 61/463/74
f 61/463/74 394/462/435 395/464/436
f 61/463/74 395/464/436 396/465/437
f 396/465/437 395/464/436 458/466/438
f 396/465/437 458/466/438 459/467/439
f 459/467/439 458/466/438 521/468/440
f 459/467/439 521/468/440 522/469/441
f 522/469/441 521/468/440 584/470/442
f 522/469/441 584/470/442 585/471/443
f 585/471/443 584/470/442 647/472/444
f 585/471/443 647/472/444 648/473/445
f 648/473/445 647/472/444 35/452/36
f 648/473/445 35/452/36 649/474/446
f 649/474/446 35/452/36 650/475/447
f 649/474/446 650/475/447 587/476/448
f 587/476/448 650/475/447 588/477/449
f 587/476/448 588/477/449 525/478/450
f 525/478/450 588/477/449 526/479/451
f 525/478/450 526/479/451 463/480/452
f 463/480/452 526/479/451 464/481/453
f 463/480/452 464/481/453 401/482/454
f 401/482/454 464/481/453 402/483/455
f 401/482/454 402/483/455 61/463/74
f 61/463/74 402/483/455 403/484/456
f 61/463/74 403/484/456 404/485/457
f 404/485/457 403/484/456 466/486/458
f 404/485/457 466/486/458 467/487/459
f 467/487/459 466/486/458 529/488/460
f 467/487/459 529/488/460 530/489/461
f 530/489/461 529/488/460 592/490/462
f 530/489/461 592/490/462 593/491/463
f 593/491/463 592/490/462 655/492/464
f 593/491/463 655/492/464 656/493/465
f 656/493/465 655/492/464 35/452/36
f 656/493/465 35/452/36 657/494/466
f 657/494/466 35/452/36 658/495/467
f 657/494/466 658/495/467 595/496/468
f 595/496/468 658/495/467 596/497/469
f 595/496/468 596/497/469 533/498/470
f 533/498/470 596/497/469 534/499/471
f 533/498/470 534/499/471 471/500/472
f 471/500/472 534/499/471 472/501/473
f 471/500/472 472/501/473 409/502/474
f 409/502/474 472/501/473 410/503/475
f 409/502/474 410/503/475 61/463/74
f 61/463/74 410/503/475 411/504/476
f 61/463/74 411/504/476 412/505/477
f 412/505/477 411/504/476 474/506/478
f 412/505/477 474/506/478 475/507/479
f 475/507/479 474/506/478 537/508/480
f 475/507/479 537/508/480 538/509/481
f 538/509/481 537/508/480 600/510/482
f 538/509/481 600/510/482 601/511/483
f 601/511/483 600/510/482 663/512/484
f 601/511/483 663/512/484 664/513/485
f 664/513/485 663/512/484 35/452/36
f 664/513/485 35/452/36 665/514/486
f 665/514/486 35/452/36 666/515/487
f 665/514/486 666/515/487 603/516/488
f 603/516/488 666/515/487 604/517/489
f 603/516/488 604/517/489 541/518/490
f 541/518/490 604/517/489 542/519/491
f 541/518/490 542/519/491 479/520/492
f 479/520/492 542/519/491 480/521/493
f 479/520/492 480/521/493 417/522/494
f 417/522/494 480/521/493 418/523/495
f 417/522/494 418/523/495 61/463/74
f 61/463/74 418/523/495 419/524/496
f 61/463/74 419/524/496 420/525/497
f 420/525/497 419/524/496 482/526/498
f 420/525/497 482/526/498 483/527/499
f 483/527/499 482/526/498 545/528/500
f 483/527/499 545/528/500 546/529/501
f 546/529/501 545/528/500 608/530/502
f 546/529/501 608/530/502 609/531/503
f 609/531/503 608/530/502 671/532/504
f 609/531/503 671/532/504 672/533/505
f 672/533/505 671/532/504 34/534/35
f 672/533/505 34/534/35 673/535/506
f 673/535/506 34/534/35 674/536/507
f 673/535/506 674/536/507 611/537/508
f 611/537/508 674/536/507 612/538/509
f 611/537/508 612/538/509 549/539/510
f 549/539/510 612/538/509 550/540/511
f 549/539/510 550/540/511 487/541/512
f 487/541/512 550/540/511 488/542/513
f 487/541/512 488/542/513 425/543/514
f 425/543/514 488/542/513 426/544/515
f 425/543/514 426/544/515 38/545/78
f 38/545/78 426/544/515 427/546/516
f 38/545/78 427/546/516 428/547/517
f 428/547/517 427/546/516 490/548/518
f 428/547/517 490/548/518 491/549/519
f 491/549/519 490/548/518 553/550/520
f 491/549/519 553/550/520 554/551/521
f 554/551/521 553/550/520 616/552/522
f 554/551/521 616/552/522 617/553/523
f 617/553/523 616/552/522 679/554/524
f 617/553/523 679/554/524 680/555/525
f 680/555/525 679/554/524 34/534/35
f 680/555/525 34/534/35 681/556/526
f 681/556/526 34/534/35 682/557/527
f 681/556/526 682/557/527 619/558/528
f 619/558/528 682/557/527 620/559/529
f 619/558/528 620/559/529 557/560/530
f 557/560/530 620/559/529 558/561/531
f 557/560/530 558/561/531 495/562/532
f 495/562/532 558/561/531 496/563/533
f 495/562/532 496/563/533 433/564/534
f 433/564/534 496/563/533 434/565/535
f 433/564/534 434/565/535 38/545/78
f 38/545/78 434/565/535 435/566/536
f 38/545/78 435/566/536 436/567/537
f 436/567/537 435/566/536 498/568/538
f 436/567/537 498/568/538 499/569/539
f 499/569/539 498/568/538 561/570/540
f 499/569/539 561/570/540 562/571/541
f 562/571/541 561/570/540 624/572/542
f 562/571/541 624/572/542 42/573/543
f 42/573/543 624/572/542 43/574/544
f 43/574/544 624/572/542 686/575/545
f 43/574/544 686/575/545 34/534/35
f 34/534/35 686/575/545 685/576/546
f 34/534/35 685/576/546 684/577/547
f 684/577/547 685/576/546 622/578/548
f 684/577/547 622/578/548 621/579/549
f 621/579/549 622/578/548 559/580/550
f 621/579/549 559/580/550 558/561/531
f 558/561/531 559/580/550 496/563/533
f 377/418/394 13/417/393 439/581/551
f 439/581/551 13/417/393 12/582/552
f 439/581/551 12/582/552 501/583/553
f 501/583/553 12/582/552 11/584/554
f 501/583/553 11/584/554 563/585/555
f 563/585/555 11/584/554 10/586/556
f 563/585/555 10/586/556 625/587/557
f 625/587/557 10/586/556 9/588/558
f 625/587/557 9/588/558 8/430/39
f 34/534/35 671/532/504 35/452/36
f 35/452/36 671/532/504 670/589/559
f 35/452/36 670/589/559 669/590/560
f 669/590/560 670/589/559 607/591/561
f 669/590/560 607/591/561 606/592/562
f 606/592/562 607/591/561 544/593/563
f 606/592/562 544/593/563 543/594/564
f 543/594/564 544/593/563 481/595/565
f 543/594/564 481/595/565 480/521/493
f 480/521/493 481/595/565 418/523/495
f 42/573/543 41/596/566 562/571/541
f 562/571/541 41/596/566 500/597/567
f 562/571/541 500/597/567 499/569/539
f 499/569/539 500/597/567 437/598/568
f 499/569/539 437/598/568 436/567/537
f 436/567/537 437/598/568 38/545/78
f 41/596/566 40/599/569 500/597/567
f 500/597/567 40/599/569 438/600/570
f 500/597/567 438/600/570 437/598/568
f 437/598/568 438/600/570 38/545/78
f 40/599/569 39/601/571 438/600/570
f 438/600/570 39/601/571 38/545/78
f 61/463/74 423/602/572 38/545/78
f 38/545/78 423/602/572 424/603/573
f 38/545/78 424/603/573 425/543/514
f 425/543/514 424/603/573 487/541/512
f 393/461/434 61/463/74 392/604/574
f 392/604/574 61/463/74 14/419/69
f 392/604/574 14/419/69 391/605/575
f 391/605/575 14/419/69 390/606/576
f 391/605/575 390/606/576 453/607/577
f 453/607/577 390/606/576 452/608/578
f 453/607/577 452/608/578 515/609/579
f 515/609/579 452/608/578 514/610/580
f 515/609/579 514/610/580 577/611/581
f 577/611/581 514/610/580 576/448/422
f 577/611/581 576/448/422 639/450/424
f 378/420/395 377/418/394 440/612/582
f 440/612/582 377/418/394 439/581/551
f 440/612/582 439/581/551 502/613/583
f 502/613/583 439/581/551 501/583/553
f 502/613/583 501/583/553 564/614/584
f 564/614/584 501/583/553 563/585/555
f 564/614/584 563/585/555 626/615/585
f 626/615/585 563/585/555 625/587/557
f 626/615/585 625/587/557 8/430/39
f 379/421/396 380/616/586 14/419/69
f 14/419/69 380/616/586 381/617/587
f 14/419/69 381/617/587 382/618/588
f 382/618/588 381/617/587 444/619/589
f 382/618/588 444/619/589 445/620/590
f 445/620/590 444/619/589 507/621/591
f 445/620/590 507/621/591 508/435/409
f 508/435/409 507/621/591 570/433/407
f 379/421/396 442/423/398 380/616/586
f 380/616/586 442/423/398 443/622/592
f 380/616/586 443/622/592 381/617/587
f 381/617/587 443/622/592 444/619/589
f 384/439/413 14/419/69 383/623/593
f 383/623/593 14/419/69 382/618/588
f 383/623/593 382/618/588 445/620/590
f 446/437/411 384/439/413 383/623/593
f 446/437/411 383/623/593 445/620/590
f 386/441/415 385/440/414 448/624/594
f 448/624/594 385/440/414 447/438/412
f 448/624/594 447/438/412 510/625/595
f 510/625/595 447/438/412 509/436/410
f 510/625/595 509/436/410 572/626/596
f 572/626/596 509/436/410 571/434/408
f 572/626/596 571/434/408 634/627/597
f 634/627/597 571/434/408 633/432/406
f 634/627/597 633/432/406 8/430/39
f 387/442/416 388/628/598 14/419/69
f 14/419/69 388/628/598 389/629/599
f 14/419/69 389/629/599 390/606/576
f 390/606/576 389/629/599 452/608/578
f 387/442/416 450/444/418 388/628/598
f 388/628/598 450/444/418 451/630/600
f 388/628/598 451/630/600 389/629/599
f 389/629/599 451/630/600 452/608/578
f 455/459/432 393/461/434 392/604/574
f 392/604/574 391/605/575 454/631/601
f 454/631/601 391/605/575 453/607/577
f 454/631/601 453/607/577 516/632/602
f 516/632/602 453/607/577 515/609/579
f 516/632/602 515/609/579 578/633/603
f 578/633/603 515/609/579 577/611/581
f 578/633/603 577/611/581 640/451/425
f 640/451/425 577/611/581 639/450/424
f 395/464/436 394/462/435 457/634/604
f 457/634/604 394/462/435 456/460/433
f 457/634/604 456/460/433 519/635/605
f 519/635/605 456/460/433 518/458/431
f 519/635/605 518/458/431 581/636/606
f 581/636/606 518/458/431 580/456/429
f 581/636/606 580/456/429 643/637/607
f 643/637/607 580/456/429 642/454/427
f 643/637/607 642/454/427 35/452/36
f 396/465/437 397/638/608 61/463/74
f 61/463/74 397/638/608 398/639/609
f 61/463/74 398/639/609 399/640/610
f 399/640/610 398/639/609 461/641/611
f 399/640/610 461/641/611 462/642/612
f 462/642/612 461/641/611 524/643/613
f 462/642/612 524/643/613 525/478/450
f 525/478/450 524/643/613 587/476/448
f 396/465/437 459/467/439 397/638/608
f 397/638/608 459/467/439 460/644/614
f 397/638/608 460/644/614 398/639/609
f 398/639/609 460/644/614 461/641/611
f 401/482/454 61/463/74 400/645/615
f 400/645/615 61/463/74 399/640/610
f 400/645/615 399/640/610 462/642/612
f 463/480/452 401/482/454 400/645/615
f 463/480/452 400/645/615 462/642/612
f 403/484/456 402/483/455 465/646/616
f 465/646/616 402/483/455 464/481/453
f 465/646/616 464/481/453 527/647/617
f 527/647/617 464/481/453 526/479/451
f 527/647/617 526/479/451 589/648/618
f 589/648/618 526/479/451 588/477/449
f 589/648/618 588/477/449 651/649/619
f 651/649/619 588/477/449 650/475/447
f 651/649/619 650/475/447 35/452/36
f 404/485/457 405/650/620 61/463/74
f 61/463/74 405/650/620 406/651/621
f 61/463/74 406/651/621 407/652/622
f 407/652/622 406/651/621 469/653/623
f 407/652/622 469/653/623 470/654/624
f 470/654/624 469/653/623 532/655/625
f 470/654/624 532/655/625 533/498/470
f 533/498/470 532/655/625 595/496/468
f 404/485/457 467/487/459 405/650/620
f 405/650/620 467/487/459 468/656/626
f 405/650/620 468/656/626 406/651/621
f 406/651/621 468/656/626 469/653/623
f 409/502/474 61/463/74 408/657/627
f 408/657/627 61/463/74 407/652/622
f 408/657/627 407/652/622 470/654/624
f 471/500/472 409/502/474 408/657/627
f 471/500/472 408/657/627 470/654/624
f 411/504/476 410/503/475 473/658/628
f 473/658/628 410/503/475 472/501/473
f 473/658/628 472/501/473 535/659/629
f 535/659/629 472/501/473 534/499/471
f 535/659/629 534/499/471 597/660/630
f 597/660/630 534/499/471 596/497/469
f 597/660/630 596/497/469 659/661/631
f 659/661/631 596/497/469 658/495/467
f 659/661/631 658/495/467 35/452/36
f 412/505/477 413/662/632 61/463/74
f 61/463/74 413/662/632 414/663/633
f 61/463/74 414/663/633 415/664/634
f 415/664/634 414/663/633 477/665/635
f 415/664/634 477/665/635 478/666/636
f 478/666/636 477/665/635 540/667/637
f 478/666/636 540/667/637 541/518/490
f 541/518/490 540/667/637 603/516/488
f 412/505/477 475/507/479 413/662/632
f 413/662/632 475/507/479 476/668/638
f 413/662/632 476/668/638 414/663/633
f 414/663/633 476/668/638 477/665/635
f 417/522/494 61/463/74 416/669/639
f 416/669/639 61/463/74 415/664/634
f 416/669/639 415/664/634 478/666/636
f 479/520/492 417/522/494 416/669/639
f 479/520/492 416/669/639 478/666/636
f 482/526/498 419/524/496 481/595/565
f 481/595/565 419/524/496 418/523/495
f 420/525/497 421/670/640 61/463/74
f 61/463/74 421/670/640 422/671/641
f 61/463/74 422/671/641 423/602/572
f 423/602/572 422/671/641 485/672/642
f 423/602/572 485/672/642 486/673/643
f 486/673/643 485/672/642 548/674/644
f 486/673/643 548/674/644 549/539/510
f 549/539/510 548/674/644 611/537/508
f 420/525/497 483/527/499 421/670/640
f 421/670/640 483/527/499 484/675/645
f 421/670/640 484/675/645 422/671/641
f 422/671/641 484/675/645 485/672/642
f 487/541/512 424/603/573 486/673/643
f 486/673/643 424/603/573 423/602/572
f 427/546/516 426/544/515 489/676/646
f 489/676/646 426/544/515 488/542/513
f 489/676/646 488/542/513 551/677/647
f 551/677/647 488/542/513 550/540/511
f 551/677/647 550/540/511 613/678/648
f 613/678/648 550/540/511 612/538/509
f 613/678/648 612/538/509 675/679/649
f 675/679/649 612/538/509 674/536/507
f 675/679/649 674/536/507 34/534/35
f 428/547/517 429/680/650 38/545/78
f 38/545/78 429/680/650 430/681/651
f 38/545/78 430/681/651 431/682/652
f 431/682/652 430/681/651 493/683/653
f 431/682/652 493/683/653 494/684/654
f 494/684/654 493/683/653 556/685/655
f 494/684/654 556/685/655 557/560/530
f 557/560/530 556/685/655 619/558/528
f 428/547/517 491/549/519 429/680/650
f 429/680/650 491/549/519 492/686/656
f 429/680/650 492/686/656 430/681/651
f 430/681/651 492/686/656 493/683/653
f 433/564/534 38/545/78 432/687/657
f 432/687/657 38/545/78 431/682/652
f 432/687/657 431/682/652 494/684/654
f 495/562/532 433/564/534 432/687/657
f 495/562/532 432/687/657 494/684/654
f 435/566/536 434/565/535 497/688/658
f 497/688/658 434/565/535 496/563/533
f 497/688/658 496/563/533 559/580/550
f 378/420/395 440/612/582 441/422/397
f 441/422/397 440/612/582 503/689/659
f 441/422/397 503/689/659 504/424/399
f 504/424/399 503/689/659 566/690/660
f 504/424/399 566/690/660 567/426/401
f 567/426/401 566/690/660 629/691/661
f 567/426/401 629/691/661 630/428/403
f 630/428/403 629/691/661 8/430/39
f 503/689/659 440/612/582 502/613/583
f 442/423/398 505/425/400 443/622/592
f 443/622/592 505/425/400 506/692/662
f 443/622/592 506/692/662 444/619/589
f 444/619/589 506/692/662 507/621/591
f 508/435/409 446/437/411 445/620/590
f 386/441/415 448/624/594 449/443/417
f 449/443/417 448/624/594 511/693/663
f 449/443/417 511/693/663 512/445/419
f 512/445/419 511/693/663 574/694/664
f 512/445/419 574/694/664 575/447/421
f 575/447/421 574/694/664 637/695/665
f 575/447/421 637/695/665 638/449/423
f 638/449/423 637/695/665 8/430/39
f 511/693/663 448/624/594 510/625/595
f 514/610/580 452/608/578 451/630/600
f 514/610/580 451/630/600 513/446/420
f 513/446/420 451/630/600 450/444/418
f 517/457/430 455/459/432 454/631/601
f 454/631/601 455/459/432 392/604/574
f 517/457/430 454/631/601 516/632/602
f 395/464/436 457/634/604 458/466/438
f 458/466/438 457/634/604 520/696/666
f 458/466/438 520/696/666 521/468/440
f 521/468/440 520/696/666 583/697/667
f 521/468/440 583/697/667 584/470/442
f 584/470/442 583/697/667 646/698/668
f 584/470/442 646/698/668 647/472/444
f 647/472/444 646/698/668 35/452/36
f 520/696/666 457/634/604 519/635/605
f 459/467/439 522/469/441 460/644/614
f 460/644/614 522/469/441 523/699/669
f 460/644/614 523/699/669 461/641/611
f 461/641/611 523/699/669 524/643/613
f 525/478/450 463/480/452 462/642/612
f 403/484/456 465/646/616 466/486/458
f 466/486/458 465/646/616 528/700/670
f 466/486/458 528/700/670 529/488/460
f 529/488/460 528/700/670 591/701/671
f 529/488/460 591/701/671 592/490/462
f 592/490/462 591/701/671 654/702/672
f 592/490/462 654/702/672 655/492/464
f 655/492/464 654/702/672 35/452/36
f 528/700/670 465/646/616 527/647/617
f 467/487/459 530/489/461 468/656/626
f 468/656/626 530/489/461 531/703/673
f 468/656/626 531/703/673 469/653/623
f 469/653/623 531/703/673 532/655/625
f 533/498/470 471/500/472 470/654/624
f 411/504/476 473/658/628 474/506/478
f 474/506/478 473/658/628 536/704/674
f 474/506/478 536/704/674 537/508/480
f 537/508/480 536/704/674 599/705/675
f 537/508/480 599/705/675 600/510/482
f 600/510/482 599/705/675 662/706/676
f 600/510/482 662/706/676 663/512/484
f 663/512/484 662/706/676 35/452/36
f 536/704/674 473/658/628 535/659/629
f 475/507/479 538/509/481 476/668/638
f 476/668/638 538/509/481 539/707/677
f 476/668/638 539/707/677 477/665/635
f 477/665/635 539/707/677 540/667/637
f 541/518/490 479/520/492 478/666/636
f 543/594/564 480/521/493 542/519/491
f 545/528/500 482/526/498 544/593/563
f 544/593/563 482/526/498 481/595/565
f 483/527/499 546/529/501 484/675/645
f 484/675/645 546/529/501 547/708/678
f 484/675/645 547/708/678 485/672/642
f 485/672/642 547/708/678 548/674/644
f 549/539/510 487/541/512 486/673/643
f 427/546/516 489/676/646 490/548/518
f 490/548/518 489/676/646 552/709/679
f 490/548/518 552/709/679 553/550/520
f 553/550/520 552/709/679 615/710/680
f 553/550/520 615/710/680 616/552/522
f 616/552/522 615/710/680 678/711/681
f 616/552/522 678/711/681 679/554/524
f 679/554/524 678/711/681 34/534/35
f 552/709/679 489/676/646 551/677/647
f 491/549/519 554/551/521 492/686/656
f 492/686/656 554/551/521 555/712/682
f 492/686/656 555/712/682 493/683/653
f 493/683/653 555/712/682 556/685/655
f 557/560/530 495/562/532 494/684/654
f 435/566/536 497/688/658 498/568/538
f 498/568/538 497/688/658 560/713/683
f 498/568/538 560/713/683 561/570/540
f 561/570/540 560/713/683 623/714/684
f 561/570/540 623/714/684 624/572/542
f 624/572/542 623/714/684 686/575/545
f 560/713/683 497/688/658 559/580/550
f 503/689/659 502/613/583 565/715/685
f 565/715/685 502/613/583 564/614/584
f 565/715/685 564/614/584 627/716/686
f 627/716/686 564/614/584 626/615/585
f 627/716/686 626/615/585 8/430/39
f 505/425/400 568/427/402 506/692/662
f 506/692/662 568/427/402 569/717/687
f 506/692/662 569/717/687 507/621/591
f 507/621/591 569/717/687 570/433/407
f 511/693/663 510/625/595 573/718/688
f 573/718/688 510/625/595 572/626/596
f 573/718/688 572/626/596 635/719/689
f 635/719/689 572/626/596 634/627/597
f 635/719/689 634/627/597 8/430/39
f 576/448/422 514/610/580 513/446/420
f 579/455/428 517/457/430 516/632/602
f 579/455/428 516/632/602 578/633/603
f 520/696/666 519/635/605 582/720/690
f 582/720/690 519/635/605 581/636/606
f 582/720/690 581/636/606 644/721/691
f 644/721/691 581/636/606 643/637/607
f 644/721/691 643/637/607 35/452/36
f 522/469/441 585/471/443 523/699/669
f 523/699/669 585/471/443 586/722/692
f 523/699/669 586/722/692 524/643/613
f 524/643/613 586/722/692 587/476/448
f 528/700/670 527/647/617 590/723/693
f 590/723/693 527/647/617 589/648/618
f 590/723/693 589/648/618 652/724/694
f 652/724/694 589/648/618 651/649/619
f 652/724/694 651/649/619 35/452/36
f 530/489/461 593/491/463 531/703/673
f 531/703/673 593/491/463 594/725/695
f 531/703/673 594/725/695 532/655/625
f 532/655/625 594/725/695 595/496/468
f 536/704/674 535/659/629 598/726/696
f 598/726/696 535/659/629 597/660/630
f 598/726/696 597/660/630 660/727/697
f 660/727/697 597/660/630 659/661/631
f 660/727/697 659/661/631 35/452/36
f 538/509/481 601/511/483 539/707/677
f 539/707/677 601/511/483 602/728/698
f 539/707/677 602/728/698 540/667/637
f 540/667/637 602/728/698 603/516/488
f 543/594/564 542/519/491 605/729/699
f 605/729/699 542/519/491 604/517/489
f 605/729/699 604/517/489 667/730/700
f 667/730/700 604/517/489 666/515/487
f 667/730/700 666/515/487 35/452/36
f 608/530/502 545/528/500 607/591/561
f 607/591/561 545/528/500 544/593/563
f 546/529/501 609/531/503 547/708/678
f 547/708/678 609/531/503 610/731/701
f 547/708/678 610/731/701 548/674/644
f 548/674/644 610/731/701 611/537/508
f 552/709/679 551/677/647 614/732/702
f 614/732/702 551/677/647 613/678/648
f 614/732/702 613/678/648 676/733/703
f 676/733/703 613/678/648 675/679/649
f 676/733/703 675/679/649 34/534/35
f 554/551/521 617/553/523 555/712/682
f 555/712/682 617/553/523 618/734/704
f 555/712/682 618/734/704 556/685/655
f 556/685/655 618/734/704 619/558/528
f 621/579/549 558/561/531 620/559/529
f 623/714/684 560/713/683 622/578/548
f 622/578/548 560/713/683 559/580/550
f 503/689/659 565/715/685 566/690/660
f 566/690/660 565/715/685 628/735/705
f 566/690/660 628/735/705 629/691/661
f 629/691/661 628/735/705 8/430/39
f 628/735/705 565/715/685 627/716/686
f 632/431/405 570/433/407 569/717/687
f 632/431/405 569/717/687 631/429/404
f 631/429/404 569/717/687 568/427/402
f 511/693/663 573/718/688 574/694/664
f 574/694/664 573/718/688 636/736/706
f 574/694/664 636/736/706 637/695/665
f 637/695/665 636/736/706 8/430/39
f 636/736/706 573/718/688 635/719/689
f 641/453/426 579/455/428 578/633/603
f 641/453/426 578/633/603 640/451/425
f 520/696/666 582/720/690 583/697/667
f 583/697/667 582/720/690 645/737/707
f 583/697/667 645/737/707 646/698/668
f 646/698/668 645/737/707 35/452/36
f 645/737/707 582/720/690 644/721/691
f 649/474/446 587/476/448 586/722/692
f 649/474/446 586/722/692 648/473/445
f 648/473/445 586/722/692 585/471/443
f 528/700/670 590/723/693 591/701/671
f 591/701/671 590/723/693 653/738/708
f 591/701/671 653/738/708 654/702/672
f 654/702/672 653/738/708 35/452/36
f 653/738/708 590/723/693 652/724/694
f 657/494/466 595/496/468 594/725/695
f 657/494/466 594/725/695 656/493/465
f 656/493/465 594/725/695 593/491/463
f 536/704/674 598/726/696 599/705/675
f 599/705/675 598/726/696 661/739/709
f 599/705/675 661/739/709 662/706/676
f 662/706/676 661/739/709 35/452/36
f 661/739/709 598/726/696 660/727/697
f 665/514/486 603/516/488 602/728/698
f 665/514/486 602/728/698 664/513/485
f 664/513/485 602/728/698 601/511/483
f 543/594/564 605/729/699 606/592/562
f 606/592/562 605/729/699 668/740/710
f 606/592/562 668/740/710 669/590/560
f 669/590/560 668/740/710 35/452/36
f 668/740/710 605/729/699 667/730/700
f 671/532/504 608/530/502 670/589/559
f 670/589/559 608/530/502 607/591/561
f 673/535/506 611/537/508 610/731/701
f 673/535/506 610/731/701 672/533/505
f 672/533/505 610/731/701 609/531/503
f 552/709/679 614/732/702 615/710/680
f 615/710/680 614/732/702 677/741/711
f 615/710/680 677/741/711 678/711/681
f 678/711/681 677/741/711 34/534/35
f 677/741/711 614/732/702 676/733/703
f 681/556/526 619/558/528 618/734/704
f 681/556/526 618/734/704 680/555/525
f 680/555/525 618/734/704 617/553/523
f 621/579/549 620/559/529 683/742/712
f 683/742/712 620/559/529 682/557/527
f 683/742/712 682/557/527 34/534/35
f 686/575/545 623/714/684 685/576/546
f 685/576/546 623/714/684 622/578/548
f 8/430/39 628/735/705 627/716/686
f 8/430/39 636/736/706 635/719/689
f 35/452/36 645/737/707 644/721/691
f 35/452/36 653/738/708 652/724/694
f 35/452/36 661/739/709 660/727/697
f 35/452/36 668/740/710 667/730/700
f 34/534/35 677/741/711 676/733/703
f 34/534/35 684/577/547 683/742/712
f 683/742/712 684/577/547 621/579/549
f 60/743/713 687/744/714 37/745/93
f 37/745/93 687/744/714 688/746/715
f 37/745/93 688/746/715 689/747/716
f 689/747/716 688/746/715 751/748/717
f 689/747/716 751/748/717 752/749/718
f 752/749/718 751/748/717 814/750/719
f 752/749/718 814/750/719 815/751/720
f 815/751/720 814/750/719 877/752/721
f 815/751/720 877/752/721 878/753/722
f 878/753/722 877/752/721 940/754/723
f 878/753/722 940/754/723 941/755/724
f 941/755/724 940/754/723 4/756/5
f 941/755/724 4/756/5 942/757/725
f 942/757/725 4/756/5 943/758/726
f 942/757/725 943/758/726 880/759/727
f 880/759/727 943/758/726 881/760/728
f 880/759/727 881/760/728 818/761/729
f 818/761/729 881/760/728 819/762/730
f 818/761/729 819/762/730 756/763/731
f 756/763/731 819/762/730 757/764/732
f 756/763/731 757/764/732 694/765/733
f 694/765/733 757/764/732 695/766/734
f 694/765/733 695/766/734 37/745/93
f 37/745/93 695/766/734 696/767/735
f 37/745/93 696/767/735 697/768/736
f 697/768/736 696/767/735 759/769/737
f 697/768/736 759/769/737 760/770/738
f 760/770/738 759/769/737 822/771/739
f 760/770/738 822/771/739 823/772/740
f 823/772/740 822/771/739 885/773/741
f 823/772/740 885/773/741 886/774/742
f 886/774/742 885/773/741 948/775/743
f 886/774/742 948/775/743 949/776/744
f 949/776/744 948/775/743 4/756/5
f 949/776/744 4/756/5 950/777/745
f 950/777/745 4/756/5 3/778/2
f 950/777/745 3/778/2 951/779/746
f 951/779/746 3/778/2 952/780/747
f 951/779/746 952/780/747 889/781/748
f 889/781/748 952/780/747 890/782/749
f 889/781/748 890/782/749 827/783/750
f 827/783/750 890/782/749 828/784/751
f 827/783/750 828/784/751 765/785/752
f 765/785/752 828/784/751 766/786/753
f 765/785/752 766/786/753 703/787/754
f 703/787/754 766/786/753 704/788/755
f 703/787/754 704/788/755 62/789/97
f 62/789/97 704/788/755 705/790/756
f 62/789/97 705/790/756 706/791/757
f 706/791/757 705/790/756 768/792/758
f 706/791/757 768/792/758 769/793/759
f 769/793/759 768/792/758 831/794/760
f 769/793/759 831/794/760 832/795/761
f 832/795/761 831/794/760 894/796/762
f 832/795/761 894/796/762 895/797/763
f 895/797/763 894/796/762 957/798/764
f 895/797/763 957/798/764 958/799/765
f 958/799/765 957/798/764 3/778/2
f 958/799/765 3/778/2 959/800/766
f 959/800/766 3/778/2 960/801/767
f 959/800/766 960/801/767 897/802/768
f 897/802/768 960/801/767 898/803/769
f 897/802/768 898/803/769 835/804/770
f 835/804/770 898/803/769 836/805/771
f 835/804/770 836/805/771 773/806/772
f 773/806/772 836/805/771 774/807/773
f 773/806/772 774/807/773 711/808/774
f 711/808/774 774/807/773 712/809/775
f 711/808/774 712/809/775 62/789/97
f 62/789/97 712/809/775 713/810/776
f 62/789/97 713/810/776 714/811/777
f 714/811/777 713/810/776 776/812/778
f 714/811/777 776/812/778 777/813/779
f 777/813/779 776/812/778 839/814/780
f 777/813/779 839/814/780 840/815/781
f 840/815/781 839/814/780 902/816/782
f 840/815/781 902/816/782 903/817/783
f 903/817/783 902/816/782 965/818/784
f 903/817/783 965/818/784 966/819/785
f 966/819/785 965/818/784 3/778/2
f 966/819/785 3/778/2 967/820/786
f 967/820/786 3/778/2 968/821/787
f 967/820/786 968/821/787 905/822/788
f 905/822/788 968/821/787 906/823/789
f 905/822/788 906/823/789 843/824/790
f 843/824/790 906/823/789 844/825/791
f 843/824/790 844/825/791 781/826/792
f 781/826/792 844/825/791 782/827/793
f 781/826/792 782/827/793 719/828/794
f 719/828/794 782/827/793 720/829/795
f 719/828/794 720/829/795 62/789/97
f 62/789/97 720/829/795 721/830/796
f 62/789/97 721/830/796 722/831/797
f 722/831/797 721/830/796 784/832/798
f 722/831/797 784/832/798 785/833/799
f 785/833/799 784/832/798 847/834/800
f 785/833/799 847/834/800 848/835/801
f 848/835/801 847/834/800 910/836/802
f 848/835/801 910/836/802 911/837/803
f 911/837/803 910/836/802 973/838/804
f 911/837/803 973/838/804 974/839/805
f 974/839/805 973/838/804 3/778/2
f 974/839/805 3/778/2 975/840/806
f 975/840/806 3/778/2 976/841/807
f 975/840/806 976/841/807 913/842/808
f 913/842/808 976/841/807 914/843/809
f 913/842/808 914/843/809 851/844/810
f 851/844/810 914/843/809 852/845/811
f 851/844/810 852/845/811 789/846/812
f 789/846/812 852/845/811 790/847/813
f 789/846/812 790/847/813 727/848/814
f 727/848/814 790/847/813 728/849/815
f 727/848/814 728/849/815 62/789/97
f 62/789/97 728/849/815 729/850/816
f 62/789/97 729/850/816 730/851/817
f 730/851/817 729/850/816 792/852/818
f 730/851/817 792/852/818 793/853/819
f 793/853/819 792/852/818 855/854/820
f 793/853/819 855/854/820 856/855/821
f 856/855/821 855/854/820 918/856/822
f 856/855/821 918/856/822 919/857/823
f 919/857/823 918/856/822 981/858/824
f 919/857/823 981/858/824 982/859/825
f 982/859/825 981/858/824 2/860/1
f 982/859/825 2/860/1 983/861/826
f 983/861/826 2/860/1 984/862/827
f 983/861/826 984/862/827 921/863/828
f 921/863/828 984/862/827 922/864/829
f 921/863/828 922/864/829 859/865/830
f 859/865/830 922/864/829 860/866/831
f 859/865/830 860/866/831 797/867/832
f 797/867/832 860/866/831 798/868/833
f 797/867/832 798/868/833 735/869/834
f 735/869/834 798/868/833 736/870/835
f 735/869/834 736/870/835 15/871/71
f 15/871/71 736/870/835 737/872/836
f 15/871/71 737/872/836 738/873/837
f 738/873/837 737/872/836 800/874/838
f 738/873/837 800/874/838 801/875/839
f 801/875/839 800/874/838 863/876/840
f 801/875/839 863/876/840 864/877/841
f 864/877/841 863/876/840 926/878/842
f 864/877/841 926/878/842 927/879/843
f 927/879/843 926/878/842 989/880/844
f 927/879/843 989/880/844 990/881/845
f 990/881/845 989/880/844 2/860/1
f 990/881/845 2/860/1 991/882/846
f 991/882/846 2/860/1 992/883/847
f 991/882/846 992/883/847 929/884/848
f 929/884/848 992/883/847 930/885/849
f 929/884/848 930/885/849 867/886/850
f 867/886/850 930/885/849 868/887/851
f 867/886/850 868/887/851 805/888/852
f 805/888/852 868/887/851 806/889/853
f 805/888/852 806/889/853 743/890/854
f 743/890/854 806/889/853 744/891/855
f 743/890/854 744/891/855 15/871/71
f 15/871/71 744/891/855 745/892/856
f 15/871/71 745/892/856 746/893/857
f 746/893/857 745/892/856 808/894/858
f 746/893/857 808/894/858 809/895/859
f 809/895/859 808/894/858 871/896/860
f 809/895/859 871/896/860 872/897/861
f 872/897/861 871/896/860 934/898/862
f 872/897/861 934/898/862 19/899/863
f 19/899/863 934/898/862 20/900/864
f 20/900/864 934/898/862 996/901/865
f 20/900/864 996/901/865 2/860/1
f 2/860/1 996/901/865 995/902/866
f 2/860/1 995/902/866 994/903/867
f 994/903/867 995/902/866 932/904/868
f 994/903/867 932/904/868 931/905/869
f 931/905/869 932/904/868 869/906/870
f 931/905/869 869/906/870 868/887/851
f 868/887/851 869/906/870 806/889/853
f 687/744/714 60/743/713 749/907/871
f 749/907/871 60/743/713 59/908/872
f 749/907/871 59/908/872 811/909/873
f 811/909/873 59/908/872 58/910/874
f 811/909/873 58/910/874 873/911/875
f 873/911/875 58/910/874 57/912/876
f 873/911/875 57/912/876 935/913/877
f 935/913/877 57/912/876 56/914/878
f 935/913/877 56/914/878 4/756/5
f 2/860/1 981/858/824 3/778/2
f 3/778/2 981/858/824 980/915/879
f 3/778/2 980/915/879 979/916/880
f 979/916/880 980/915/879 917/917/881
f 979/916/880 917/917/881 916/918/882
f 916/918/882 917/917/881 854/919/883
f 916/918/882 854/919/883 853/920/884
f 853/920/884 854/919/883 791/921/885
f 853/920/884 791/921/885 790/847/813
f 790/847/813 791/921/885 728/849/815
f 19/899/863 18/922/886 872/897/861
f 872/897/861 18/922/886 810/923/887
f 872/897/861 810/923/887 809/895/859
f 809/895/859 810/923/887 747/924/888
f 809/895/859 747/924/888 746/893/857
f 746/893/857 747/924/888 15/871/71
f 18/922/886 17/925/889 810/923/887
f 810/923/887 17/925/889 748/926/890
f 810/923/887 748/926/890 747/924/888
f 747/924/888 748/926/890 15/871/71
f 17/925/889 16/927/891 748/926/890
f 748/926/890 16/927/891 15/871/71
f 62/789/97 733/928/892 15/871/71
f 15/871/71 733/928/892 734/929/893
f 15/871/71 734/929/893 735/869/834
f 735/869/834 734/929/893 797/867/832
f 703/787/754 62/789/97 702/930/894
f 702/930/894 62/789/97 37/745/93
f 702/930/894 37/745/93 701/931/895
f 701/931/895 37/745/93 700/932/896
f 701/931/895 700/932/896 763/933/897
f 763/933/897 700/932/896 762/934/898
f 763/933/897 762/934/898 825/935/899
f 825/935/899 762/934/898 824/936/900
f 825/935/899 824/936/900 887/937/901
f 887/937/901 824/936/900 886/774/742
f 887/937/901 886/774/742 949/776/744
f 688/746/715 687/744/714 750/938/902
f 750/938/902 687/744/714 749/907/871
f 750/938/902 749/907/871 812/939/903
f 812/939/903 749/907/871 811/909/873
f 812/939/903 811/909/873 874/940/904
f 874/940/904 811/909/873 873/911/875
f 874/940/904 873/911/875 936/941/905
f 936/941/905 873/911/875 935/913/877
f 936/941/905 935/913/877 4/756/5
f 689/747/716 690/942/906 37/745/93
f 37/745/93 690/942/906 691/943/907
f 37/745/93 691/943/907 692/944/908
f 692/944/908 691/943/907 754/945/909
f 692/944/908 754/945/909 755/946/910
f 755/946/910 754/945/909 817/947/911
f 755/946/910 817/947/911 818/761/729
f 818/761/729 817/947/911 880/759/727
f 689/747/716 752/749/718 690/942/906
f 690/942/906 752/749/718 753/948/912
f 690/942/906 753/948/912 691/943/907
f 691/943/907 753/948/912 754/945/909
f 694/765/733 37/745/93 693/949/913
f 693/949/913 37/745/93 692/944/908
f 693/949/913 692/944/908 755/946/910
f 756/763/731 694/765/733 693/949/913
f 756/763/731 693/949/913 755/946/910
f 696/767/735 695/766/734 758/950/914
f 758/950/914 695/766/734 757/764/732
f 758/950/914 757/764/732 820/951/915
f 820/951/915 757/764/732 819/762/730
f 820/951/915 819/762/730 882/952/916
f 882/952/916 819/762/730 881/760/728
f 882/952/916 881/760/728 944/953/917
f 944/953/917 881/760/728 943/758/726
f 944/953/917 943/758/726 4/756/5
f 697/768/736 698/954/918 37/745/93
f 37/745/93 698/954/918 699/955/919
f 37/745/93 699/955/919 700/932/896
f 700/932/896 699/955/919 762/934/898
f 697/768/736 760/770/738 698/954/918
f 698/954/918 760/770/738 761/956/920
f 698/954/918 761/956/920 699/955/919
f 699/955/919 761/956/920 762/934/898
f 765/785/752 703/787/754 702/930/894
f 702/930/894 701/931/895 764/957/921
f 764/957/921 701/931/895 763/933/897
f 764/957/921 763/933/897 826/958/922
f 826/958/922 763/933/897 825/935/899
f 826/958/922 825/935/899 888/959/923
f 888/959/923 825/935/899 887/937/901
f 888/959/923 887/937/901 950/777/745
f 950/777/745 887/937/901 949/776/744
f 705/790/756 704/788/755 767/960/924
f 767/960/924 704/788/755 766/786/753
f 767/960/924 766/786/753 829/961/925
f 829/961/925 766/786/753 828/784/751
f 829/961/925 828/784/751 891/962/926
f 891/962/926 828/784/751 890/782/749
f 891/962/926 890/782/749 953/963/927
f 953/963/927 890/782/749 952/780/747
f 953/963/927 952/780/747 3/778/2
f 706/791/757 707/964/928 62/789/97
f 62/789/97 707/964/928 708/965/929
f 62/789/97 708/965/929 709/966/930
f 709/966/930 708/965/929 771/967/931
f 709/966/930 771/967/931 772/968/932
f 772/968/932 771/967/931 834/969/933
f 772/968/932 834/969/933 835/804/770
f 835/804/770 834/969/933 897/802/768
f 706/791/757 769/793/759 707/964/928
f 707/964/928 769/793/759 770/970/934
f 707/964/928 770/970/934 708/965/929
f 708/965/929 770/970/934 771/967/931
f 711/808/774 62/789/97 710/971/935
f 710/971/935 62/789/97 709/966/930
f 710/971/935 709/966/930 772/968/932
f 773/806/772 711/808/774 710/971/935
f 773/806/772 710/971/935 772/968/932
f 713/810/776 712/809/775 775/972/936
f 775/972/936 712/809/775 774/807/773
f 775/972/936 774/807/773 837/973/937
f 837/973/937 774/807/773 836/805/771
f 837/973/937 836/805/771 899/974/938
f 899/974/938 836/805/771 898/803/769
f 899/974/938 898/803/769 961/975/939
f 961/975/939 898/803/769 960/801/767
f 961/975/939 960/801/767 3/778/2
f 714/811/777 715/976/940 62/789/97
f 62/789/97 715/976/940 716/977/941
f 62/789/97 716/977/941 717/978/942
f 717/978/942 716/977/941 779/979/943
f 717/978/942 779/979/943 780/980/944
f 780/980/944 779/979/943 842/981/945
f 780/980/944 842/981/945 843/824/790
f 843/824/790 842/981/945 905/822/788
f 714/811/777 777/813/779 715/976/940
f 715/976/940 777/813/779 778/982/946
f 715/976/940 778/982/946 716/977/941
f 716/977/941 778/982/946 779/979/943
f 719/828/794 62/789/97 718/983/947
f 718/983/947 62/789/97 717/978/942
f 718/983/947 717/978/942 780/980/944
f 781/826/792 719/828/794 718/983/947
f 781/826/792 718/983/947 780/980/944
f 721/830/796 720/829/795 783/984/948
f 783/984/948 720/829/795 782/827/793
f 783/984/948 782/827/793 845/985/949
f 845/985/949 782/827/793 844/825/791
f 845/985/949 844/825/791 907/986/950
f 907/986/950 844/825/791 906/823/789
f 907/986/950 906/823/789 969/987/951
f 969/987/951 906/823/789 968/821/787
f 969/987/951 968/821/787 3/778/2
f 722/831/797 723/988/952 62/789/97
f 62/789/97 723/988/952 724/989/953
f 62/789/97 724/989/953 725/990/954
f 725/990/954 724/989/953 787/991/955
f 725/990/954 787/991/955 788/992/956
f 788/992/956 787/991/955 850/993/957
f 788/992/956 850/993/957 851/844/810
f 851/844/810 850/993/957 913/842/808
f 722/831/797 785/833/799 723/988/952
f 723/988/952 785/833/799 786/994/958
f 723/988/952 786/994/958 724/989/953
f 724/989/953 786/994/958 787/991/955
f 727/848/814 62/789/97 726/995/959
f 726/995/959 62/789/97 725/990/954
f 726/995/959 725/990/954 788/992/956
f 789/846/812 727/848/814 726/995/959
f 789/846/812 726/995/959 788/992/956
f 792/852/818 729/850/816 791/921/885
f 791/921/885 729/850/816 728/849/815
f 730/851/817 731/996/960 62/789/97
f 62/789/97 731/996/960 732/997/961
f 62/789/97 732/997/961 733/928/892
f 733/928/892 732/997/961 795/998/962
f 733/928/892 795/998/962 796/999/963
f 796/999/963 795/998/962 858/1000/964
f 796/999/963 858/1000/964 859/865/830
f 859/865/830 858/1000/964 921/863/828
f 730/851/817 793/853/819 731/996/960
f 731/996/960 793/853/819 794/1001/965
f 731/996/960 794/1001/965 732/997/961
f 732/997/961 794/1001/965 795/998/962
f 797/867/832 734/929/893 796/999/963
f 796/999/963 734/929/893 733/928/892
f 737/872/836 736/870/835 799/1002/966
f 799/1002/966 736/870/835 798/868/833
f 799/1002/966 798/868/833 861/1003/967
f 861/1003/967 798/868/833 860/866/831
f 861/1003/967 860/866/831 923/1004/968
f 923/1004/968 860/866/831 922/864/829
f 923/1004/968 922/864/829 985/1005/969
f 985/1005/969 922/864/829 984/862/827
f 985/1005/969 984/862/827 2/860/1
f 738/873/837 739/1006/970 15/871/71
f 15/871/71 739/1006/970 740/1007/971
f 15/871/71 740/1007/971 741/1008/972
f 741/1008/972 740/1007/971 803/1009/973
f 741/1008/972 803/1009/973 804/1010/974
f 804/1010/974 803/1009/973 866/1011/975
f 804/1010/974 866/1011/975 867/886/850
f 867/886/850 866/1011/975 929/884/848
f 738/873/837 801/875/839 739/1006/970
f 739/1006/970 801/875/839 802/1012/976
f 739/1006/970 802/1012/976 740/1007/971
f 740/1007/971 802/1012/976 803/1009/973
f 743/890/854 15/871/71 742/1013/977
f 742/1013/977 15/871/71 741/1008/972
f 742/1013/977 741/1008/972 804/1010/974
f 805/888/852 743/890/854 742/1013/977
f 805/888/852 742/1013/977 804/1010/974
f 745/892/856 744/891/855 807/1014/978
f 807/1014/978 744/891/855 806/889/853
f 807/1014/978 806/889/853 869/906/870
f 688/746/715 750/938/902 751/748/717
f 751/748/717 750/938/902 813/1015/979
f 751/748/717 813/1015/979 814/750/719
f 814/750/719 813/1015/979 876/1016/980
f 814/750/719 876/1016/980 877/752/721
f 877/752/721 876/1016/980 939/1017/981
f 877/752/721 939/1017/981 940/754/723
f 940/754/723 939/1017/981 4/756/5
f 813/1015/979 750/938/902 812/939/903
f 752/749/718 815/751/720 753/948/912
f 753/948/912 815/751/720 816/1018/982
f 753/948/912 816/1018/982 754/945/909
f 754/945/909 816/1018/982 817/947/911
f 818/761/729 756/763/731 755/946/910
f 696/767/735 758/950/914 759/769/737
f 759/769/737 758/950/914 821/1019/983
f 759/769/737 821/1019/983 822/771/739
f 822/771/739 821/1019/983 884/1020/984
f 822/771/739 884/1020/984 885/773/741
f 885/773/741 884/1020/984 947/1021/985
f 885/773/741 947/1021/985 948/775/743
f 948/775/743 947/1021/985 4/756/5
f 821/1019/983 758/950/914 820/951/915
f 824/936/900 762/934/898 761/956/920
f 824/936/900 761/956/920 823/772/740
f 823/772/740 761/956/920 760/770/738
f 827/783/750 765/785/752 764/957/921
f 764/957/921 765/785/752 702/930/894
f 827/783/750 764/957/921 826/958/922
f 705/790/756 767/960/924 768/792/758
f 768/792/758 767/960/924 830/1022/986
f 768/792/758 830/1022/986 831/794/760
f 831/794/760 830/1022/986 893/1023/987
f 831/794/760 893/1023/987 894/796/762
f 894/796/762 893/1023/987 956/1024/988
f 894/796/762 956/1024/988 957/798/764
f 957/798/764 956/1024/988 3/778/2
f 830/1022/986 767/960/924 829/961/925
f 769/793/759 832/795/761 770/970/934
f 770/970/934 832/795/761 833/1025/989
f 770/970/934 833/1025/989 771/967/931
f 771/967/931 833/1025/989 834/969/933
f 835/804/770 773/806/772 772/968/932
f 713/810/776 775/972/936 776/812/778
f 776/812/778 775/972/936 838/1026/990
f 776/812/778 838/1026/990 839/814/780
f 839/814/780 838/1026/990 901/1027/991
f 839/814/780 901/1027/991 902/816/782
f 902/816/782 901/1027/991 964/1028/992
f 902/816/782 964/1028/992 965/818/784
f 965/818/784 964/1028/992 3/778/2
f 838/1026/990 775/972/936 837/973/937
f 777/813/779 840/815/781 778/982/946
f 778/982/946 840/815/781 841/1029/993
f 778/982/946 841/1029/993 779/979/943
f 779/979/943 841/1029/993 842/981/945
f 843/824/790 781/826/792 780/980/944
f 721/830/796 783/984/948 784/832/798
f 784/832/798 783/984/948 846/1030/994
f 784/832/798 846/1030/994 847/834/800
f 847/834/800 846/1030/994 909/1031/995
f 847/834/800 909/1031/995 910/836/802
f 910/836/802 909/1031/995 972/1032/996
f 910/836/802 972/1032/996 973/838/804
f 973/838/804 972/1032/996 3/778/2
f 846/1030/994 783/984/948 845/985/949
f 785/833/799 848/835/801 786/994/958
f 786/994/958 848/835/801 849/1033/997
f 786/994/958 849/1033/997 787/991/955
f 787/991/955 849/1033/997 850/993/957
f 851/844/810 789/846/812 788/992/956
f 853/920/884 790/847/813 852/845/811
f 855/854/820 792/852/818 854/919/883
f 854/919/883 792/852/818 791/921/885
f 793/853/819 856/855/821 794/1001/965
f 794/1001/965 856/855/821 857/1034/998
f 794/1001/965 857/1034/998 795/998/962
f 795/998/962 857/1034/998 858/1000/964
f 859/865/830 797/867/832 796/999/963
f 737/872/836 799/1002/966 800/874/838
f 800/874/838 799/1002/966 862/1035/999
f 800/874/838 862/1035/999 863/876/840
f 863/876/840 862/1035/999 925/1036/1000
f 863/876/840 925/1036/1000 926/878/842
f 926/878/842 925/1036/1000 988/1037/1001
f 926/878/842 988/1037/1001 989/880/844
f 989/880/844 988/1037/1001 2/860/1
f 862/1035/999 799/1002/966 861/1003/967
f 801/875/839 864/877/841 802/1012/976
f 802/1012/976 864/877/841 865/1038/1002
f 802/1012/976 865/1038/1002 803/1009/973
f 803/1009/973 865/1038/1002 866/1011/975
f 867/886/850 805/888/852 804/1010/974
f 745/892/856 807/1014/978 808/894/858
f 808/894/858 807/1014/978 870/1039/1003
f 808/894/858 870/1039/1003 871/896/860
f 871/896/860 870/1039/1003 933/1040/1004
f 871/896/860 933/1040/1004 934/898/862
f 934/898/862 933/1040/1004 996/901/865
f 870/1039/1003 807/1014/978 869/906/870
f 813/1015/979 812/939/903 875/1041/1005
f 875/1041/1005 812/939/903 874/940/904
f 875/1041/1005 874/940/904 937/1042/1006
f 937/1042/1006 874/940/904 936/941/905
f 937/1042/1006 936/941/905 4/756/5
f 815/751/720 878/753/722 816/1018/982
f 816/1018/982 878/753/722 879/1043/1007
f 816/1018/982 879/1043/1007 817/947/911
f 817/947/911 879/1043/1007 880/759/727
f 821/1019/983 820/951/915 883/1044/1008
f 883/1044/1008 820/951/915 882/952/916
f 883/1044/1008 882/952/916 945/1045/1009
f 945/1045/1009 882/952/916 944/953/917
f 945/1045/1009 944/953/917 4/756/5
f 886/774/742 824/936/900 823/772/740
f 889/781/748 827/783/750 826/958/922
f 889/781/748 826/958/922 888/959/923
f 830/1022/986 829/961/925 892/1046/1010
f 892/1046/1010 829/961/925 891/962/926
f 892/1046/1010 891/962/926 954/1047/1011
f 954/1047/1011 891/962/926 953/963/927
f 954/1047/1011 953/963/927 3/778/2
f 832/795/761 895/797/763 833/1025/989
f 833/1025/989 895/797/763 896/1048/1012
f 833/1025/989 896/1048/1012 834/969/933
f 834/969/933 896/1048/1012 897/802/768
f 838/1026/990 837/973/937 900/1049/1013
f 900/1049/1013 837/973/937 899/974/938
f 900/1049/1013 899/974/938 962/1050/1014
f 962/1050/1014 899/974/938 961/975/939
f 962/1050/1014 961/975/939 3/778/2
f 840/815/781 903/817/783 841/1029/993
f 841/1029/993 903/817/783 904/1051/1015
f 841/1029/993 904/1051/1015 842/981/945
f 842/981/945 904/1051/1015 905/822/788
f 846/1030/994 845/985/949 908/1052/1016
f 908/1052/1016 845/985/949 907/986/950
f 908/1052/1016 907/986/950 970/1053/1017
f 970/1053/1017 907/986/950 969/987/951
f 970/1053/1017 969/987/951 3/778/2
f 848/835/801 911/837/803 849/1033/997
f 849/1033/997 911/837/803 912/1054/1018
f 849/1033/997 912/1054/1018 850/993/957
f 850/993/957 912/1054/1018 913/842/808
f 853/920/884 852/845/811 915/1055/1019
f 915/1055/1019 852/845/811 914/843/809
f 915/1055/1019 914/843/809 977/1056/1020
f 977/1056/1020 914/843/809 976/841/807
f 977/1056/1020 976/841/807 3/778/2
f 918/856/822 855/854/820 917/917/881
f 917/917/881 855/854/820 854/919/883
f 856/855/821 919/857/823 857/1034/998
f 857/1034/998 919/857/823 920/1057/1021
f 857/1034/998 920/1057/1021 858/1000/964
f 858/1000/964 920/1057/1021 921/863/828
f 862/1035/999 861/1003/967 924/1058/1022
f 924/1058/1022 861/1003/967 923/1004/968
f 924/1058/1022 923/1004/968 986/1059/1023
f 986/1059/1023 923/1004/968 985/1005/969
f 986/1059/1023 985/1005/969 2/860/1
f 864/877/841 927/879/843 865/1038/1002
f 865/1038/1002 927/879/843 928/1060/1024
f 865/1038/1002 928/1060/1024 866/1011/975
f 866/1011/975 928/1060/1024 929/884/848
f 931/905/869 868/887/851 930/885/849
f 933/1040/1004 870/1039/1003 932/904/868
f 932/904/868 870/1039/1003 869/906/870
f 813/1015/979 875/1041/1005 876/1016/980
f 876/1016/980 875/1041/1005 938/1061/1025
f 876/1016/980 938/1061/1025 939/1017/981
f 939/1017/981 938/1061/1025 4/756/5
f 938/1061/1025 875/1041/1005 937/1042/1006
f 942/757/725 880/759/727 879/1043/1007
f 942/757/725 879/1043/1007 941/755/724
f 941/755/724 879/1043/1007 878/753/722
f 821/1019/983 883/1044/1008 884/1020/984
f 884/1020/984 883/1044/1008 946/1062/1026
f 884/1020/984 946/1062/1026 947/1021/985
f 947/1021/985 946/1062/1026 4/756/5
f 946/1062/1026 883/1044/1008 945/1045/1009
f 951/779/746 889/781/748 888/959/923
f 951/779/746 888/959/923 950/777/745
f 830/1022/986 892/1046/1010 893/1023/987
f 893/1023/987 892/1046/1010 955/1063/1027
f 893/1023/987 955/1063/1027 956/1024/988
f 956/1024/988 955/1063/1027 3/778/2
f 955/1063/1027 892/1046/1010 954/1047/1011
f 959/800/766 897/802/768 896/1048/1012
f 959/800/766 896/1048/1012 958/799/765
f 958/799/765 896/1048/1012 895/797/763
f 838/1026/990 900/1049/1013 901/1027/991
f 901/1027/991 900/1049/1013 963/1064/1028
f 901/1027/991 963/1064/1028 964/1028/992
f 964/1028/992 963/1064/1028 3/778/2
f 963/1064/1028 900/1049/1013 962/1050/1014
f 967/820/786 905/822/788 904/1051/1015
f 967/820/786 904/1051/1015 966/819/785
f 966/819/785 904/1051/1015 903/817/783
f 846/1030/994 908/1052/1016 909/1031/995
f 909/1031/995 908/1052/1016 971/1065/1029
f 909/1031/995 971/1065/1029 972/1032/996
f 972/1032/996 971/1065/1029 3/778/2
f 971/1065/1029 908/1052/1016 970/1053/1017
f 975/840/806 913/842/808 912/1054/1018
f 975/840/806 912/1054/1018 974/839/805
f 974/839/805 912/1054/1018 911/837/803
f 853/920/884 915/1055/1019 916/918/882
f 916/918/882 915/1055/1019 978/1066/1030
f 916/918/882 978/1066/1030 979/916/880
f 979/916/880 978/1066/1030 3/778/2
f 978/1066/1030 915/1055/1019 977/1056/1020
f 981/858/824 918/856/822 980/915/879
f 980/915/879 918/856/822 917/917/881
f 983/861/826 921/863/828 920/1057/1021
f 983/861/826 920/1057/1021 982/859/825
f 982/859/825 920/1057/1021 919/857/823
f 862/1035/999 924/1058/1022 925/1036/1000
f 925/1036/1000 924/1058/1022 987/1067/1031
f 925/1036/1000 987/1067/1031 988/1037/1001
f 988/1037/1001 987/1067/1031 2/860/1
f 987/1067/1031 924/1058/1022 986/1059/1023
f 991/882/846 929/884/848 928/1060/1024
f 991/882/846 928/1060/1024 990/881/845
f 990/881/845 928/1060/1024 927/879/843
f 931/905/869 930/885/849 993/1068/1032
f 993/1068/1032 930/885/849 992/883/847
f 993/1068/1032 992/883/847 2/860/1
f 996/901/865 933/1040/1004 995/902/866
f 995/902/866 933/1040/1004 932/904/868
f 4/756/5 938/1061/1025 937/1042/1006
f 4/756/5 946/1062/1026 945/1045/1009
f 3/778/2 955/1063/1027 954/1047/1011
f 3/778/2 963/1064/1028 962/1050/1014
f 3/778/2 971/1065/1029 970/1053/1017
f 3/778/2 978/1066/1030 977/1056/1020
f 2/860/1 987/1067/1031 986/1059/1023
f 2/860/1 994/903/867 993/1068/1032
f 993/1068/1032 994/903/867 931/905/869
f 55/1069/1033 997/1070/1034 5/1071/6
f 5/1071/6 997/1070/1034 998/1072/1035
f 5/1071/6 998/1072/1035 999/1073/1036
f 999/1073/1036 998/1072/1035 1061/1074/1037
f 999/1073/1036 1061/1074/1037 1062/1075/1038
f 1062/1075/1038 1061/1074/1037 1124/1076/1039
f 1062/1075/1038 1124/1076/1039 1125/1077/1040
f 1125/1077/1040 1124/1076/1039 1187/1078/1041
f 1125/1077/1040 1187/1078/1041 1188/1079/1042
f 1188/1079/1042 1187/1078/1041 1250/1080/1043
f 1188/1079/1042 1250/1080/1043 1251/1081/1044
f 1251/1081/1044 1250/1080/1043 50/1082/162
f 1251/1081/1044 50/1082/162 1252/1083/1045
f 1252/1083/1045 50/1082/162 1253/1084/1046
f 1252/1083/1045 1253/1084/1046 1190/1085/1047
f 1190/1085/1047 1253/1084/1046 1191/1086/1048
f 1190/1085/1047 1191/1086/1048 1128/1087/1049
f 1128/1087/1049 1191/1086/1048 1129/1088/1050
f 1128/1087/1049 1129/1088/1050 1066/1089/1051
f 1066/1089/1051 1129/1088/1050 1067/1090/1052
f 1066/1089/1051 1067/1090/1052 1004/1091/1053
f 1004/1091/1053 1067/1090/1052 1005/1092/1054
f 1004/1091/1053 1005/1092/1054 5/1071/6
f 5/1071/6 1005/1092/1054 1006/1093/1055
f 5/1071/6 1006/1093/1055 1007/1094/1056
f 1007/1094/1056 1006/1093/1055 1069/1095/1057
f 1007/1094/1056 1069/1095/1057 1070/1096/1058
f 1070/1096/1058 1069/1095/1057 1132/1097/1059
f 1070/1096/1058 1132/1097/1059 1133/1098/1060
f 1133/1098/1060 1132/1097/1059 1195/1099/1061
f 1133/1098/1060 1195/1099/1061 1196/1100/1062
f 1196/1100/1062 1195/1099/1061 1258/1101/1063
f 1196/1100/1062 1258/1101/1063 1259/1102/1064
f 1259/1102/1064 1258/1101/1063 50/1082/162
f 1259/1102/1064 50/1082/162 1260/1103/1065
f 1260/1103/1065 50/1082/162 141/1104/158
f 1260/1103/1065 141/1104/158 1261/1105/1066
f 1261/1105/1066 141/1104/158 1262/1106/1067
f 1261/1105/1066 1262/1106/1067 1199/1107/1068
f 1199/1107/1068 1262/1106/1067 1200/1108/1069
f 1199/1107/1068 1200/1108/1069 1137/1109/1070
f 1137/1109/1070 1200/1108/1069 1138/1110/1071
f 1137/1109/1070 1138/1110/1071 1075/1111/1072
f 1075/1111/1072 1138/1110/1071 1076/1112/1073
f 1075/1111/1072 1076/1112/1073 1013/1113/1074
f 1013/1113/1074 1076/1112/1073 1014/1114/1075
f 1013/1113/1074 1014/1114/1075 6/1115/4
f 6/1115/4 1014/1114/1075 1015/1116/1076
f 6/1115/4 1015/1116/1076 1016/1117/1077
f 1016/1117/1077 1015/1116/1076 1078/1118/1078
f 1016/1117/1077 1078/1118/1078 1079/1119/1079
f 1079/1119/1079 1078/1118/1078 1141/1120/1080
f 1079/1119/1079 1141/1120/1080 1142/1121/1081
f 1142/1121/1081 1141/1120/1080 1204/1122/1082
f 1142/1121/1081 1204/1122/1082 1205/1123/1083
f 1205/1123/1083 1204/1122/1082 1267/1124/1084
f 1205/1123/1083 1267/1124/1084 1268/1125/1085
f 1268/1125/1085 1267/1124/1084 141/1104/158
f 1268/1125/1085 141/1104/158 1269/1126/1086
f 1269/1126/1086 141/1104/158 1270/1127/1087
f 1269/1126/1086 1270/1127/1087 1207/1128/1088
f 1207/1128/1088 1270/1127/1087 1208/1129/1089
f 1207/1128/1088 1208/1129/1089 1145/1130/1090
f 1145/1130/1090 1208/1129/1089 1146/1131/1091
f 1145/1130/1090 1146/1131/1091 1083/1132/1092
f 1083/1132/1092 1146/1131/1091 1084/1133/1093
f 1083/1132/1092 1084/1133/1093 1021/1134/1094
f 1021/1134/1094 1084/1133/1093 1022/1135/1095
f 1021/1134/1094 1022/1135/1095 6/1115/4
f 6/1115/4 1022/1135/1095 1023/1136/1096
f 6/1115/4 1023/1136/1096 1024/1137/1097
f 1024/1137/1097 1023/1136/1096 1086/1138/1098
f 1024/1137/1097 1086/1138/1098 1087/1139/1099
f 1087/1139/1099 1086/1138/1098 1149/1140/1100
f 1087/1139/1099 1149/1140/1100 1150/1141/1101
f 1150/1141/1101 1149/1140/1100 1212/1142/1102
f 1150/1141/1101 1212/1142/1102 1213/1143/1103
f 1213/1143/1103 1212/1142/1102 1275/1144/1104
f 1213/1143/1103 1275/1144/1104 1276/1145/1105
f 1276/1145/1105 1275/1144/1104 141/1104/158
f 1276/1145/1105 141/1104/158 1277/1146/1106
f 1277/1146/1106 141/1104/158 1278/1147/1107
f 1277/1146/1106 1278/1147/1107 1215/1148/1108
f 1215/1148/1108 1278/1147/1107 1216/1149/1109
f 1215/1148/1108 1216/1149/1109 1153/1150/1110
f 1153/1150/1110 1216/1149/1109 1154/1151/1111
f 1153/1150/1110 1154/1151/1111 1091/1152/1112
f 1091/1152/1112 1154/1151/1111 1092/1153/1113
f 1091/1152/1112 1092/1153/1113 1029/1154/1114
f 1029/1154/1114 1092/1153/1113 1030/1155/1115
f 1029/1154/1114 1030/1155/1115 6/1115/4
f 6/1115/4 1030/1155/1115 1031/1156/1116
f 6/1115/4 1031/1156/1116 1032/1157/1117
f 1032/1157/1117 1031/1156/1116 1094/1158/1118
f 1032/1157/1117 1094/1158/1118 1095/1159/1119
f 1095/1159/1119 1094/1158/1118 1157/1160/1120
f 1095/1159/1119 1157/1160/1120 1158/1161/1121
f 1158/1161/1121 1157/1160/1120 1220/1162/1122
f 1158/1161/1121 1220/1162/1122 1221/1163/1123
f 1221/1163/1123 1220/1162/1122 1283/1164/1124
f 1221/1163/1123 1283/1164/1124 1284/1165/1125
f 1284/1165/1125 1283/1164/1124 141/1104/158
f 1284/1165/1125 141/1104/158 1285/1166/1126
f 1285/1166/1126 141/1104/158 1286/1167/1127
f 1285/1166/1126 1286/1167/1127 1223/1168/1128
f 1223/1168/1128 1286/1167/1127 1224/1169/1129
f 1223/1168/1128 1224/1169/1129 1161/1170/1130
f 1161/1170/1130 1224/1169/1129 1162/1171/1131
f 1161/1170/1130 1162/1171/1131 1099/1172/1132
f 1099/1172/1132 1162/1171/1131 1100/1173/1133
f 1099/1172/1132 1100/1173/1133 1037/1174/1134
f 1037/1174/1134 1100/1173/1133 1038/1175/1135
f 1037/1174/1134 1038/1175/1135 6/1115/4
f 6/1115/4 1038/1175/1135 1039/1176/1136
f 6/1115/4 1039/1176/1136 1040/1177/1137
f 1040/1177/1137 1039/1176/1136 1102/1178/1138
f 1040/1177/1137 1102/1178/1138 1103/1179/1139
f 1103/1179/1139 1102/1178/1138 1165/1180/1140
f 1103/1179/1139 1165/1180/1140 1166/1181/1141
f 1166/1181/1141 1165/1180/1140 1228/1182/1142
f 1166/1181/1141 1228/1182/1142 1229/1183/1143
f 1229/1183/1143 1228/1182/1142 1291/1184/1144
f 1229/1183/1143 1291/1184/1144 1292/1185/1145
f 1292/1185/1145 1291/1184/1144 26/1186/153
f 1292/1185/1145 26/1186/153 1293/1187/1146
f 1293/1187/1146 26/1186/153 1294/1188/1147
f 1293/1187/1146 1294/1188/1147 1231/1189/1148
f 1231/1189/1148 1294/1188/1147 1232/1190/1149
f 1231/1189/1148 1232/1190/1149 1169/1191/1150
f 1169/1191/1150 1232/1190/1149 1170/1192/1151
f 1169/1191/1150 1170/1192/1151 1107/1193/1152
f 1107/1193/1152 1170/1192/1151 1108/1194/1153
f 1107/1193/1152 1108/1194/1153 1045/1195/1154
f 1045/1195/1154 1108/1194/1153 1046/1196/1155
f 1045/1195/1154 1046/1196/1155 1/1197/3
f 1/1197/3 1046/1196/1155 1047/1198/1156
f 1/1197/3 1047/1198/1156 1048/1199/1157
f 1048/1199/1157 1047/1198/1156 1110/1200/1158
f 1048/1199/1157 1110/1200/1158 1111/1201/1159
f 1111/1201/1159 1110/1200/1158 1173/1202/1160
f 1111/1201/1159 1173/1202/1160 1174/1203/1161
f 1174/1203/1161 1173/1202/1160 1236/1204/1162
f 1174/1203/1161 1236/1204/1162 1237/1205/1163
f 1237/1205/1163 1236/1204/1162 1299/1206/1164
f 1237/1205/1163 1299/1206/1164 1300/1207/1165
f 1300/1207/1165 1299/1206/1164 26/1186/153
f 1300/1207/1165 26/1186/153 1301/1208/1166
f 1301/1208/1166 26/1186/153 1302/1209/1167
f 1301/1208/1166 1302/1209/1167 1239/1210/1168
f 1239/1210/1168 1302/1209/1167 1240/1211/1169
f 1239/1210/1168 1240/1211/1169 1177/1212/1170
f 1177/1212/1170 1240/1211/1169 1178/1213/1171
f 1177/1212/1170 1178/1213/1171 1115/1214/1172
f 1115/1214/1172 1178/1213/1171 1116/1215/1173
f 1115/1214/1172 1116/1215/1173 1053/1216/1174
f 1053/1216/1174 1116/1215/1173 1054/1217/1175
f 1053/1216/1174 1054/1217/1175 1/1197/3
f 1/1197/3 1054/1217/1175 1055/1218/1176
f 1/1197/3 1055/1218/1176 1056/1219/1177
f 1056/1219/1177 1055/1218/1176 1118/1220/1178
f 1056/1219/1177 1118/1220/1178 1119/1221/1179
f 1119/1221/1179 1118/1220/1178 1181/1222/1180
f 1119/1221/1179 1181/1222/1180 1182/1223/1181
f 1182/1223/1181 1181/1222/1180 1244/1224/1182
f 1182/1223/1181 1244/1224/1182 24/1225/1183
f 24/1225/1183 1244/1224/1182 25/1226/1184
f 25/1226/1184 1244/1224/1182 1306/1227/1185
f 25/1226/1184 1306/1227/1185 26/1186/153
f 26/1186/153 1306/1227/1185 1305/1228/1186
f 26/1186/153 1305/1228/1186 1304/1229/1187
f 1304/1229/1187 1305/1228/1186 1242/1230/1188
f 1304/1229/1187 1242/1230/1188 1241/1231/1189
f 1241/1231/1189 1242/1230/1188 1179/1232/1190
f 1241/1231/1189 1179/1232/1190 1178/1213/1171
f 1178/1213/1171 1179/1232/1190 1116/1215/1173
f 997/1070/1034 55/1069/1033 1059/1233/1191
f 1059/1233/1191 55/1069/1033 54/1234/1192
f 1059/1233/1191 54/1234/1192 1121/1235/1193
f 1121/1235/1193 54/1234/1192 53/1236/1194
f 1121/1235/1193 53/1236/1194 1183/1237/1195
f 1183/1237/1195 53/1236/1194 52/1238/1196
f 1183/1237/1195 52/1238/1196 1245/1239/1197
f 1245/1239/1197 52/1238/1196 51/1240/1198
f 1245/1239/1197 51/1240/1198 50/1082/162
f 26/1186/153 1291/1184/1144 141/1104/158
f 141/1104/158 1291/1184/1144 1290/1241/1199
f 141/1104/158 1290/1241/1199 1289/1242/1200
f 1289/1242/1200 1290/1241/1199 1227/1243/1201
f 1289/1242/1200 1227/1243/1201 1226/1244/1202
f 1226/1244/1202 1227/1243/1201 1164/1245/1203
f 1226/1244/1202 1164/1245/1203 1163/1246/1204
f 1163/1246/1204 1164/1245/1203 1101/1247/1205
f 1163/1246/1204 1101/1247/1205 1100/1173/1133
f 1100/1173/1133 1101/1247/1205 1038/1175/1135
f 24/1225/1183 23/1248/1206 1182/1223/1181
f 1182/1223/1181 23/1248/1206 1120/1249/1207
f 1182/1223/1181 1120/1249/1207 1119/1221/1179
f 1119/1221/1179 1120/1249/1207 1057/1250/1208
f 1119/1221/1179 1057/1250/1208 1056/1219/1177
f 1056/1219/1177 1057/1250/1208 1/1197/3
f 23/1248/1206 22/1251/1209 1120/1249/1207
f 1120/1249/1207 22/1251/1209 1058/1252/1210
f 1120/1249/1207 1058/1252/1210 1057/1250/1208
f 1057/1250/1208 1058/1252/1210 1/1197/3
f 22/1251/1209 21/1253/1211 1058/1252/1210
f 1058/1252/1210 21/1253/1211 1/1197/3
f 6/1115/4 1043/1254/1212 1/1197/3
f 1/1197/3 1043/1254/1212 1044/1255/1213
f 1/1197/3 1044/1255/1213 1045/1195/1154
f 1045/1195/1154 1044/1255/1213 1107/1193/1152
f 1013/1113/1074 6/1115/4 1012/1256/1214
f 1012/1256/1214 6/1115/4 5/1071/6
f 1012/1256/1214 5/1071/6 1011/1257/1215
f 1011/1257/1215 5/1071/6 1010/1258/1216
f 1011/1257/1215 1010/1258/1216 1073/1259/1217
f 1073/1259/1217 1010/1258/1216 1072/1260/1218
f 1073/1259/1217 1072/1260/1218 1135/1261/1219
f 1135/1261/1219 1072/1260/1218 1134/1262/1220
f 1135/1261/1219 1134/1262/1220 1197/1263/1221
f 1197/1263/1221 1134/1262/1220 1196/1100/1062
f 1197/1263/1221 1196/1100/1062 1259/1102/1064
f 998/1072/1035 997/1070/1034 1060/1264/1222
f 1060/1264/1222 997/1070/1034 1059/1233/1191
f 1060/1264/1222 1059/1233/1191 1122/1265/1223
f 1122/1265/1223 1059/1233/1191 1121/1235/1193
f 1122/1265/1223 1121/1235/1193 1184/1266/1224
f 1184/1266/1224 1121/1235/1193 1183/1237/1195
f 1184/1266/1224 1183/1237/1195 1246/1267/1225
f 1246/1267/1225 1183/1237/1195 1245/1239/1197
f 1246/1267/1225 1245/1239/1197 50/1082/162
f 999/1073/1036 1000/1268/1226 5/1071/6
f 5/1071/6 1000/1268/1226 1001/1269/1227
f 5/1071/6 1001/1269/1227 1002/1270/1228
f 1002/1270/1228 1001/1269/1227 1064/1271/1229
f 1002/1270/1228 1064/1271/1229 1065/1272/1230
f 1065/1272/1230 1064/1271/1229 1127/1273/1231
f 1065/1272/1230 1127/1273/1231 1128/1087/1049
f 1128/1087/1049 1127/1273/1231 1190/1085/1047
f 999/1073/1036 1062/1075/1038 1000/1268/1226
f 1000/1268/1226 1062/1075/1038 1063/1274/1232
f 1000/1268/1226 1063/1274/1232 1001/1269/1227
f 1001/1269/1227 1063/1274/1232 1064/1271/1229
f 1004/1091/1053 5/1071/6 1003/1275/1233
f 1003/1275/1233 5/1071/6 1002/1270/1228
f 1003/1275/1233 1002/1270/1228 1065/1272/1230
f 1066/1089/1051 1004/1091/1053 1003/1275/1233
f 1066/1089/1051 1003/1275/1233 1065/1272/1230
f 1006/1093/1055 1005/1092/1054 1068/1276/1234
f 1068/1276/1234 1005/1092/1054 1067/1090/1052
f 1068/1276/1234 1067/1090/1052 1130/1277/1235
f 1130/1277/1235 1067/1090/1052 1129/1088/1050
f 1130/1277/1235 1129/1088/1050 1192/1278/1236
f 1192/1278/1236 1129/1088/1050 1191/1086/1048
f 1192/1278/1236 1191/1086/1048 1254/1279/1237
f 1254/1279/1237 1191/1086/1048 1253/1084/1046
f 1254/1279/1237 1253/1084/1046 50/1082/162
f 1007/1094/1056 1008/1280/1238 5/1071/6
f 5/1071/6 1008/1280/1238 1009/1281/1239
f 5/1071/6 1009/1281/1239 1010/1258/1216
f 1010/1258/1216 1009/1281/1239 1072/1260/1218
f 1007/1094/1056 1070/1096/1058 1008/1280/1238
f 1008/1280/1238 1070/1096/1058 1071/1282/1240
f 1008/1280/1238 1071/1282/1240 1009/1281/1239
f 1009/1281/1239 1071/1282/1240 1072/1260/1218
f 1075/1111/1072 1013/1113/1074 1012/1256/1214
f 1012/1256/1214 1011/1257/1215 1074/1283/1241
f 1074/1283/1241 1011/1257/1215 1073/1259/1217
f 1074/1283/1241 1073/1259/1217 1136/1284/1242
f 1136/1284/1242 1073/1259/1217 1135/1261/1219
f 1136/1284/1242 1135/1261/1219 1198/1285/1243
f 1198/1285/1243 1135/1261/1219 1197/1263/1221
f 1198/1285/1243 1197/1263/1221 1260/1103/1065
f 1260/1103/1065 1197/1263/1221 1259/1102/1064
f 1015/1116/1076 1014/1114/1075 1077/1286/1244
f 1077/1286/1244 1014/1114/1075 1076/1112/1073
f 1077/1286/1244 1076/1112/1073 1139/1287/1245
f 1139/1287/1245 1076/1112/1073 1138/1110/1071
f 1139/1287/1245 1138/1110/1071 1201/1288/1246
f 1201/1288/1246 1138/1110/1071 1200/1108/1069
f 1201/1288/1246 1200/1108/1069 1263/1289/1247
f 1263/1289/1247 1200/1108/1069 1262/1106/1067
f 1263/1289/1247 1262/1106/1067 141/1104/158
f 1016/1117/1077 1017/1290/1248 6/1115/4
f 6/1115/4 1017/1290/1248 1018/1291/1249
f 6/1115/4 1018/1291/1249 1019/1292/1250
f 1019/1292/1250 1018/1291/1249 1081/1293/1251
f 1019/1292/1250 1081/1293/1251 1082/1294/1252
f 1082/1294/1252 1081/1293/1251 1144/1295/1253
f 1082/1294/1252 1144/1295/1253 1145/1130/1090
f 1145/1130/1090 1144/1295/1253 1207/1128/1088
f 1016/1117/1077 1079/1119/1079 1017/1290/1248
f 1017/1290/1248 1079/1119/1079 1080/1296/1254
f 1017/1290/1248 1080/1296/1254 1018/1291/1249
f 1018/1291/1249 1080/1296/1254 1081/1293/1251
f 1021/1134/1094 6/1115/4 1020/1297/1255
f 1020/1297/1255 6/1115/4 1019/1292/1250
f 1020/1297/1255 1019/1292/1250 1082/1294/1252
f 1083/1132/1092 1021/1134/1094 1020/1297/1255
f 1083/1132/1092 1020/1297/1255 1082/1294/1252
f 1023/1136/1096 1022/1135/1095 1085/1298/1256
f 1085/1298/1256 1022/1135/1095 1084/1133/1093
f 1085/1298/1256 1084/1133/1093 1147/1299/1257
f 1147/1299/1257 1084/1133/1093 1146/1131/1091
f 1147/1299/1257 1146/1131/1091 1209/1300/1258
f 1209/1300/1258 1146/1131/1091 1208/1129/1089
f 1209/1300/1258 1208/1129/1089 1271/1301/1259
f 1271/1301/1259 1208/1129/1089 1270/1127/1087
f 1271/1301/1259 1270/1127/1087 141/1104/158
f 1024/1137/1097 1025/1302/1260 6/1115/4
f 6/1115/4 1025/1302/1260 1026/1303/1261
f 6/1115/4 1026/1303/1261 1027/1304/1262
f 1027/1304/1262 1026/1303/1261 1089/1305/1263
f 1027/1304/1262 1089/1305/1263 1090/1306/1264
f 1090/1306/1264 1089/1305/1263 1152/1307/1265
f 1090/1306/1264 1152/1307/1265 1153/1150/1110
f 1153/1150/1110 1152/1307/1265 1215/1148/1108
f 1024/1137/1097 1087/1139/1099 1025/1302/1260
f 1025/1302/1260 1087/1139/1099 1088/1308/1266
f 1025/1302/1260 1088/1308/1266 1026/1303/1261
f 1026/1303/1261 1088/1308/1266 1089/1305/1263
f 1029/1154/1114 6/1115/4 1028/1309/1267
f 1028/1309/1267 6/1115/4 1027/1304/1262
f 1028/1309/1267 1027/1304/1262 1090/1306/1264
f 1091/1152/1112 1029/1154/1114 1028/1309/1267
f 1091/1152/1112 1028/1309/1267 1090/1306/1264
f 1031/1156/1116 1030/1155/1115 1093/1310/1268
f 1093/1310/1268 1030/1155/1115 1092/1153/1113
f 1093/1310/1268 1092/1153/1113 1155/1311/1269
f 1155/1311/1269 1092/1153/1113 1154/1151/1111
f 1155/1311/1269 1154/1151/1111 1217/1312/1270
f 1217/1312/1270 1154/1151/1111 1216/1149/1109
f 1217/1312/1270 1216/1149/1109 1279/1313/1271
f 1279/1313/1271 1216/1149/1109 1278/1147/1107
f 1279/1313/1271 1278/1147/1107 141/1104/158
f 1032/1157/1117 1033/1314/1272 6/1115/4
f 6/1115/4 1033/1314/1272 1034/1315/1273
f 6/1115/4 1034/1315/1273 1035/1316/1274
f 1035/1316/1274 1034/1315/1273 1097/1317/1275
f 1035/1316/1274 1097/1317/1275 1098/1318/1276
f 1098/1318/1276 1097/1317/1275 1160/1319/1277
f 1098/1318/1276 1160/1319/1277 1161/1170/1130
f 1161/1170/1130 1160/1319/1277 1223/1168/1128
f 1032/1157/1117 1095/1159/1119 1033/1314/1272
f 1033/1314/1272 1095/1159/1119 1096/1320/1278
f 1033/1314/1272 1096/1320/1278 1034/1315/1273
f 1034/1315/1273 1096/1320/1278 1097/1317/1275
f 1037/1174/1134 6/1115/4 1036/1321/1279
f 1036/1321/1279 6/1115/4 1035/1316/1274
f 1036/1321/1279 1035/1316/1274 1098/1318/1276
f 1099/1172/1132 1037/1174/1134 1036/1321/1279
f 1099/1172/1132 1036/1321/1279 1098/1318/1276
f 1102/1178/1138 1039/1176/1136 1101/1247/1205
f 1101/1247/1205 1039/1176/1136 1038/1175/1135
f 1040/1177/1137 1041/1322/1280 6/1115/4
f 6/1115/4 1041/1322/1280 1042/1323/1281
f 6/1115/4 1042/1323/1281 1043/1254/1212
f 1043/1254/1212 1042/1323/1281 1105/1324/1282
f 1043/1254/1212 1105/1324/1282 1106/1325/1283
f 1106/1325/1283 1105/1324/1282 1168/1326/1284
f 1106/1325/1283 1168/1326/1284 1169/1191/1150
f 1169/1191/1150 1168/1326/1284 1231/1189/1148
f 1040/1177/1137 1103/1179/1139 1041/1322/1280
f 1041/1322/1280 1103/1179/1139 1104/1327/1285
f 1041/1322/1280 1104/1327/1285 1042/1323/1281
f 1042/1323/1281 1104/1327/1285 1105/1324/1282
f 1107/1193/1152 1044/1255/1213 1106/1325/1283
f 1106/1325/1283 1044/1255/1213 1043/1254/1212
f 1047/1198/1156 1046/1196/1155 1109/1328/1286
f 1109/1328/1286 1046/1196/1155 1108/1194/1153
f 1109/1328/1286 1108/1194/1153 1171/1329/1287
f 1171/1329/1287 1108/1194/1153 1170/1192/1151
f 1171/1329/1287 1170/1192/1151 1233/1330/1288
f 1233/1330/1288 1170/1192/1151 1232/1190/1149
f 1233/1330/1288 1232/1190/1149 1295/1331/1289
f 1295/1331/1289 1232/1190/1149 1294/1188/1147
f 1295/1331/1289 1294/1188/1147 26/1186/153
f 1048/1199/1157 1049/1332/1290 1/1197/3
f 1/1197/3 1049/1332/1290 1050/1333/1291
f 1/1197/3 1050/1333/1291 1051/1334/1292
f 1051/1334/1292 1050/1333/1291 1113/1335/1293
f 1051/1334/1292 1113/1335/1293 1114/1336/1294
f 1114/1336/1294 1113/1335/1293 1176/1337/1295
f 1114/1336/1294 1176/1337/1295 1177/1212/1170
f 1177/1212/1170 1176/1337/1295 1239/1210/1168
f 1048/1199/1157 1111/1201/1159 1049/1332/1290
f 1049/1332/1290 1111/1201/1159 1112/1338/1296
f 1049/1332/1290 1112/1338/1296 1050/1333/1291
f 1050/1333/1291 1112/1338/1296 1113/1335/1293
f 1053/1216/1174 1/1197/3 1052/1339/1297
f 1052/1339/1297 1/1197/3 1051/1334/1292
f 1052/1339/1297 1051/1334/1292 1114/1336/1294
f 1115/1214/1172 1053/1216/1174 1052/1339/1297
f 1115/1214/1172 1052/1339/1297 1114/1336/1294
f 1055/1218/1176 1054/1217/1175 1117/1340/1298
f 1117/1340/1298 1054/1217/1175 1116/1215/1173
f 1117/1340/1298 1116/1215/1173 1179/1232/1190
f 998/1072/1035 1060/1264/1222 1061/1074/1037
f 1061/1074/1037 1060/1264/1222 1123/1341/1299
f 1061/1074/1037 1123/1341/1299 1124/1076/1039
f 1124/1076/1039 1123/1341/1299 1186/1342/1300
f 1124/1076/1039 1186/1342/1300 1187/1078/1041
f 1187/1078/1041 1186/1342/1300 1249/1343/1301
f 1187/1078/1041 1249/1343/1301 1250/1080/1043
f 1250/1080/1043 1249/1343/1301 50/1082/162
f 1123/1341/1299 1060/1264/1222 1122/1265/1223
f 1062/1075/1038 1125/1077/1040 1063/1274/1232
f 1063/1274/1232 1125/1077/1040 1126/1344/1302
f 1063/1274/1232 1126/1344/1302 1064/1271/1229
f 1064/1271/1229 1126/1344/1302 1127/1273/1231
f 1128/1087/1049 1066/1089/1051 1065/1272/1230
f 1006/1093/1055 1068/1276/1234 1069/1095/1057
f 1069/1095/1057 1068/1276/1234 1131/1345/1303
f 1069/1095/1057 1131/1345/1303 1132/1097/1059
f 1132/1097/1059 1131/1345/1303 1194/1346/1304
f 1132/1097/1059 1194/1346/1304 1195/1099/1061
f 1195/1099/1061 1194/1346/1304 1257/1347/1305
f 1195/1099/1061 1257/1347/1305 1258/1101/1063
f 1258/1101/1063 1257/1347/1305 50/1082/162
f 1131/1345/1303 1068/1276/1234 1130/1277/1235
f 1134/1262/1220 1072/1260/1218 1071/1282/1240
f 1134/1262/1220 1071/1282/1240 1133/1098/1060
f 1133/1098/1060 1071/1282/1240 1070/1096/1058
f 1137/1109/1070 1075/1111/1072 1074/1283/1241
f 1074/1283/1241 1075/1111/1072 1012/1256/1214
f 1137/1109/1070 1074/1283/1241 1136/1284/1242
f 1015/1116/1076 1077/1286/1244 1078/1118/1078
f 1078/1118/1078 1077/1286/1244 1140/1348/1306
f 1078/1118/1078 1140/1348/1306 1141/1120/1080
f 1141/1120/1080 1140/1348/1306 1203/1349/1307
f 1141/1120/1080 1203/1349/1307 1204/1122/1082
f 1204/1122/1082 1203/1349/1307 1266/1350/1308
f 1204/1122/1082 1266/1350/1308 1267/1124/1084
f 1267/1124/1084 1266/1350/1308 141/1104/158
f 1140/1348/1306 1077/1286/1244 1139/1287/1245
f 1079/1119/1079 1142/1121/1081 1080/1296/1254
f 1080/1296/1254 1142/1121/1081 1143/1351/1309
f 1080/1296/1254 1143/1351/1309 1081/1293/1251
f 1081/1293/1251 1143/1351/1309 1144/1295/1253
f 1145/1130/1090 1083/1132/1092 1082/1294/1252
f 1023/1136/1096 1085/1298/1256 1086/1138/1098
f 1086/1138/1098 1085/1298/1256 1148/1352/1310
f 1086/1138/1098 1148/1352/1310 1149/1140/1100
f 1149/1140/1100 1148/1352/1310 1211/1353/1311
f 1149/1140/1100 1211/1353/1311 1212/1142/1102
f 1212/1142/1102 1211/1353/1311 1274/1354/1312
f 1212/1142/1102 1274/1354/1312 1275/1144/1104
f 1275/1144/1104 1274/1354/1312 141/1104/158
f 1148/1352/1310 1085/1298/1256 1147/1299/1257
f 1087/1139/1099 1150/1141/1101 1088/1308/1266
f 1088/1308/1266 1150/1141/1101 1151/1355/1313
f 1088/1308/1266 1151/1355/1313 1089/1305/1263
f 1089/1305/1263 1151/1355/1313 1152/1307/1265
f 1153/1150/1110 1091/1152/1112 1090/1306/1264
f 1031/1156/1116 1093/1310/1268 1094/1158/1118
f 1094/1158/1118 1093/1310/1268 1156/1356/1314
f 1094/1158/1118 1156/1356/1314 1157/1160/1120
f 1157/1160/1120 1156/1356/1314 1219/1357/1315
f 1157/1160/1120 1219/1357/1315 1220/1162/1122
f 1220/1162/1122 1219/1357/1315 1282/1358/1316
f 1220/1162/1122 1282/1358/1316 1283/1164/1124
f 1283/1164/1124 1282/1358/1316 141/1104/158
f 1156/1356/1314 1093/1310/1268 1155/1311/1269
f 1095/1159/1119 1158/1161/1121 1096/1320/1278
f 1096/1320/1278 1158/1161/1121 1159/1359/1317
f 1096/1320/1278 1159/1359/1317 1097/1317/1275
f 1097/1317/1275 1159/1359/1317 1160/1319/1277
f 1161/1170/1130 1099/1172/1132 1098/1318/1276
f 1163/1246/1204 1100/1173/1133 1162/1171/1131
f 1165/1180/1140 1102/1178/1138 1164/1245/1203
f 1164/1245/1203 1102/1178/1138 1101/1247/1205
f 1103/1179/1139 1166/1181/1141 1104/1327/1285
f 1104/1327/1285 1166/1181/1141 1167/1360/1318
f 1104/1327/1285 1167/1360/1318 1105/1324/1282
f 1105/1324/1282 1167/1360/1318 1168/1326/1284
f 1169/1191/1150 1107/1193/1152 1106/1325/1283
f 1047/1198/1156 1109/1328/1286 1110/1200/1158
f 1110/1200/1158 1109/1328/1286 1172/1361/1319
f 1110/1200/1158 1172/1361/1319 1173/1202/1160
f 1173/1202/1160 1172/1361/1319 1235/1362/1320
f 1173/1202/1160 1235/1362/1320 1236/1204/1162
f 1236/1204/1162 1235/1362/1320 1298/1363/1321
f 1236/1204/1162 1298/1363/1321 1299/1206/1164
f 1299/1206/1164 1298/1363/1321 26/1186/153
f 1172/1361/1319 1109/1328/1286 1171/1329/1287
f 1111/1201/1159 1174/1203/1161 1112/1338/1296
f 1112/1338/1296 1174/1203/1161 1175/1364/1322
f 1112/1338/1296 1175/1364/1322 1113/1335/1293
f 1113/1335/1293 1175/1364/1322 1176/1337/1295
f 1177/1212/1170 1115/1214/1172 1114/1336/1294
f 1055/1218/1176 1117/1340/1298 1118/1220/1178
f 1118/1220/1178 1117/1340/1298 1180/1365/1323
f 1118/1220/1178 1180/1365/1323 1181/1222/1180
f 1181/1222/1180 1180/1365/1323 1243/1366/1324
f 1181/1222/1180 1243/1366/1324 1244/1224/1182
f 1244/1224/1182 1243/1366/1324 1306/1227/1185
f 1180/1365/1323 1117/1340/1298 1179/1232/1190
f 1123/1341/1299 1122/1265/1223 1185/1367/1325
f 1185/1367/1325 1122/1265/1223 1184/1266/1224
f 1185/1367/1325 1184/1266/1224 1247/1368/1326
f 1247/1368/1326 1184/1266/1224 1246/1267/1225
f 1247/1368/1326 1246/1267/1225 50/1082/162
f 1125/1077/1040 1188/1079/1042 1126/1344/1302
f 1126/1344/1302 1188/1079/1042 1189/1369/1327
f 1126/1344/1302 1189/1369/1327 1127/1273/1231
f 1127/1273/1231 1189/1369/1327 1190/1085/1047
f 1131/1345/1303 1130/1277/1235 1193/1370/1328
f 1193/1370/1328 1130/1277/1235 1192/1278/1236
f 1193/1370/1328 1192/1278/1236 1255/1371/1329
f 1255/1371/1329 1192/1278/1236 1254/1279/1237
f 1255/1371/1329 1254/1279/1237 50/1082/162
f 1196/1100/1062 1134/1262/1220 1133/1098/1060
f 1199/1107/1068 1137/1109/1070 1136/1284/1242
f 1199/1107/1068 1136/1284/1242 1198/1285/1243
f 1140/1348/1306 1139/1287/1245 1202/1372/1330
f 1202/1372/1330 1139/1287/1245 1201/1288/1246
f 1202/1372/1330 1201/1288/1246 1264/1373/1331
f 1264/1373/1331 1201/1288/1246 1263/1289/1247
f 1264/1373/1331 1263/1289/1247 141/1104/158
f 1142/1121/1081 1205/1123/1083 1143/1351/1309
f 1143/1351/1309 1205/1123/1083 1206/1374/1332
f 1143/1351/1309 1206/1374/1332 1144/1295/1253
f 1144/1295/1253 1206/1374/1332 1207/1128/1088
f 1148/1352/1310 1147/1299/1257 1210/1375/1333
f 1210/1375/1333 1147/1299/1257 1209/1300/1258
f 1210/1375/1333 1209/1300/1258 1272/1376/1334
f 1272/1376/1334 1209/1300/1258 1271/1301/1259
f 1272/1376/1334 1271/1301/1259 141/1104/158
f 1150/1141/1101 1213/1143/1103 1151/1355/1313
f 1151/1355/1313 1213/1143/1103 1214/1377/1335
f 1151/1355/1313 1214/1377/1335 1152/1307/1265
f 1152/1307/1265 1214/1377/1335 1215/1148/1108
f 1156/1356/1314 1155/1311/1269 1218/1378/1336
f 1218/1378/1336 1155/1311/1269 1217/1312/1270
f 1218/1378/1336 1217/1312/1270 1280/1379/1337
f 1280/1379/1337 1217/1312/1270 1279/1313/1271
f 1280/1379/1337 1279/1313/1271 141/1104/158
f 1158/1161/1121 1221/1163/1123 1159/1359/1317
f 1159/1359/1317 1221/1163/1123 1222/1380/1338
f 1159/1359/1317 1222/1380/1338 1160/1319/1277
f 1160/1319/1277 1222/1380/1338 1223/1168/1128
f 1163/1246/1204 1162/1171/1131 1225/1381/1339
f 1225/1381/1339 1162/1171/1131 1224/1169/1129
f 1225/1381/1339 1224/1169/1129 1287/1382/1340
f 1287/1382/1340 1224/1169/1129 1286/1167/1127
f 1287/1382/1340 1286/1167/1127 141/1104/158
f 1228/1182/1142 1165/1180/1140 1227/1243/1201
f 1227/1243/1201 1165/1180/1140 1164/1245/1203
f 1166/1181/1141 1229/1183/1143 1167/1360/1318
f 1167/1360/1318 1229/1183/1143 1230/1383/1341
f 1167/1360/1318 1230/1383/1341 1168/1326/1284
f 1168/1326/1284 1230/1383/1341 1231/1189/1148
f 1172/1361/1319 1171/1329/1287 1234/1384/1342
f 1234/1384/1342 1171/1329/1287 1233/1330/1288
f 1234/1384/1342 1233/1330/1288 1296/1385/1343
f 1296/1385/1343 1233/1330/1288 1295/1331/1289
f 1296/1385/1343 1295/1331/1289 26/1186/153
f 1174/1203/1161 1237/1205/1163 1175/1364/1322
f 1175/1364/1322 1237/1205/1163 1238/1386/1344
f 1175/1364/1322 1238/1386/1344 1176/1337/1295
f 1176/1337/1295 1238/1386/1344 1239/1210/1168
f 1241/1231/1189 1178/1213/1171 1240/1211/1169
f 1243/1366/1324 1180/1365/1323 1242/1230/1188
f 1242/1230/1188 1180/1365/1323 1179/1232/1190
f 1123/1341/1299 1185/1367/1325 1186/1342/1300
f 1186/1342/1300 1185/1367/1325 1248/1387/1345
f 1186/1342/1300 1248/1387/1345 1249/1343/1301
f 1249/1343/1301 1248/1387/1345 50/1082/162
f 1248/1387/1345 1185/1367/1325 1247/1368/1326
f 1252/1083/1045 1190/1085/1047 1189/1369/1327
f 1252/1083/1045 1189/1369/1327 1251/1081/1044
f 1251/1081/1044 1189/1369/1327 1188/1079/1042
f 1131/1345/1303 1193/1370/1328 1194/1346/1304
f 1194/1346/1304 1193/1370/1328 1256/1388/1346
f 1194/1346/1304 1256/1388/1346 1257/1347/1305
f 1257/1347/1305 1256/1388/1346 50/1082/162
f 1256/1388/1346 1193/1370/1328 1255/1371/1329
f 1261/1105/1066 1199/1107/1068 1198/1285/1243
f 1261/1105/1066 1198/1285/1243 1260/1103/1065
f 1140/1348/1306 1202/1372/1330 1203/1349/1307
f 1203/1349/1307 1202/1372/1330 1265/1389/1347
f 1203/1349/1307 1265/1389/1347 1266/1350/1308
f 1266/1350/1308 1265/1389/1347 141/1104/158
f 1265/1389/1347 1202/1372/1330 1264/1373/1331
f 1269/1126/1086 1207/1128/1088 1206/1374/1332
f 1269/1126/1086 1206/1374/1332 1268/1125/1085
f 1268/1125/1085 1206/1374/1332 1205/1123/1083
f 1148/1352/1310 1210/1375/1333 1211/1353/1311
f 1211/1353/1311 1210/1375/1333 1273/1390/1348
f 1211/1353/1311 1273/1390/1348 1274/1354/1312
f 1274/1354/1312 1273/1390/1348 141/1104/158
f 1273/1390/1348 1210/1375/1333 1272/1376/1334
f 1277/1146/1106 1215/1148/1108 1214/1377/1335
f 1277/1146/1106 1214/1377/1335 1276/1145/1105
f 1276/1145/1105 1214/1377/1335 1213/1143/1103
f 1156/1356/1314 1218/1378/1336 1219/1357/1315
f 1219/1357/1315 1218/1378/1336 1281/1391/1349
f 1219/1357/1315 1281/1391/1349 1282/1358/1316
f 1282/1358/1316 1281/1391/1349 141/1104/158
f 1281/1391/1349 1218/1378/1336 1280/1379/1337
f 1285/1166/1126 1223/1168/1128 1222/1380/1338
f 1285/1166/1126 1222/1380/1338 1284/1165/1125
f 1284/1165/1125 1222/1380/1338 1221/1163/1123
f 1163/1246/1204 1225/1381/1339 1226/1244/1202
f 1226/1244/1202 1225/1381/1339 1288/1392/1350
f 1226/1244/1202 1288/1392/1350 1289/1242/1200
f 1289/1242/1200 1288/1392/1350 141/1104/158
f 1288/1392/1350 1225/1381/1339 1287/1382/1340
f 1291/1184/1144 1228/1182/1142 1290/1241/1199
f 1290/1241/1199 1228/1182/1142 1227/1243/1201
f 1293/1187/1146 1231/1189/1148 1230/1383/1341
f 1293/1187/1146 1230/1383/1341 1292/1185/1145
f 1292/1185/1145 1230/1383/1341 1229/1183/1143
f 1172/1361/1319 1234/1384/1342 1235/1362/1320
f 1235/1362/1320 1234/1384/1342 1297/1393/1351
f 1235/1362/1320 1297/1393/1351 1298/1363/1321
f 1298/1363/1321 1297/1393/1351 26/1186/153
f 1297/1393/1351 1234/1384/1342 1296/1385/1343
f 1301/1208/1166 1239/1210/1168 1238/1386/1344
f 1301/1208/1166 1238/1386/1344 1300/1207/1165
f 1300/1207/1165 1238/1386/1344 1237/1205/1163
f 1241/1231/1189 1240/1211/1169 1303/1394/1352
f 1303/1394/1352 1240/1211/1169 1302/1209/1167
f 1303/1394/1352 1302/1209/1167 26/1186/153
f 1306/1227/1185 1243/1366/1324 1305/1228/1186
f 1305/1228/1186 1243/1366/1324 1242/1230/1188
f 50/1082/162 1248/1387/1345 1247/1368/1326
f 50/1082/162 1256/1388/1346 1255/1371/1329
f 141/1104/158 1265/1389/1347 1264/1373/1331
f 141/1104/158 1273/1390/1348 1272/1376/1334
f 141/1104/158 1281/1391/1349 1280/1379/1337
f 141/1104/158 1288/1392/1350 1287/1382/1340
f 26/1186/153 1297/1393/1351 1296/1385/1343
f 26/1186/153 1304/1229/1187 1303/1394/1352
f 1303/1394/1352 1304/1229/1187 1241/1231/1189
f 32/1395/1353 1307/1396/1354 7/1397/40
f 7/1397/40 1307/1396/1354 1308/1398/1355
f 7/1397/40 1308/1398/1355 1309/1399/1356
f 1309/1399/1356 1308/1398/1355 1371/1400/1357
f 1309/1399/1356 1371/1400/1357 1372/1401/1358
f 1372/1401/1358 1371/1400/1357 1434/1402/1359
f 1372/1401/1358 1434/1402/1359 1435/1403/1360
f 1435/1403/1360 1434/1402/1359 1497/1404/1361
f 1435/1403/1360 1497/1404/1361 1498/1405/1362
f 1498/1405/1362 1497/1404/1361 1560/1406/1363
f 1498/1405/1362 1560/1406/1363 1561/1407/1364
f 1561/1407/1364 1560/1406/1363 27/1408/155
f 1561/1407/1364 27/1408/155 1562/1409/1365
f 1562/1409/1365 27/1408/155 1563/1410/1366
f 1562/1409/1365 1563/1410/1366 1500/1411/1367
f 1500/1411/1367 1563/1410/1366 1501/1412/1368
f 1500/1411/1367 1501/1412/1368 1438/1413/1369
f 1438/1413/1369 1501/1412/1368 1439/1414/1370
f 1438/1413/1369 1439/1414/1370 1376/1415/1371
f 1376/1415/1371 1439/1414/1370 1377/1416/1372
f 1376/1415/1371 1377/1416/1372 1314/1417/1373
f 1314/1417/1373 1377/1416/1372 1315/1418/1374
f 1314/1417/1373 1315/1418/1374 7/1397/40
f 7/1397/40 1315/1418/1374 1316/1419/1375
f 7/1397/40 1316/1419/1375 1317/1420/1376
f 1317/1420/1376 1316/1419/1375 1379/1421/1377
f 1317/1420/1376 1379/1421/1377 1380/1422/1378
f 1380/1422/1378 1379/1421/1377 1442/1423/1379
f 1380/1422/1378 1442/1423/1379 1443/1424/1380
f 1443/1424/1380 1442/1423/1379 1505/1425/1381
f 1443/1424/1380 1505/1425/1381 1506/1426/1382
f 1506/1426/1382 1505/1425/1381 1568/1427/1383
f 1506/1426/1382 1568/1427/1383 1569/1428/1384
f 1569/1428/1384 1568/1427/1383 27/1408/155
f 1569/1428/1384 27/1408/155 1570/1429/1385
f 1570/1429/1385 27/1408/155 142/1430/181
f 1570/1429/1385 142/1430/181 1571/1431/1386
f 1571/1431/1386 142/1430/181 1572/1432/1387
f 1571/1431/1386 1572/1432/1387 1509/1433/1388
f 1509/1433/1388 1572/1432/1387 1510/1434/1389
f 1509/1433/1388 1510/1434/1389 1447/1435/1390
f 1447/1435/1390 1510/1434/1389 1448/1436/1391
f 1447/1435/1390 1448/1436/1391 1385/1437/1392
f 1385/1437/1392 1448/1436/1391 1386/1438/1393
f 1385/1437/1392 1386/1438/1393 1323/1439/1394
f 1323/1439/1394 1386/1438/1393 1324/1440/1395
f 1323/1439/1394 1324/1440/1395 36/1441/38
f 36/1441/38 1324/1440/1395 1325/1442/1396
f 36/1441/38 1325/1442/1396 1326/1443/1397
f 1326/1443/1397 1325/1442/1396 1388/1444/1398
f 1326/1443/1397 1388/1444/1398 1389/1445/1399
f 1389/1445/1399 1388/1444/1398 1451/1446/1400
f 1389/1445/1399 1451/1446/1400 1452/1447/1401
f 1452/1447/1401 1451/1446/1400 1514/1448/1402
f 1452/1447/1401 1514/1448/1402 1515/1449/1403
f 1515/1449/1403 1514/1448/1402 1577/1450/1404
f 1515/1449/1403 1577/1450/1404 1578/1451/1405
f 1578/1451/1405 1577/1450/1404 142/1430/181
f 1578/1451/1405 142/1430/181 1579/1452/1406
f 1579/1452/1406 142/1430/181 1580/1453/1407
f 1579/1452/1406 1580/1453/1407 1517/1454/1408
f 1517/1454/1408 1580/1453/1407 1518/1455/1409
f 1517/1454/1408 1518/1455/1409 1455/1456/1410
f 1455/1456/1410 1518/1455/1409 1456/1457/1411
f 1455/1456/1410 1456/1457/1411 1393/1458/1412
f 1393/1458/1412 1456/1457/1411 1394/1459/1413
f 1393/1458/1412 1394/1459/1413 1331/1460/1414
f 1331/1460/1414 1394/1459/1413 1332/1461/1415
f 1331/1460/1414 1332/1461/1415 36/1441/38
f 36/1441/38 1332/1461/1415 1333/1462/1416
f 36/1441/38 1333/1462/1416 1334/1463/1417
f 1334/1463/1417 1333/1462/1416 1396/1464/1418
f 1334/1463/1417 1396/1464/1418 1397/1465/1419
f 1397/1465/1419 1396/1464/1418 1459/1466/1420
f 1397/1465/1419 1459/1466/1420 1460/1467/1421
f 1460/1467/1421 1459/1466/1420 1522/1468/1422
f 1460/1467/1421 1522/1468/1422 1523/1469/1423
f 1523/1469/1423 1522/1468/1422 1585/1470/1424
f 1523/1469/1423 1585/1470/1424 1586/1471/1425
f 1586/1471/1425 1585/1470/1424 142/1430/181
f 1586/1471/1425 142/1430/181 1587/1472/1426
f 1587/1472/1426 142/1430/181 1588/1473/1427
f 1587/1472/1426 1588/1473/1427 1525/1474/1428
f 1525/1474/1428 1588/1473/1427 1526/1475/1429
f 1525/1474/1428 1526/1475/1429 1463/1476/1430
f 1463/1476/1430 1526/1475/1429 1464/1477/1431
f 1463/1476/1430 1464/1477/1431 1401/1478/1432
f 1401/1478/1432 1464/1477/1431 1402/1479/1433
f 1401/1478/1432 1402/1479/1433 1339/1480/1434
f 1339/1480/1434 1402/1479/1433 1340/1481/1435
f 1339/1480/1434 1340/1481/1435 36/1441/38
f 36/1441/38 1340/1481/1435 1341/1482/1436
f 36/1441/38 1341/1482/1436 1342/1483/1437
f 1342/1483/1437 1341/1482/1436 1404/1484/1438
f 1342/1483/1437 1404/1484/1438 1405/1485/1439
f 1405/1485/1439 1404/1484/1438 1467/1486/1440
f 1405/1485/1439 1467/1486/1440 1468/1487/1441
f 1468/1487/1441 1467/1486/1440 1530/1488/1442
f 1468/1487/1441 1530/1488/1442 1531/1489/1443
f 1531/1489/1443 1530/1488/1442 1593/1490/1444
f 1531/1489/1443 1593/1490/1444 1594/1491/1445
f 1594/1491/1445 1593/1490/1444 142/1430/181
f 1594/1491/1445 142/1430/181 1595/1492/1446
f 1595/1492/1446 142/1430/181 1596/1493/1447
f 1595/1492/1446 1596/1493/1447 1533/1494/1448
f 1533/1494/1448 1596/1493/1447 1534/1495/1449
f 1533/1494/1448 1534/1495/1449 1471/1496/1450
f 1471/1496/1450 1534/1495/1449 1472/1497/1451
f 1471/1496/1450 1472/1497/1451 1409/1498/1452
f 1409/1498/1452 1472/1497/1451 1410/1499/1453
f 1409/1498/1452 1410/1499/1453 1347/1500/1454
f 1347/1500/1454 1410/1499/1453 1348/1501/1455
f 1347/1500/1454 1348/1501/1455 36/1441/38
f 36/1441/38 1348/1501/1455 1349/1502/1456
f 36/1441/38 1349/1502/1456 1350/1503/1457
f 1350/1503/1457 1349/1502/1456 1412/1504/1458
f 1350/1503/1457 1412/1504/1458 1413/1505/1459
f 1413/1505/1459 1412/1504/1458 1475/1506/1460
f 1413/1505/1459 1475/1506/1460 1476/1507/1461
f 1476/1507/1461 1475/1506/1460 1538/1508/1462
f 1476/1507/1461 1538/1508/1462 1539/1509/1463
f 1539/1509/1463 1538/1508/1462 1601/1510/1464
f 1539/1509/1463 1601/1510/1464 1602/1511/1465
f 1602/1511/1465 1601/1510/1464 49/1512/177
f 1602/1511/1465 49/1512/177 1603/1513/1466
f 1603/1513/1466 49/1512/177 1604/1514/1467
f 1603/1513/1466 1604/1514/1467 1541/1515/1468
f 1541/1515/1468 1604/1514/1467 1542/1516/1469
f 1541/1515/1468 1542/1516/1469 1479/1517/1470
f 1479/1517/1470 1542/1516/1469 1480/1518/1471
f 1479/1517/1470 1480/1518/1471 1417/1519/1472
f 1417/1519/1472 1480/1518/1471 1418/1520/1473
f 1417/1519/1472 1418/1520/1473 1355/1521/1474
f 1355/1521/1474 1418/1520/1473 1356/1522/1475
f 1355/1521/1474 1356/1522/1475 33/1523/37
f 33/1523/37 1356/1522/1475 1357/1524/1476
f 33/1523/37 1357/1524/1476 1358/1525/1477
f 1358/1525/1477 1357/1524/1476 1420/1526/1478
f 1358/1525/1477 1420/1526/1478 1421/1527/1479
f 1421/1527/1479 1420/1526/1478 1483/1528/1480
f 1421/1527/1479 1483/1528/1480 1484/1529/1481
f 1484/1529/1481 1483/1528/1480 1546/1530/1482
f 1484/1529/1481 1546/1530/1482 1547/1531/1483
f 1547/1531/1483 1546/1530/1482 1609/1532/1484
f 1547/1531/1483 1609/1532/1484 1610/1533/1485
f 1610/1533/1485 1609/1532/1484 49/1512/177
f 1610/1533/1485 49/1512/177 1611/1534/1486
f 1611/1534/1486 49/1512/177 1612/1535/1487
f 1611/1534/1486 1612/1535/1487 1549/1536/1488
f 1549/1536/1488 1612/1535/1487 1550/1537/1489
f 1549/1536/1488 1550/1537/1489 1487/1538/1490
f 1487/1538/1490 1550/1537/1489 1488/1539/1491
f 1487/1538/1490 1488/1539/1491 1425/1540/1492
f 1425/1540/1492 1488/1539/1491 1426/1541/1493
f 1425/1540/1492 1426/1541/1493 1363/1542/1494
f 1363/1542/1494 1426/1541/1493 1364/1543/1495
f 1363/1542/1494 1364/1543/1495 33/1523/37
f 33/1523/37 1364/1543/1495 1365/1544/1496
f 33/1523/37 1365/1544/1496 1366/1545/1497
f 1366/1545/1497 1365/1544/1496 1428/1546/1498
f 1366/1545/1497 1428/1546/1498 1429/1547/1499
f 1429/1547/1499 1428/1546/1498 1491/1548/1500
f 1429/1547/1499 1491/1548/1500 1492/1549/1501
f 1492/1549/1501 1491/1548/1500 1554/1550/1502
f 1492/1549/1501 1554/1550/1502 47/1551/1503
f 47/1551/1503 1554/1550/1502 48/1552/1504
f 48/1552/1504 1554/1550/1502 1616/1553/1505
f 48/1552/1504 1616/1553/1505 49/1512/177
f 49/1512/177 1616/1553/1505 1615/1554/1506
f 49/1512/177 1615/1554/1506 1614/1555/1507
f 1614/1555/1507 1615/1554/1506 1552/1556/1508
f 1614/1555/1507 1552/1556/1508 1551/1557/1509
f 1551/1557/1509 1552/1556/1508 1489/1558/1510
f 1551/1557/1509 1489/1558/1510 1488/1539/1491
f 1488/1539/1491 1489/1558/1510 1426/1541/1493
f 1307/1396/1354 32/1395/1353 1369/1559/1511
f 1369/1559/1511 32/1395/1353 31/1560/1512
f 1369/1559/1511 31/1560/1512 1431/1561/1513
f 1431/1561/1513 31/1560/1512 30/1562/1514
f 1431/1561/1513 30/1562/1514 1493/1563/1515
f 1493/1563/1515 30/1562/1514 29/1564/1516
f 1493/1563/1515 29/1564/1516 1555/1565/1517
f 1555/1565/1517 29/1564/1516 28/1566/1518
f 1555/1565/1517 28/1566/1518 27/1408/155
f 49/1512/177 1601/1510/1464 142/1430/181
f 142/1430/181 1601/1510/1464 1600/1567/1519
f 142/1430/181 1600/1567/1519 1599/1568/1520
f 1599/1568/1520 1600/1567/1519 1537/1569/1521
f 1599/1568/1520 1537/1569/1521 1536/1570/1522
f 1536/1570/1522 1537/1569/1521 1474/1571/1523
f 1536/1570/1522 1474/1571/1523 1473/1572/1524
f 1473/1572/1524 1474/1571/1523 1411/1573/1525
f 1473/1572/1524 1411/1573/1525 1410/1499/1453
f 1410/1499/1453 1411/1573/1525 1348/1501/1455
f 47/1551/1503 46/1574/1526 1492/1549/1501
f 1492/1549/1501 46/1574/1526 1430/1575/1527
f 1492/1549/1501 1430/1575/1527 1429/1547/1499
f 1429/1547/1499 1430/1575/1527 1367/1576/1528
f 1429/1547/1499 1367/1576/1528 1366/1545/1497
f 1366/1545/1497 1367/1576/1528 33/1523/37
f 46/1574/1526 45/1577/1529 1430/1575/1527
f 1430/1575/1527 45/1577/1529 1368/1578/1530
f 1430/1575/1527 1368/1578/1530 1367/1576/1528
f 1367/1576/1528 1368/1578/1530 33/1523/37
f 45/1577/1529 44/1579/1531 1368/1578/1530
f 1368/1578/1530 44/1579/1531 33/1523/37
f 36/1441/38 1353/1580/1532 33/1523/37
f 33/1523/37 1353/1580/1532 1354/1581/1533
f 33/1523/37 1354/1581/1533 1355/1521/1474
f 1355/1521/1474 1354/1581/1533 1417/1519/1472
f 1323/1439/1394 36/1441/38 1322/1582/1534
f 1322/1582/1534 36/1441/38 7/1397/40
f 1322/1582/1534 7/1397/40 1321/1583/1535
f 1321/1583/1535 7/1397/40 1320/1584/1536
f 1321/1583/1535 1320/1584/1536 1383/1585/1537
f 1383/1585/1537 1320/1584/1536 1382/1586/1538
f 1383/1585/1537 1382/1586/1538 1445/1587/1539
f 1445/1587/1539 1382/1586/1538 1444/1588/1540
f 1445/1587/1539 1444/1588/1540 1507/1589/1541
f 1507/1589/1541 1444/1588/1540 1506/1426/1382
f 1507/1589/1541 1506/1426/1382 1569/1428/1384
f 1308/1398/1355 1307/1396/1354 1370/1590/1542
f 1370/1590/1542 1307/1396/1354 1369/1559/1511
f 1370/1590/1542 1369/1559/1511 1432/1591/1543
f 1432/1591/1543 1369/1559/1511 1431/1561/1513
f 1432/1591/1543 1431/1561/1513 1494/1592/1544
f 1494/1592/1544 1431/1561/1513 1493/1563/1515
f 1494/1592/1544 1493/1563/1515 1556/1593/1545
f 1556/1593/1545 1493/1563/1515 1555/1565/1517
f 1556/1593/1545 1555/1565/1517 27/1408/155
f 1309/1399/1356 1310/1594/1546 7/1397/40
f 7/1397/40 1310/1594/1546 1311/1595/1547
f 7/1397/40 1311/1595/1547 1312/1596/1548
f 1312/1596/1548 1311/1595/1547 1374/1597/1549
f 1312/1596/1548 1374/1597/1549 1375/1598/1550
f 1375/1598/1550 1374/1597/1549 1437/1599/1551
f 1375/1598/1550 1437/1599/1551 1438/1413/1369
f 1438/1413/1369 1437/1599/1551 1500/1411/1367
f 1309/1399/1356 1372/1401/1358 1310/1594/1546
f 1310/1594/1546 1372/1401/1358 1373/1600/1552
f 1310/1594/1546 1373/1600/1552 1311/1595/1547
f 1311/1595/1547 1373/1600/1552 1374/1597/1549
f 1314/1417/1373 7/1397/40 1313/1601/1553
f 1313/1601/1553 7/1397/40 1312/1596/1548
f 1313/1601/1553 1312/1596/1548 1375/1598/1550
f 1376/1415/1371 1314/1417/1373 1313/1601/1553
f 1376/1415/1371 1313/1601/1553 1375/1598/1550
f 1316/1419/1375 1315/1418/1374 1378/1602/1554
f 1378/1602/1554 1315/1418/1374 1377/1416/1372
f 1378/1602/1554 1377/1416/1372 1440/1603/1555
f 1440/1603/1555 1377/1416/1372 1439/1414/1370
f 1440/1603/1555 1439/1414/1370 1502/1604/1556
f 1502/1604/1556 1439/1414/1370 1501/1412/1368
f 1502/1604/1556 1501/1412/1368 1564/1605/1557
f 1564/1605/1557 1501/1412/1368 1563/1410/1366
f 1564/1605/1557 1563/1410/1366 27/1408/155
f 1317/1420/1376 1318/1606/1558 7/1397/40
f 7/1397/40 1318/1606/1558 1319/1607/1559
f 7/1397/40 1319/1607/1559 1320/1584/1536
f 1320/1584/1536 1319/1607/1559 1382/1586/1538
f 1317/1420/1376 1380/1422/1378 1318/1606/1558
f 1318/1606/1558 1380/1422/1378 1381/1608/1560
f 1318/1606/1558 1381/1608/1560 1319/1607/1559
f 1319/1607/1559 1381/1608/1560 1382/1586/1538
f 1385/1437/1392 1323/1439/1394 1322/1582/1534
f 1322/1582/1534 1321/1583/1535 1384/1609/1561
f 1384/1609/1561 1321/1583/1535 1383/1585/1537
f 1384/1609/1561 1383/1585/1537 1446/1610/1562
f 1446/1610/1562 1383/1585/1537 1445/1587/1539
f 1446/1610/1562 1445/1587/1539 1508/1611/1563
f 1508/1611/1563 1445/1587/1539 1507/1589/1541
f 1508/1611/1563 1507/1589/1541 1570/1429/1385
f 1570/1429/1385 1507/1589/1541 1569/1428/1384
f 1325/1442/1396 1324/1440/1395 1387/1612/1564
f 1387/1612/1564 1324/1440/1395 1386/1438/1393
f 1387/1612/1564 1386/1438/1393 1449/1613/1565
f 1449/1613/1565 1386/1438/1393 1448/1436/1391
f 1449/1613/1565 1448/1436/1391 1511/1614/1566
f 1511/1614/1566 1448/1436/1391 1510/1434/1389
f 1511/1614/1566 1510/1434/1389 1573/1615/1567
f 1573/1615/1567 1510/1434/1389 1572/1432/1387
f 1573/1615/1567 1572/1432/1387 142/1430/181
f 1326/1443/1397 1327/1616/1568 36/1441/38
f 36/1441/38 1327/1616/1568 1328/1617/1569
f 36/1441/38 1328/1617/1569 1329/1618/1570
f 1329/1618/1570 1328/1617/1569 1391/1619/1571
f 1329/1618/1570 1391/1619/1571 1392/1620/1572
f 1392/1620/1572 1391/1619/1571 1454/1621/1573
f 1392/1620/1572 1454/1621/1573 1455/1456/1410
f 1455/1456/1410 1454/1621/1573 1517/1454/1408
f 1326/1443/1397 1389/1445/1399 1327/1616/1568
f 1327/1616/1568 1389/1445/1399 1390/1622/1574
f 1327/1616/1568 1390/1622/1574 1328/1617/1569
f 1328/1617/1569 1390/1622/1574 1391/1619/1571
f 1331/1460/1414 36/1441/38 1330/1623/1575
f 1330/1623/1575 36/1441/38 1329/1618/1570
f 1330/1623/1575 1329/1618/1570 1392/1620/1572
f 1393/1458/1412 1331/1460/1414 1330/1623/1575
f 1393/1458/1412 1330/1623/1575 1392/1620/1572
f 1333/1462/1416 1332/1461/1415 1395/1624/1576
f 1395/1624/1576 1332/1461/1415 1394/1459/1413
f 1395/1624/1576 1394/1459/1413 1457/1625/1577
f 1457/1625/1577 1394/1459/1413 1456/1457/1411
f 1457/1625/1577 1456/1457/1411 1519/1626/1578
f 1519/1626/1578 1456/1457/1411 1518/1455/1409
f 1519/1626/1578 1518/1455/1409 1581/1627/1579
f 1581/1627/1579 1518/1455/1409 1580/1453/1407
f 1581/1627/1579 1580/1453/1407 142/1430/181
f 1334/1463/1417 1335/1628/1580 36/1441/38
f 36/1441/38 1335/1628/1580 1336/1629/1581
f 36/1441/38 1336/1629/1581 1337/1630/1582
f 1337/1630/1582 1336/1629/1581 1399/1631/1583
f 1337/1630/1582 1399/1631/1583 1400/1632/1584
f 1400/1632/1584 1399/1631/1583 1462/1633/1585
f 1400/1632/1584 1462/1633/1585 1463/1476/1430
f 1463/1476/1430 1462/1633/1585 1525/1474/1428
f 1334/1463/1417 1397/1465/1419 1335/1628/1580
f 1335/1628/1580 1397/1465/1419 1398/1634/1586
f 1335/1628/1580 1398/1634/1586 1336/1629/1581
f 1336/1629/1581 1398/1634/1586 1399/1631/1583
f 1339/1480/1434 36/1441/38 1338/1635/1587
f 1338/1635/1587 36/1441/38 1337/1630/1582
f 1338/1635/1587 1337/1630/1582 1400/1632/1584
f 1401/1478/1432 1339/1480/1434 1338/1635/1587
f 1401/1478/1432 1338/1635/1587 1400/1632/1584
f 1341/1482/1436 1340/1481/1435 1403/1636/1588
f 1403/1636/1588 1340/1481/1435 1402/1479/1433
f 1403/1636/1588 1402/1479/1433 1465/1637/1589
f 1465/1637/1589 1402/1479/1433 1464/1477/1431
f 1465/1637/1589 1464/1477/1431 1527/1638/1590
f 1527/1638/1590 1464/1477/1431 1526/1475/1429
f 1527/1638/1590 1526/1475/1429 1589/1639/1591
f 1589/1639/1591 1526/1475/1429 1588/1473/1427
f 1589/1639/1591 1588/1473/1427 142/1430/181
f 1342/1483/1437 1343/1640/1592 36/1441/38
f 36/1441/38 1343/1640/1592 1344/1641/1593
f 36/1441/38 1344/1641/1593 1345/1642/1594
f 1345/1642/1594 1344/1641/1593 1407/1643/1595
f 1345/1642/1594 1407/1643/1595 1408/1644/1596
f 1408/1644/1596 1407/1643/1595 1470/1645/1597
f 1408/1644/1596 1470/1645/1597 1471/1496/1450
f 1471/1496/1450 1470/1645/1597 1533/1494/1448
f 1342/1483/1437 1405/1485/1439 1343/1640/1592
f 1343/1640/1592 1405/1485/1439 1406/1646/1598
f 1343/1640/1592 1406/1646/1598 1344/1641/1593
f 1344/1641/1593 1406/1646/1598 1407/1643/1595
f 1347/1500/1454 36/1441/38 1346/1647/1599
f 1346/1647/1599 36/1441/38 1345/1642/1594
f 1346/1647/1599 1345/1642/1594 1408/1644/1596
f 1409/1498/1452 1347/1500/1454 1346/1647/1599
f 1409/1498/1452 1346/1647/1599 1408/1644/1596
f 1412/1504/1458 1349/1502/1456 1411/1573/1525
f 1411/1573/1525 1349/1502/1456 1348/1501/1455
f 1350/1503/1457 1351/1648/1600 36/1441/38
f 36/1441/38 1351/1648/1600 1352/1649/1601
f 36/1441/38 1352/1649/1601 1353/1580/1532
f 1353/1580/1532 1352/1649/1601 1415/1650/1602
f 1353/1580/1532 1415/1650/1602 1416/1651/1603
f 1416/1651/1603 1415/1650/1602 1478/1652/1604
f 1416/1651/1603 1478/1652/1604 1479/1517/1470
f 1479/1517/1470 1478/1652/1604 1541/1515/1468
f 1350/1503/1457 1413/1505/1459 1351/1648/1600
f 1351/1648/1600 1413/1505/1459 1414/1653/1605
f 1351/1648/1600 1414/1653/1605 1352/1649/1601
f 1352/1649/1601 1414/1653/1605 1415/1650/1602
f 1417/1519/1472 1354/1581/1533 1416/1651/1603
f 1416/1651/1603 1354/1581/1533 1353/1580/1532
f 1357/1524/1476 1356/1522/1475 1419/1654/1606
f 1419/1654/1606 1356/1522/1475 1418/1520/1473
f 1419/1654/1606 1418/1520/1473 1481/1655/1607
f 1481/1655/1607 1418/1520/1473 1480/1518/1471
f 1481/1655/1607 1480/1518/1471 1543/1656/1608
f 1543/1656/1608 1480/1518/1471 1542/1516/1469
f 1543/1656/1608 1542/1516/1469 1605/1657/1609
f 1605/1657/1609 1542/1516/1469 1604/1514/1467
f 1605/1657/1609 1604/1514/1467 49/1512/177
f 1358/1525/1477 1359/1658/1610 33/1523/37
f 33/1523/37 1359/1658/1610 1360/1659/1611
f 33/1523/37 1360/1659/1611 1361/1660/1612
f 1361/1660/1612 1360/1659/1611 1423/1661/1613
f 1361/1660/1612 1423/1661/1613 1424/1662/1614
f 1424/1662/1614 1423/1661/1613 1486/1663/1615
f 1424/1662/1614 1486/1663/1615 1487/1538/1490
f 1487/1538/1490 1486/1663/1615 1549/1536/1488
f 1358/1525/1477 1421/1527/1479 1359/1658/1610
f 1359/1658/1610 1421/1527/1479 1422/1664/1616
f 1359/1658/1610 1422/1664/1616 1360/1659/1611
f 1360/1659/1611 1422/1664/1616 1423/1661/1613
f 1363/1542/1494 33/1523/37 1362/1665/1617
f 1362/1665/1617 33/1523/37 1361/1660/1612
f 1362/1665/1617 1361/1660/1612 1424/1662/1614
f 1425/1540/1492 1363/1542/1494 1362/1665/1617
f 1425/1540/1492 1362/1665/1617 1424/1662/1614
f 1365/1544/1496 1364/1543/1495 1427/1666/1618
f 1427/1666/1618 1364/1543/1495 1426/1541/1493
f 1427/1666/1618 1426/1541/1493 1489/1558/1510
f 1308/1398/1355 1370/1590/1542 1371/1400/1357
f 1371/1400/1357 1370/1590/1542 1433/1667/1619
f 1371/1400/1357 1433/1667/1619 1434/1402/1359
f 1434/1402/1359 1433/1667/1619 1496/1668/1620
f 1434/1402/1359 1496/1668/1620 1497/1404/1361
f 1497/1404/1361 1496/1668/1620 1559/1669/1621
f 1497/1404/1361 1559/1669/1621 1560/1406/1363
f 1560/1406/1363 1559/1669/1621 27/1408/155
f 1433/1667/1619 1370/1590/1542 1432/1591/1543
f 1372/1401/1358 1435/1403/1360 1373/1600/1552
f 1373/1600/1552 1435/1403/1360 1436/1670/1622
f 1373/1600/1552 1436/1670/1622 1374/1597/1549
f 1374/1597/1549 1436/1670/1622 1437/1599/1551
f 1438/1413/1369 1376/1415/1371 1375/1598/1550
f 1316/1419/1375 1378/1602/1554 1379/1421/1377
f 1379/1421/1377 1378/1602/1554 1441/1671/1623
f 1379/1421/1377 1441/1671/1623 1442/1423/1379
f 1442/1423/1379 1441/1671/1623 1504/1672/1624
f 1442/1423/1379 1504/1672/1624 1505/1425/1381
f 1505/1425/1381 1504/1672/1624 1567/1673/1625
f 1505/1425/1381 1567/1673/1625 1568/1427/1383
f 1568/1427/1383 1567/1673/1625 27/1408/155
f 1441/1671/1623 1378/1602/1554 1440/1603/1555
f 1444/1588/1540 1382/1586/1538 1381/1608/1560
f 1444/1588/1540 1381/1608/1560 1443/1424/1380
f 1443/1424/1380 1381/1608/1560 1380/1422/1378
f 1447/1435/1390 1385/1437/1392 1384/1609/1561
f 1384/1609/1561 1385/1437/1392 1322/1582/1534
f 1447/1435/1390 1384/1609/1561 1446/1610/1562
f 1325/1442/1396 1387/1612/1564 1388/1444/1398
f 1388/1444/1398 1387/1612/1564 1450/1674/1626
f 1388/1444/1398 1450/1674/1626 1451/1446/1400
f 1451/1446/1400 1450/1674/1626 1513/1675/1627
f 1451/1446/1400 1513/1675/1627 1514/1448/1402
f 1514/1448/1402 1513/1675/1627 1576/1676/1628
f 1514/1448/1402 1576/1676/1628 1577/1450/1404
f 1577/1450/1404 1576/1676/1628 142/1430/181
f 1450/1674/1626 1387/1612/1564 1449/1613/1565
f 1389/1445/1399 1452/1447/1401 1390/1622/1574
f 1390/1622/1574 1452/1447/1401 1453/1677/1629
f 1390/1622/1574 1453/1677/1629 1391/1619/1571
f 1391/1619/1571 1453/1677/1629 1454/1621/1573
f 1455/1456/1410 1393/1458/1412 1392/1620/1572
f 1333/1462/1416 1395/1624/1576 1396/1464/1418
f 1396/1464/1418 1395/1624/1576 1458/1678/1630
f 1396/1464/1418 1458/1678/1630 1459/1466/1420
f 1459/1466/1420 1458/1678/1630 1521/1679/1631
f 1459/1466/1420 1521/1679/1631 1522/1468/1422
f 1522/1468/1422 1521/1679/1631 1584/1680/1632
f 1522/1468/1422 1584/1680/1632 1585/1470/1424
f 1585/1470/1424 1584/1680/1632 142/1430/181
f 1458/1678/1630 1395/1624/1576 1457/1625/1577
f 1397/1465/1419 1460/1467/1421 1398/1634/1586
f 1398/1634/1586 1460/1467/1421 1461/1681/1633
f 1398/1634/1586 1461/1681/1633 1399/1631/1583
f 1399/1631/1583 1461/1681/1633 1462/1633/1585
f 1463/1476/1430 1401/1478/1432 1400/1632/1584
f 1341/1482/1436 1403/1636/1588 1404/1484/1438
f 1404/1484/1438 1403/1636/1588 1466/1682/1634
f 1404/1484/1438 1466/1682/1634 1467/1486/1440
f 1467/1486/1440 1466/1682/1634 1529/1683/1635
f 1467/1486/1440 1529/1683/1635 1530/1488/1442
f 1530/1488/1442 1529/1683/1635 1592/1684/1636
f 1530/1488/1442 1592/1684/1636 1593/1490/1444
f 1593/1490/1444 1592/1684/1636 142/1430/181
f 1466/1682/1634 1403/1636/1588 1465/1637/1589
f 1405/1485/1439 1468/1487/1441 1406/1646/1598
f 1406/1646/1598 1468/1487/1441 1469/1685/1637
f 1406/1646/1598 1469/1685/1637 1407/1643/1595
f 1407/1643/1595 1469/1685/1637 1470/1645/1597
f 1471/1496/1450 1409/1498/1452 1408/1644/1596
f 1473/1572/1524 1410/1499/1453 1472/1497/1451
f 1475/1506/1460 1412/1504/1458 1474/1571/1523
f 1474/1571/1523 1412/1504/1458 1411/1573/1525
f 1413/1505/1459 1476/1507/1461 1414/1653/1605
f 1414/1653/1605 1476/1507/1461 1477/1686/1638
f 1414/1653/1605 1477/1686/1638 1415/1650/1602
f 1415/1650/1602 1477/1686/1638 1478/1652/1604
f 1479/1517/1470 1417/1519/1472 1416/1651/1603
f 1357/1524/1476 1419/1654/1606 1420/1526/1478
f 1420/1526/1478 1419/1654/1606 1482/1687/1639
f 1420/1526/1478 1482/1687/1639 1483/1528/1480
f 1483/1528/1480 1482/1687/1639 1545/1688/1640
f 1483/1528/1480 1545/1688/1640 1546/1530/1482
f 1546/1530/1482 1545/1688/1640 1608/1689/1641
f 1546/1530/1482 1608/1689/1641 1609/1532/1484
f 1609/1532/1484 1608/1689/1641 49/1512/177
f 1482/1687/1639 1419/1654/1606 1481/1655/1607
f 1421/1527/1479 1484/1529/1481 1422/1664/1616
f 1422/1664/1616 1484/1529/1481 1485/1690/1642
f 1422/1664/1616 1485/1690/1642 1423/1661/1613
f 1423/1661/1613 1485/1690/1642 1486/1663/1615
f 1487/1538/1490 1425/1540/1492 1424/1662/1614
f 1365/1544/1496 1427/1666/1618 1428/1546/1498
f 1428/1546/1498 1427/1666/1618 1490/1691/1643
f 1428/1546/1498 1490/1691/1643 1491/1548/1500
f 1491/1548/1500 1490/1691/1643 1553/1692/1644
f 1491/1548/1500 1553/1692/1644 1554/1550/1502
f 1554/1550/1502 1553/1692/1644 1616/1553/1505
f 1490/1691/1643 1427/1666/1618 1489/1558/1510
f 1433/1667/1619 1432/1591/1543 1495/1693/1645
f 1495/1693/1645 1432/1591/1543 1494/1592/1544
f 1495/1693/1645 1494/1592/1544 1557/1694/1646
f 1557/1694/1646 1494/1592/1544 1556/1593/1545
f 1557/1694/1646 1556/1593/1545 27/1408/155
f 1435/1403/1360 1498/1405/1362 1436/1670/1622
f 1436/1670/1622 1498/1405/1362 1499/1695/1647
f 1436/1670/1622 1499/1695/1647 1437/1599/1551
f 1437/1599/1551 1499/1695/1647 1500/1411/1367
f 1441/1671/1623 1440/1603/1555 1503/1696/1648
f 1503/1696/1648 1440/1603/1555 1502/1604/1556
f 1503/1696/1648 1502/1604/1556 1565/1697/1649
f 1565/1697/1649 1502/1604/1556 1564/1605/1557
f 1565/1697/1649 1564/1605/1557 27/1408/155
f 1506/1426/1382 1444/1588/1540 1443/1424/1380
f 1509/1433/1388 1447/1435/1390 1446/1610/1562
f 1509/1433/1388 1446/1610/1562 1508/1611/1563
f 1450/1674/1626 1449/1613/1565 1512/1698/1650
f 1512/1698/1650 1449/1613/1565 1511/1614/1566
f 1512/1698/1650 1511/1614/1566 1574/1699/1651
f 1574/1699/1651 1511/1614/1566 1573/1615/1567
f 1574/1699/1651 1573/1615/1567 142/1430/181
f 1452/1447/1401 1515/1449/1403 1453/1677/1629
f 1453/1677/1629 1515/1449/1403 1516/1700/1652
f 1453/1677/1629 1516/1700/1652 1454/1621/1573
f 1454/1621/1573 1516/1700/1652 1517/1454/1408
f 1458/1678/1630 1457/1625/1577 1520/1701/1653
f 1520/1701/1653 1457/1625/1577 1519/1626/1578
f 1520/1701/1653 1519/1626/1578 1582/1702/1654
f 1582/1702/1654 1519/1626/1578 1581/1627/1579
f 1582/1702/1654 1581/1627/1579 142/1430/181
f 1460/1467/1421 1523/1469/1423 1461/1681/1633
f 1461/1681/1633 1523/1469/1423 1524/1703/1655
f 1461/1681/1633 1524/1703/1655 1462/1633/1585
f 1462/1633/1585 1524/1703/1655 1525/1474/1428
f 1466/1682/1634 1465/1637/1589 1528/1704/1656
f 1528/1704/1656 1465/1637/1589 1527/1638/1590
f 1528/1704/1656 1527/1638/1590 1590/1705/1657
f 1590/1705/1657 1527/1638/1590 1589/1639/1591
f 1590/1705/1657 1589/1639/1591 142/1430/181
f 1468/1487/1441 1531/1489/1443 1469/1685/1637
f 1469/1685/1637 1531/1489/1443 1532/1706/1658
f 1469/1685/1637 1532/1706/1658 1470/1645/1597
f 1470/1645/1597 1532/1706/1658 1533/1494/1448
f 1473/1572/1524 1472/1497/1451 1535/1707/1659
f 1535/1707/1659 1472/1497/1451 1534/1495/1449
f 1535/1707/1659 1534/1495/1449 1597/1708/1660
f 1597/1708/1660 1534/1495/1449 1596/1493/1447
f 1597/1708/1660 1596/1493/1447 142/1430/181
f 1538/1508/1462 1475/1506/1460 1537/1569/1521
f 1537/1569/1521 1475/1506/1460 1474/1571/1523
f 1476/1507/1461 1539/1509/1463 1477/1686/1638
f 1477/1686/1638 1539/1509/1463 1540/1709/1661
f 1477/1686/1638 1540/1709/1661 1478/1652/1604
f 1478/1652/1604 1540/1709/1661 1541/1515/1468
f 1482/1687/1639 1481/1655/1607 1544/1710/1662
f 1544/1710/1662 1481/1655/1607 1543/1656/1608
f 1544/1710/1662 1543/1656/1608 1606/1711/1663
f 1606/1711/1663 1543/1656/1608 1605/1657/1609
f 1606/1711/1663 1605/1657/1609 49/1512/177
f 1484/1529/1481 1547/1531/1483 1485/1690/1642
f 1485/1690/1642 1547/1531/1483 1548/1712/1664
f 1485/1690/1642 1548/1712/1664 1486/1663/1615
f 1486/1663/1615 1548/1712/1664 1549/1536/1488
f 1551/1557/1509 1488/1539/1491 1550/1537/1489
f 1553/1692/1644 1490/1691/1643 1552/1556/1508
f 1552/1556/1508 1490/1691/1643 1489/1558/1510
f 1433/1667/1619 1495/1693/1645 1496/1668/1620
f 1496/1668/1620 1495/1693/1645 1558/1713/1665
f 1496/1668/1620 1558/1713/1665 1559/1669/1621
f 1559/1669/1621 1558/1713/1665 27/1408/155
f 1558/1713/1665 1495/1693/1645 1557/1694/1646
f 1562/1409/1365 1500/1411/1367 1499/1695/1647
f 1562/1409/1365 1499/1695/1647 1561/1407/1364
f 1561/1407/1364 1499/1695/1647 1498/1405/1362
f 1441/1671/1623 1503/1696/1648 1504/1672/1624
f 1504/1672/1624 1503/1696/1648 1566/1714/1666
f 1504/1672/1624 1566/1714/1666 1567/1673/1625
f 1567/1673/1625 1566/1714/1666 27/1408/155
f 1566/1714/1666 1503/1696/1648 1565/1697/1649
f 1571/1431/1386 1509/1433/1388 1508/1611/1563
f 1571/1431/1386 1508/1611/1563 1570/1429/1385
f 1450/1674/1626 1512/1698/1650 1513/1675/1627
f 1513/1675/1627 1512/1698/1650 1575/1715/1667
f 1513/1675/1627 1575/1715/1667 1576/1676/1628
f 1576/1676/1628 1575/1715/1667 142/1430/181
f 1575/1715/1667 1512/1698/1650 1574/1699/1651
f 1579/1452/1406 1517/1454/1408 1516/1700/1652
f 1579/1452/1406 1516/1700/1652 1578/1451/1405
f 1578/1451/1405 1516/1700/1652 1515/1449/1403
f 1458/1678/1630 1520/1701/1653 1521/1679/1631
f 1521/1679/1631 1520/1701/1653 1583/1716/1668
f 1521/1679/1631 1583/1716/1668 1584/1680/1632
f 1584/1680/1632 1583/1716/1668 142/1430/181
f 1583/1716/1668 1520/1701/1653 1582/1702/1654
f 1587/1472/1426 1525/1474/1428 1524/1703/1655
f 1587/1472/1426 1524/1703/1655 1586/1471/1425
f 1586/1471/1425 1524/1703/1655 1523/1469/1423
f 1466/1682/1634 1528/1704/1656 1529/1683/1635
f 1529/1683/1635 1528/1704/1656 1591/1717/1669
f 1529/1683/1635 1591/1717/1669 1592/1684/1636
f 1592/1684/1636 1591/1717/1669 142/1430/181
f 1591/1717/1669 1528/1704/1656 1590/1705/1657
f 1595/1492/1446 1533/1494/1448 1532/1706/1658
f 1595/1492/1446 1532/1706/1658 1594/1491/1445
f 1594/1491/1445 1532/1706/1658 1531/1489/1443
f 1473/1572/1524 1535/1707/1659 1536/1570/1522
f 1536/1570/1522 1535/1707/1659 1598/1718/1670
f 1536/1570/1522 1598/1718/1670 1599/1568/1520
f 1599/1568/1520 1598/1718/1670 142/1430/181
f 1598/1718/1670 1535/1707/1659 1597/1708/1660
f 1601/1510/1464 1538/1508/1462 1600/1567/1519
f 1600/1567/1519 1538/1508/1462 1537/1569/1521
f 1603/1513/1466 1541/1515/1468 1540/1709/1661
f 1603/1513/1466 1540/1709/1661 1602/1511/1465
f 1602/1511/1465 1540/1709/1661 1539/1509/1463
f 1482/1687/1639 1544/1710/1662 1545/1688/1640
f 1545/1688/1640 1544/1710/1662 1607/1719/1671
f 1545/1688/1640 1607/1719/1671 1608/1689/1641
f 1608/1689/1641 1607/1719/1671 49/1512/177
f 1607/1719/1671 1544/1710/1662 1606/1711/1663
f 1611/1534/1486 1549/1536/1488 1548/1712/1664
f 1611/1534/1486 1548/1712/1664 1610/1533/1485
f 1610/1533/1485 1548/1712/1664 1547/1531/1483
f 1551/1557/1509 1550/1537/1489 1613/1720/1672
f 1613/1720/1672 1550/1537/1489 1612/1535/1487
f 1613/1720/1672 1612/1535/1487 49/1512/177
f 1616/1553/1505 1553/1692/1644 1615/1554/1506
f 1615/1554/1506 1553/1692/1644 1552/1556/1508
f 27/1408/155 1558/1713/1665 1557/1694/1646
f 27/1408/155 1566/1714/1666 1565/1697/1649
f 142/1430/181 1575/1715/1667 1574/1699/1651
f 142/1430/181 1583/1716/1668 1582/1702/1654
f 142/1430/181 1591/1717/1669 1590/1705/1657
f 142/1430/181 1598/1718/1670 1597/1708/1660
f 49/1512/177 1607/1719/1671 1606/1711/1663
f 49/1512/177 1614/1555/1507 1613/1720/1672
f 1613/1720/1672 1614/1555/1507 1551/1557/1509
f 63/1721/1673 88/1722/1674 352/1723/1675
f 352/1723/1675 88/1722/1674 326/1724/1676
f 326/1725/1676 88/1726/1674 327/1727/1677
f 327/1727/1677 88/1726/1674 87/1728/1678
f 327/1727/1677 87/1728/1678 328/1729/1679
f 328/1729/1679 87/1728/1678 86/1730/1680
f 328/1729/1679 86/1730/1680 329/1731/1681
f 329/1731/1681 86/1730/1680 85/1732/1682
f 329/1731/1681 85/1732/1682 330/1733/1683
f 330/1733/1683 85/1732/1682 84/1734/1684
f 330/1733/1683 84/1734/1684 331/1735/1685
f 331/1735/1685 84/1734/1684 83/1736/1686
f 331/1735/1685 83/1736/1686 332/1737/1687
f 332/1737/1687 83/1736/1686 82/1738/1688
f 332/1737/1687 82/1738/1688 333/1739/1689
f 333/1739/1689 82/1738/1688 81/1740/1690
f 333/1739/1689 81/1740/1690 334/1741/1691
f 334/1741/1691 81/1740/1690 80/1742/1692
f 334/1741/1691 80/1742/1692 335/1743/1693
f 335/1743/1693 80/1742/1692 79/1744/1694
f 335/1743/1693 79/1744/1694 336/1745/1695
f 336/1745/1695 79/1744/1694 78/1746/1696
f 336/1745/1695 78/1746/1696 337/1747/1697
f 337/1747/1697 78/1746/1696 77/1748/1698
f 337/1747/1697 77/1748/1698 338/1749/1699
f 338/1749/1699 77/1748/1698 76/1750/1700
f 63/1751/1673 352/1752/1675 64/1753/1701
f 64/1753/1701 352/1752/1675 365/1754/1702
f 64/1753/1701 365/1754/1702 65/1755/1703
f 65/1755/1703 365/1754/1702 364/1756/1704
f 65/1755/1703 364/1756/1704 66/1757/1705
f 66/1757/1705 364/1756/1704 363/1758/1706
f 66/1757/1705 363/1758/1706 67/1759/1707
f 67/1759/1707 363/1758/1706 362/1760/1708
f 67/1759/1707 362/1760/1708 68/1761/1709
f 68/1761/1709 362/1760/1708 361/1762/1710
f 68/1761/1709 361/1762/1710 69/1763/1711
f 69/1763/1711 361/1762/1710 360/1764/1712
f 69/1763/1711 360/1764/1712 70/1765/1713
f 70/1765/1713 360/1764/1712 359/1766/1714
f 70/1765/1713 359/1766/1714 71/1767/1715
f 71/1767/1715 359/1766/1714 358/1768/1716
f 71/1767/1715 358/1768/1716 72/1769/1717
f 72/1769/1717 358/1768/1716 357/1770/1718
f 72/1769/1717 357/1770/1718 73/1771/1719
f 73/1771/1719 357/1770/1718 356/1772/1720
f 73/1771/1719 356/1772/1720 74/1773/1721
f 74/1773/1721 356/1772/1720 355/1774/1722
f 74/1773/1721 355/1774/1722 75/1775/1723
f 75/1775/1723 355/1774/1722 354/1776/1724
f 76/1777/1700 75/1778/1723 338/1779/1699
f 338/1779/1699 75/1778/1723 354/1780/1724
f 89/1781/1725 114/1782/1726 248/1783/1727
f 248/1783/1727 114/1782/1726 222/1784/1728
f 222/1785/1728 114/1786/1726 223/1787/1729
f 223/1787/1729 114/1786/1726 113/1788/1730
f 223/1787/1729 113/1788/1730 224/1789/1731
f 224/1789/1731 113/1788/1730 112/1790/1732
f 224/1789/1731 112/1790/1732 225/1791/1733
f 225/1791/1733 112/1790/1732 111/1792/1734
f 225/1791/1733 111/1792/1734 226/1793/1735
f 226/1793/1735 111/1792/1734 110/1794/1736
f 226/1793/1735 110/1794/1736 227/1795/1737
f 227/1795/1737 110/1794/1736 109/1796/1738
f 227/1795/1737 109/1796/1738 228/1797/1739
f 228/1797/1739 109/1796/1738 108/1798/1740
f 228/1797/1739 108/1798/1740 229/1799/1741
f 229/1799/1741 108/1798/1740 107/1800/1742
f 229/1799/1741 107/1800/1742 230/1801/1743
f 230/1801/1743 107/1800/1742 106/1802/1744
f 230/1801/1743 106/1802/1744 231/1803/1745
f 231/1803/1745 106/1802/1744 105/1804/1746
f 231/1803/1745 105/1804/1746 232/1805/1747
f 232/1805/1747 105/1804/1746 104/1806/1748
f 232/1805/1747 104/1806/1748 233/1807/1749
f 233/1807/1749 104/1806/1748 103/1808/1750
f 233/1807/1749 103/1808/1750 234/1809/1751
f 234/1809/1751 103/1808/1750 102/1810/1752
f 89/1811/1725 248/1812/1727 90/1813/1753
f 90/1813/1753 248/1812/1727 261/1814/1754
f 90/1813/1753 261/1814/1754 91/1815/1755
f 91/1815/1755 261/1814/1754 260/1816/1756
f 91/1815/1755 260/1816/1756 92/1817/1757
f 92/1817/1757 260/1816/1756 259/1818/1758
f 92/1817/1757 259/1818/1758 93/1819/1759
f 93/1819/1759 259/1818/1758 258/1820/1760
f 93/1819/1759 258/1820/1760 94/1821/1761
f 94/1821/1761 258/1820/1760 257/1822/1762
f 94/1821/1761 257/1822/1762 95/1823/1763
f 95/1823/1763 257/1822/1762 256/1824/1764
f 95/1823/1763 256/1824/1764 96/1825/1765
f 96/1825/1765 256/1824/1764 255/1826/1766
f 96/1825/1765 255/1826/1766 97/1827/1767
f 97/1827/1767 255/1826/1766 254/1828/1768
f 97/1827/1767 254/1828/1768 98/1829/1769
f 98/1829/1769 254/1828/1768 253/1830/1770
f 98/1829/1769 253/1830/1770 99/1831/1771
f 99/1831/1771 253/1830/1770 252/1832/1772
f 99/1831/1771 252/1832/1772 100/1833/1773
f 100/1833/1773 252/1832/1772 251/1834/1774
f 100/1833/1773 251/1834/1774 101/1835/1775
f 101/1835/1775 251/1834/1774 250/1836/1776
f 102/1837/1752 101/1838/1775 234/1839/1751
f 234/1839/1751 101/1838/1775 250/1840/1776
f 115/1841/1777 140/1842/1778 286/1843/1779
f 286/1843/1779 140/1842/1778 302/1844/1780
f 302/1845/1780 140/1846/1778 303/1847/1781
f 303/1847/1781 140/1846/1778 139/1848/1782
f 303/1847/1781 139/1848/1782 304/1849/1783
f 304/1849/1783 139/1848/1782 138/1850/1784
f 304/1849/1783 138/1850/1784 305/1851/1785
f 305/1851/1785 138/1850/1784 137/1852/1786
f 305/1851/1785 137/1852/1786 306/1853/1787
f 306/1853/1787 137/1852/1786 136/1854/1788
f 306/1853/1787 136/1854/1788 307/1855/1789
f 307/1855/1789 136/1854/1788 135/1856/1790
f 307/1855/1789 135/1856/1790 308/1857/1791
f 308/1857/1791 135/1856/1790 134/1858/1792
f 308/1857/1791 134/1858/1792 309/1859/1793
f 309/1859/1793 134/1858/1792 133/1860/1794
f 309/1859/1793 133/1860/1794 310/1861/1795
f 310/1861/1795 133/1860/1794 132/1862/1796
f 310/1861/1795 132/1862/1796 311/1863/1797
f 311/1863/1797 132/1862/1796 131/1864/1798
f 311/1863/1797 131/1864/1798 312/1865/1799
f 312/1865/1799 131/1864/1798 130/1866/1800
f 312/1865/1799 130/1866/1800 313/1867/1801
f 313/1867/1801 130/1866/1800 129/1868/1802
f 313/1867/1801 129/1868/1802 300/1869/1803
f 300/1869/1803 129/1868/1802 128/1870/1804
f 115/1871/1777 286/1872/1779 116/1873/1805
f 116/1873/1805 286/1872/1779 285/1874/1806
f 116/1873/1805 285/1874/1806 117/1875/1807
f 117/1875/1807 285/1874/1806 284/1876/1808
f 117/1875/1807 284/1876/1808 118/1877/1809
f 118/1877/1809 284/1876/1808 283/1878/1810
f 118/1877/1809 283/1878/1810 119/1879/1811
f 119/1879/1811 283/1878/1810 282/1880/1812
f 119/1879/1811 282/1880/1812 120/1881/1813
f 120/1881/1813 282/1880/1812 281/1882/1814
f 120/1881/1813 281/1882/1814 121/1883/1815
f 121/1883/1815 281/1882/1814 280/1884/1816
f 121/1883/1815 280/1884/1816 122/1885/1817
f 122/1885/1817 280/1884/1816 279/1886/1818
f 122/1885/1817 279/1886/1818 123/1887/1819
f 123/1887/1819 279/1886/1818 278/1888/1820
f 123/1887/1819 278/1888/1820 124/1889/1821
f 124/1889/1821 278/1888/1820 277/1890/1822
f 124/1889/1821 277/1890/1822 125/1891/1823
f 125/1891/1823 277/1890/1822 276/1892/1824
f 125/1891/1823 276/1892/1824 126/1893/1825
f 126/1893/1825 276/1892/1824 275/1894/1826
f 126/1893/1825 275/1894/1826 127/1895/1827
f 127/1895/1827 275/1894/1826 274/1896/1828
f 128/1897/1804 127/1898/1827 300/1899/1803
f 300/1899/1803 127/1898/1827 274/1900/1828
f 287/1901/1829 301/1902/1830 168/1903/1831
f 168/1903/1831 301/1902/1830 143/1904/1832
f 143/1905/1832 301/1906/1830 144/1907/1833
f 144/1907/1833 301/1906/1830 324/1908/1834
f 144/1907/1833 324/1908/1834 145/1909/1835
f 145/1909/1835 324/1908/1834 323/1910/1836
f 145/1909/1835 323/1910/1836 146/1911/1837
f 146/1911/1837 323/1910/1836 322/1912/1838
f 146/1911/1837 322/1912/1838 147/1913/1839
f 147/1913/1839 322/1912/1838 321/1914/1840
f 147/1913/1839 321/1914/1840 148/1915/1841
f 148/1915/1841 321/1914/1840 320/1916/1842
f 148/1915/1841 320/1916/1842 149/1917/1843
f 149/1917/1843 320/1916/1842 319/1918/1844
f 149/1917/1843 319/1918/1844 150/1919/1845
f 150/1919/1845 319/1918/1844 318/1920/1846
f 150/1919/1845 318/1920/1846 151/1921/1847
f 151/1921/1847 318/1920/1846 317/1922/1848
f 151/1921/1847 317/1922/1848 152/1923/1849
f 152/1923/1849 317/1922/1848 316/1924/1850
f 152/1923/1849 316/1924/1850 153/1925/1851
f 153/1925/1851 316/1924/1850 315/1926/1852
f 153/1925/1851 315/1926/1852 154/1927/1853
f 154/1927/1853 315/1926/1852 314/1928/1854
f 154/1927/1853 314/1928/1854 155/1929/1855
f 155/1929/1855 314/1928/1854 299/1930/1856
f 287/1931/1829 168/1932/1831 288/1933/1857
f 288/1933/1857 168/1932/1831 167/1934/1858
f 288/1933/1857 167/1934/1858 289/1935/1859
f 289/1935/1859 167/1934/1858 166/1936/1860
f 289/1935/1859 166/1936/1860 290/1937/1861
f 290/1937/1861 166/1936/1860 165/1938/1862
f 290/1937/1861 165/1938/1862 291/1939/1863
f 291/1939/1863 165/1938/1862 164/1940/1864
f 291/1939/1863 164/1940/1864 292/1941/1865
f 292/1941/1865 164/1940/1864 163/1942/1866
f 292/1941/1865 163/1942/1866 293/1943/1867
f 293/1943/1867 163/1942/1866 162/1944/1868
f 293/1943/1867 162/1944/1868 294/1945/1869
f 294/1945/1869 162/1944/1868 161/1946/1870
f 294/1945/1869 161/1946/1870 295/1947/1871
f 295/1947/1871 161/1946/1870 160/1948/1872
f 295/1947/1871 160/1948/1872 296/1949/1873
f 296/1949/1873 160/1948/1872 159/1950/1874
f 296/1949/1873 159/1950/1874 297/1951/1875
f 297/1951/1875 159/1950/1874 158/1952/1876
f 297/1951/1875 158/1952/1876 298/1953/1877
f 298/1953/1877 158/1952/1876 157/1954/1878
f 298/1953/1877 157/1954/1878 273/1955/1879
f 273/1955/1879 157/1954/1878 156/1956/1880
f 299/1957/1856 273/1958/1879 155/1959/1855
f 155/1959/1855 273/1958/1879 156/1960/1880
f 247/1961/1881 221/1962/1882 194/1963/1883
f 194/1963/1883 221/1962/1882 169/1964/1884
f 169/1965/1884 221/1966/1882 170/1967/1885
f 170/1967/1885 221/1966/1882 246/1968/1886
f 170/1967/1885 246/1968/1886 171/1969/1887
f 171/1969/1887 246/1968/1886 245/1970/1888
f 171/1969/1887 245/1970/1888 172/1971/1889
f 172/1971/1889 245/1970/1888 244/1972/1890
f 172/1971/1889 244/1972/1890 173/1973/1891
f 173/1973/1891 244/1972/1890 243/1974/1892
f 173/1973/1891 243/1974/1892 174/1975/1893
f 174/1975/1893 243/1974/1892 242/1976/1894
f 174/1975/1893 242/1976/1894 175/1977/1895
f 175/1977/1895 242/1976/1894 241/1978/1896
f 175/1977/1895 241/1978/1896 176/1979/1897
f 176/1979/1897 241/1978/1896 240/1980/1898
f 176/1979/1897 240/1980/1898 177/1981/1899
f 177/1981/1899 240/1980/1898 239/1982/1900
f 177/1981/1899 239/1982/1900 178/1983/1901
f 178/1983/1901 239/1982/1900 238/1984/1902
f 178/1983/1901 238/1984/1902 179/1985/1903
f 179/1985/1903 238/1984/1902 237/1986/1904
f 179/1985/1903 237/1986/1904 180/1987/1905
f 180/1987/1905 237/1986/1904 236/1988/1906
f 180/1987/1905 236/1988/1906 181/1989/1907
f 181/1989/1907 236/1988/1906 235/1990/1908
f 247/1991/1881 194/1992/1883 262/1993/1909
f 262/1993/1909 194/1992/1883 193/1994/1910
f 262/1993/1909 193/1994/1910 263/1995/1911
f 263/1995/1911 193/1994/1910 192/1996/1912
f 263/1995/1911 192/1996/1912 264/1997/1913
f 264/1997/1913 192/1996/1912 191/1998/1914
f 264/1997/1913 191/1998/1914 265/1999/1915
f 265/1999/1915 191/1998/1914 190/2000/1916
f 265/1999/1915 190/2000/1916 266/2001/1917
f 266/2001/1917 190/2000/1916 189/2002/1918
f 266/2001/1917 189/2002/1918 267/2003/1919
f 267/2003/1919 189/2002/1918 188/2004/1920
f 267/2003/1919 188/2004/1920 268/2005/1921
f 268/2005/1921 188/2004/1920 187/2006/1922
f 268/2005/1921 187/2006/1922 269/2007/1923
f 269/2007/1923 187/2006/1922 186/2008/1924
f 269/2007/1923 186/2008/1924 270/2009/1925
f 270/2009/1925 186/2008/1924 185/2010/1926
f 270/2009/1925 185/2010/1926 271/2011/1927
f 271/2011/1927 185/2010/1926 184/2012/1928
f 271/2011/1927 184/2012/1928 272/2013/1929
f 272/2013/1929 184/2012/1928 183/2014/1930
f 272/2013/1929 183/2014/1930 249/2015/1931
f 249/2015/1931 183/2014/1930 182/2016/1932
f 235/2017/1908 249/2018/1931 181/2019/1907
f 181/2019/1907 249/2018/1931 182/2020/1932
f 351/2021/1933 325/2022/1934 220/2023/1935
f 220/2023/1935 325/2022/1934 195/2024/1936
f 195/2025/1936 325/2026/1934 196/2027/1937
f 196/2027/1937 325/2026/1934 350/2028/1938
f 196/2027/1937 350/2028/1938 197/2029/1939
f 197/2029/1939 350/2028/1938 349/2030/1940
f 197/2029/1939 349/2030/1940 198/2031/1941
f 198/2031/1941 349/2030/1940 348/2032/1942
f 198/2031/1941 348/2032/1942 199/2033/1943
f 199/2033/1943 348/2032/1942 347/2034/1944
f 199/2033/1943 347/2034/1944 200/2035/1945
f 200/2035/1945 347/2034/1944 346/2036/1946
f 200/2035/1945 346/2036/1946 201/2037/1947
f 201/2037/1947 346/2036/1946 345/2038/1948
f 201/2037/1947 345/2038/1948 202/2039/1949
f 202/2039/1949 345/2038/1948 344/2040/1950
f 202/2039/1949 344/2040/1950 203/2041/1951
f 203/2041/1951 344/2040/1950 343/2042/1952
f 203/2041/1951 343/2042/1952 204/2043/1953
f 204/2043/1953 343/2042/1952 342/2044/1954
f 204/2043/1953 342/2044/1954 205/2045/1955
f 205/2045/1955 342/2044/1954 341/2046/1956
f 205/2045/1955 341/2046/1956 206/2047/1957
f 206/2047/1957 341/2046/1956 340/2048/1958
f 206/2047/1957 340/2048/1958 207/2049/1959
f 207/2049/1959 340/2048/1958 339/2050/1960
f 351/2051/1933 220/2052/1935 366/2053/1961
f 366/2053/1961 220/2052/1935 219/2054/1962
f 366/2053/1961 219/2054/1962 367/2055/1963
f 367/2055/1963 219/2054/1962 218/2056/1964
f 367/2055/1963 218/2056/1964 368/2057/1965
f 368/2057/1965 218/2056/1964 217/2058/1966
f 368/2057/1965 217/2058/1966 369/2059/1967
f 369/2059/1967 217/2058/1966 216/2060/1968
f 369/2059/1967 216/2060/1968 370/2061/1969
f 370/2061/1969 216/2060/1968 215/2062/1970
f 370/2061/1969 215/2062/1970 371/2063/1971
f 371/2063/1971 215/2062/1970 214/2064/1972
f 371/2063/1971 214/2064/1972 372/2065/1973
f 372/2065/1973 214/2064/1972 213/2066/1974
f 372/2065/1973 213/2066/1974 373/2067/1975
f 373/2067/1975 213/2066/1974 212/2068/1976
f 373/2067/1975 212/2068/1976 374/2069/1977
f 374/2069/1977 212/2068/1976 211/2070/1978
f 374/2069/1977 211/2070/1978 375/2071/1979
f 375/2071/1979 211/2070/1978 210/2072/1980
f 375/2071/1979 210/2072/1980 376/2073/1981
f 376/2073/1981 210/2072/1980 209/2074/1982
f 376/2073/1981 209/2074/1982 353/2075/1983
f 353/2075/1983 209/2074/1982 208/2076/1984
f 339/2077/1960 353/2078/1983 207/2079/1959
f 207/2079/1959 353/2078/1983 208/2080/1984
# 1616 vertices
# 2080 texture params
# 1984 normals
# 3240 facets

# 1 groups
