# File generated by ImageToStl.com - Free Image and 3D model conversion tools

mtllib N00016.mtl

o obj1
v 0.01689113 -0.05000193 -0.21163774
v 0.01689113 -0.05000193 -0.11163774
v 0.01689113 -0.05317193 -0.21163774
v 0.01689113 -0.05317193 -0.11163774
v -0.00215887 -0.05000193 -0.21163774
v -0.00215887 -0.05317193 -0.21163774
v -0.00215887 -0.05000193 -0.11163774
v -0.00215887 -0.05317193 -0.11163774
vn 1 0 -0
vn 0 0 -1
vn -1 0 0
vn 0 0 1
vn 0 1 0
vn 0 -1 0
usemtl mat0
f 1//1 2//1 3//1
f 3//1 2//1 4//1
f 5//2 1//2 6//2
f 6//2 1//2 3//2
f 7//3 5//3 8//3
f 8//3 5//3 6//3
f 2//4 7//4 4//4
f 4//4 7//4 8//4
f 5//5 7//5 1//5
f 1//5 7//5 2//5
f 8//6 6//6 4//6
f 4//6 6//6 3//6
# Vertices: 8, normals: 6, texture coordinates: 0, faces: 12

o obj2
v 0.01684113 -0.05000193 -0.03163774
v 0.01684113 -0.05000193 0.06836226
v 0.01684113 -0.05317193 -0.03163774
v 0.01684113 -0.05317193 0.06836226
v -0.00220887 -0.05000193 -0.03163774
v -0.00220887 -0.05317193 -0.03163774
v -0.00220887 -0.05000193 0.06836226
v -0.00220887 -0.05317193 0.06836226
vn 1 0 -0
vn 0 0 -1
vn -1 0 0
vn 0 0 1
vn 0 1 0
vn 0 -1 0
usemtl mat0
f 9//7 10//7 11//7
f 11//7 10//7 12//7
f 13//8 9//8 14//8
f 14//8 9//8 11//8
f 15//9 13//9 16//9
f 16//9 13//9 14//9
f 10//10 15//10 12//10
f 12//10 15//10 16//10
f 13//11 15//11 9//11
f 9//11 15//11 10//11
f 16//12 14//12 12//12
f 12//12 14//12 11//12
# Vertices: 8, normals: 6, texture coordinates: 0, faces: 12

o obj3
v -0.03710887 -0.05000193 -0.21163774
v -0.03710887 -0.05000193 -0.11163774
v -0.03710887 -0.05317193 -0.21163774
v -0.03710887 -0.05317193 -0.11163774
v -0.05615887 -0.05000193 -0.21163774
v -0.05615887 -0.05317193 -0.21163774
v -0.05615887 -0.05000193 -0.11163774
v -0.05615887 -0.05317193 -0.11163774
vn 1 0 -0
vn 0 0 -1
vn -1 0 0
vn 0 0 1
vn 0 1 0
vn 0 -1 0
usemtl mat0
f 17//13 18//13 19//13
f 19//13 18//13 20//13
f 21//14 17//14 22//14
f 22//14 17//14 19//14
f 23//15 21//15 24//15
f 24//15 21//15 22//15
f 18//16 23//16 20//16
f 20//16 23//16 24//16
f 21//17 23//17 17//17
f 17//17 23//17 18//17
f 24//18 22//18 20//18
f 20//18 22//18 19//18
# Vertices: 8, normals: 6, texture coordinates: 0, faces: 12

o obj4
v -0.0105476 -0.02361447 -0.09963773
v -0.0105476 -0.02361447 -0.07578774
v -0.01065887 -0.02360193 -0.09963773
v -0.01055358 -0.0236138 -0.07578774
v -0.01065887 -0.02360193 -0.07578774
v -0.01044193 -0.02365145 -0.09963773
v -0.01034712 -0.02371102 -0.09963773
v -0.01034712 -0.02371102 -0.07578774
v -0.01036241 -0.02370141 -0.07578774
v -0.01044193 -0.02365145 -0.07578774
v -0.01045328 -0.02364748 -0.07578774
v -0.01020838 -0.02388499 -0.04363774
v -0.01026795 -0.02379019 -0.04363774
v -0.01026949 -0.02379131 -0.07566239
v -0.01020838 -0.02388499 -0.09963773
v -0.01022387 -0.02385541 -0.07578774
v -0.01026795 -0.02379019 -0.09963773
v -0.01026795 -0.02379019 -0.07578774
v -0.01028499 -0.02377316 -0.07578774
v -0.01034712 -0.02371102 -0.04363774
v -0.01044193 -0.02365145 -0.04363774
v -0.01044326 -0.02365346 -0.07518497
v -0.01036818 -0.02370899 -0.07539123
v -0.01035369 -0.02371971 -0.07543105
v -0.01028348 -0.02377165 -0.07562394
v -0.0105476 -0.02361447 -0.04363774
v -0.01065887 -0.02360193 -0.04363774
v -0.01065887 -0.02360193 -0.07459258
v -0.01055587 -0.02362414 -0.07487555
v -0.01055 -0.0236254 -0.07489169
v -0.01045288 -0.02364634 -0.07515852
v -0.01065887 -0.02360193 -0.15563774
v -0.01065887 -0.02360193 -0.21163774
v -0.0105476 -0.02361447 -0.15563774
v -0.0105476 -0.02361447 -0.21163774
v -0.01044193 -0.02365145 -0.15563774
v -0.01044193 -0.02365145 -0.21163774
v -0.01034712 -0.02371102 -0.15563774
v -0.01034712 -0.02371102 -0.21163774
v -0.01026795 -0.02379019 -0.15563774
v -0.01026795 -0.02379019 -0.21163774
v -0.01020838 -0.02388499 -0.15563774
v -0.01020838 -0.02388499 -0.21163774
v -0.0101714 -0.02399067 -0.15563774
v -0.0101714 -0.02399067 -0.21163774
v -0.01015887 -0.02410193 -0.15563774
v -0.01015887 -0.02410193 -0.21163774
v -0.0101714 -0.02399067 -0.09963773
v -0.01015887 -0.02410193 -0.09963773
v -0.0101714 -0.02399067 -0.04363774
v -0.01015887 -0.02410193 -0.04363774
v -0.01065887 -0.02360193 0.01236226
v -0.0105476 -0.02361447 0.01236226
v -0.01044193 -0.02365145 0.01236226
v -0.01034712 -0.02371102 0.01236226
v -0.01026795 -0.02379019 0.01236226
v -0.01020838 -0.02388499 0.01236226
v -0.0101714 -0.02399067 0.01236226
v -0.01015887 -0.02410193 0.01236226
v -0.01065887 -0.02360193 0.06836227
v -0.0105476 -0.02361447 0.06836227
v -0.01044193 -0.02365145 0.06836227
v -0.01034712 -0.02371102 0.06836227
v -0.01026795 -0.02379019 0.06836227
v -0.01020838 -0.02388499 0.06836227
v -0.0101714 -0.02399067 0.06836227
v -0.01015887 -0.02410193 0.06836227
v -0.01478887 -0.02360193 0.06836227
v -0.01478887 -0.02360193 -0.06748773
v -0.01324482 -0.02360193 -0.06748773
v -0.01478887 -0.02360193 -0.07578774
v -0.01478887 -0.02360193 -0.21163774
v -0.01491828 -0.0235849 0.06836227
v -0.01491828 -0.0235849 -0.06748773
v -0.01503887 -0.02353495 0.06836227
v -0.01503887 -0.02353495 -0.06748773
v -0.01514242 -0.02345549 0.06836227
v -0.01514242 -0.02345549 -0.06748773
v -0.01522188 -0.02335193 0.06836227
v -0.01522188 -0.02335193 -0.06748773
v -0.01527183 -0.02323134 0.06836227
v -0.01527183 -0.02323134 -0.06748773
v -0.01528887 -0.02310193 0.06836227
v -0.01528887 -0.02310193 -0.06748773
v -0.01491828 -0.0235849 -0.07578774
v -0.01491828 -0.0235849 -0.21163774
v -0.01503887 -0.02353495 -0.07578774
v -0.01503887 -0.02353495 -0.21163774
v -0.01514242 -0.02345549 -0.07578774
v -0.01514242 -0.02345549 -0.21163774
v -0.01522188 -0.02335193 -0.07578774
v -0.01522188 -0.02335193 -0.21163774
v -0.01527183 -0.02323134 -0.07578774
v -0.01527183 -0.02323134 -0.21163774
v -0.01528887 -0.02310193 -0.07578774
v -0.01528887 -0.02310193 -0.21163774
v -0.02402887 -0.02310193 -0.06748773
v -0.02402887 -0.02310193 0.06836227
v -0.0240459 -0.02323134 0.06836227
v -0.0240459 -0.02323134 -0.06748773
v -0.02409586 -0.02335193 0.06836227
v -0.02409586 -0.02335193 -0.06748773
v -0.02417531 -0.02345549 0.06836227
v -0.02417531 -0.02345549 -0.06748773
v -0.02427887 -0.02353495 0.06836227
v -0.02427887 -0.02353495 -0.06748773
v -0.02439946 -0.0235849 0.06836227
v -0.02439946 -0.0235849 -0.06748773
v -0.02452887 -0.02360193 0.06836227
v -0.02452887 -0.02360193 -0.06748773
v -0.02402887 -0.02310193 -0.21163774
v -0.02402887 -0.02310193 -0.07578774
v -0.0240459 -0.02323134 -0.07578774
v -0.0240459 -0.02323134 -0.21163774
v -0.02409586 -0.02335193 -0.07578774
v -0.02409586 -0.02335193 -0.21163774
v -0.02417531 -0.02345549 -0.07578774
v -0.02417531 -0.02345549 -0.21163774
v -0.02427887 -0.02353495 -0.07578774
v -0.02427887 -0.02353495 -0.21163774
v -0.02439946 -0.0235849 -0.07578774
v -0.02439946 -0.0235849 -0.21163774
v -0.02452887 -0.02360193 -0.07578774
v -0.02452887 -0.02360193 -0.21163774
v -0.02865887 -0.02360193 -0.04363774
v -0.02865887 -0.02360193 -0.06748773
v -0.02865887 -0.02360193 0.01236226
v -0.02865887 -0.02360193 0.06836227
v -0.02865887 -0.02360193 -0.21163774
v -0.02865887 -0.02360193 -0.15563774
v -0.02865887 -0.02360193 -0.09963773
v -0.02607291 -0.02360193 -0.07578774
v -0.02865887 -0.02360193 -0.06868289
v -0.02914183 -0.02397252 -0.04363774
v -0.02915887 -0.02410193 -0.04363774
v -0.02915887 -0.02410193 -0.09963773
v -0.02909188 -0.02385193 -0.09963773
v -0.02909145 -0.02385224 -0.06749436
v -0.02914183 -0.02397252 -0.09963773
v -0.02909387 -0.02385541 -0.06748773
v -0.02901242 -0.02374838 -0.09963773
v -0.02890887 -0.02366892 -0.09963773
v -0.02889906 -0.02368662 -0.06802295
v -0.02894821 -0.0237134 -0.06788792
v -0.02901242 -0.02374838 -0.0677115
v -0.02903168 -0.02377369 -0.0676586
v -0.02878828 -0.02361897 -0.09963773
v -0.02876422 -0.02361316 -0.06839342
v -0.02878559 -0.0236248 -0.06833471
v -0.02885611 -0.02366322 -0.06814097
v -0.02878828 -0.02361897 -0.04363774
v -0.02878828 -0.02361897 -0.06748773
v -0.02876388 -0.02361576 -0.06748773
v -0.02901242 -0.02374838 -0.04363774
v -0.02895367 -0.0237033 -0.06748773
v -0.02890887 -0.02366892 -0.04363774
v -0.02890887 -0.02366892 -0.06748773
v -0.02886331 -0.02365005 -0.06748773
v -0.02909188 -0.02385193 -0.04363774
v -0.02903175 -0.02377357 -0.06748773
v -0.02901242 -0.02374838 -0.06748773
v -0.02909188 -0.02385193 -0.06748773
v -0.02915887 -0.02410193 -0.15563774
v -0.02915887 -0.02410193 -0.21163774
v -0.02914183 -0.02397252 -0.15563774
v -0.02914183 -0.02397252 -0.21163774
v -0.02909188 -0.02385193 -0.15563774
v -0.02909188 -0.02385193 -0.21163774
v -0.02901242 -0.02374838 -0.15563774
v -0.02901242 -0.02374838 -0.21163774
v -0.02890887 -0.02366892 -0.15563774
v -0.02890887 -0.02366892 -0.21163774
v -0.02878828 -0.02361897 -0.15563774
v -0.02878828 -0.02361897 -0.21163774
v -0.02915887 -0.02410193 0.01236226
v -0.02914183 -0.02397252 0.01236226
v -0.02909188 -0.02385193 0.01236226
v -0.02901242 -0.02374838 0.01236226
v -0.02890887 -0.02366892 0.01236226
v -0.02878828 -0.02361897 0.01236226
v -0.02915887 -0.02410193 0.06836227
v -0.02914183 -0.02397252 0.06836227
v -0.02909188 -0.02385193 0.06836227
v -0.02901242 -0.02374838 0.06836227
v -0.02890887 -0.02366892 0.06836227
v -0.02878828 -0.02361897 0.06836227
v -0.00465887 -0.04720065 -0.21163774
v -0.00465887 -0.02440193 -0.21163774
v -0.00465887 -0.04720065 0.06836227
v -0.00465887 -0.02440193 0.06836227
v -0.03465887 -0.02050193 -0.21163774
v -0.03465887 -0.02110193 -0.21163774
v -0.03465887 -0.02050193 0.06836227
v -0.03465887 -0.02110193 0.06836227
v -0.00515887 -0.02000193 -0.21163774
v -0.01478887 -0.02000193 -0.21163774
v -0.00515887 -0.02000193 0.06836227
v -0.01478887 -0.02000193 0.06836227
v -0.03415887 -0.02000193 0.06836227
v -0.02452887 -0.02000193 0.06836227
v -0.03415887 -0.02000193 -0.21163774
v -0.02452887 -0.02000193 -0.21163774
v -0.00795887 -0.02160193 -0.21163774
v -0.00808828 -0.02161897 -0.21163774
v -0.00820887 -0.02166892 -0.21163774
v -0.00831242 -0.02174838 -0.21163774
v -0.00839188 -0.02185193 -0.21163774
v -0.01491828 -0.02001897 -0.21163774
v -0.00844183 -0.02197252 -0.21163774
v -0.01503887 -0.02006892 -0.21163774
v -0.00502946 -0.0215849 -0.21163774
v -0.00515887 -0.02160193 -0.21163774
v -0.00465887 -0.02110193 -0.21163774
v -0.00465887 -0.02050193 -0.21163774
v -0.00831242 -0.02375549 -0.21163774
v -0.01020404 -0.02748131 -0.21163774
v -0.00839188 -0.02365193 -0.21163774
v -0.01017029 -0.02737989 -0.21163774
v -0.00844183 -0.02353134 -0.21163774
v -0.01015887 -0.02727362 -0.21163774
v -0.0307759 -0.02587252 -0.21163774
v -0.00502946 -0.02001897 -0.21163774
v -0.00490887 -0.02006892 -0.21163774
v -0.00480531 -0.02014838 -0.21163774
v -0.00472585 -0.02025193 -0.21163774
v -0.0046759 -0.02037252 -0.21163774
v -0.0046759 -0.02123134 -0.21163774
v -0.00472585 -0.02135193 -0.21163774
v -0.00480531 -0.02145549 -0.21163774
v -0.00845887 -0.02340193 -0.21163774
v -0.00845887 -0.02210193 -0.21163774
v -0.00625887 -0.02600193 -0.21163774
v -0.00625887 -0.045741 -0.21163774
v -0.00627571 -0.04586968 -0.21163774
v -0.0063251 -0.0459897 -0.21163774
v -0.00808828 -0.0238849 -0.21163774
v -0.00830887 -0.02556892 -0.21163774
v -0.00820887 -0.02383495 -0.21163774
v -0.00841242 -0.02564838 -0.21163774
v -0.03299188 -0.02575193 -0.21163774
v -0.03304183 -0.02587252 -0.21163774
v -0.03465887 -0.02440193 -0.21163774
v -0.03305887 -0.02600193 -0.21163774
v -0.03465887 -0.04720065 -0.21163774
v -0.03305887 -0.045741 -0.21163774
v -0.03304202 -0.04586968 -0.21163774
v -0.03467005 -0.04730578 -0.21163774
v -0.03299263 -0.0459897 -0.21163774
v -0.00357288 -0.04993793 -0.21163774
v -0.00675435 -0.04624098 -0.21163774
v -0.00662583 -0.04622298 -0.21163774
v -0.0062759 -0.02587252 -0.21163774
v -0.00632586 -0.02575193 -0.21163774
v -0.0046759 -0.02427252 -0.21163774
v -0.00640531 -0.02564838 -0.21163774
v -0.00472585 -0.02415193 -0.21163774
v -0.00515887 -0.02390193 -0.21163774
v -0.00502946 -0.02391897 -0.21163774
v -0.00490887 -0.02396892 -0.21163774
v -0.00480531 -0.02404838 -0.21163774
v -0.0308759 -0.02197252 -0.21163774
v -0.00490887 -0.02153495 -0.21163774
v -0.0348279 -0.04757543 -0.21163774
v -0.03475649 -0.04749746 -0.21163774
v -0.03470308 -0.04740622 -0.21163774
v -0.00640372 -0.04609295 -0.21163774
v -0.00461465 -0.04740622 -0.21163774
v -0.00456124 -0.04749746 -0.21163774
v -0.01025857 -0.02757323 -0.21163774
v -0.00849188 -0.02575193 -0.21163774
v -0.0103314 -0.02765146 -0.21163774
v -0.00854183 -0.02587252 -0.21163774
v -0.00855887 -0.02600193 -0.21163774
v -0.03100531 -0.02174838 -0.21163774
v -0.03110887 -0.02166892 -0.21163774
v -0.03122946 -0.02161897 -0.21163774
v -0.03135887 -0.02160193 -0.21163774
v -0.03415887 -0.02160193 -0.21163774
v -0.03459188 -0.02415193 -0.21163774
v -0.03451242 -0.02404838 -0.21163774
v -0.03291242 -0.02564838 -0.21163774
v -0.03574485 -0.04993793 -0.21163774
v -0.03256338 -0.04624098 -0.21163774
v -0.03243455 -0.0462253 -0.21163774
v -0.00464769 -0.04730578 -0.21163774
v -0.01392106 -0.03287978 -0.21163774
v -0.01401939 -0.03294634 -0.21163774
v -0.01472749 -0.03138784 -0.21163774
v -0.01413064 -0.03298784 -0.21163774
v -0.01424853 -0.03300193 -0.21163774
v -0.02402887 -0.02050193 -0.21163774
v -0.02417531 -0.02014838 -0.21163774
v -0.02427887 -0.02006892 -0.21163774
v -0.02439946 -0.02001897 -0.21163774
v -0.03092585 -0.02185193 -0.21163774
v -0.03415887 -0.02390193 -0.21163774
v -0.03135887 -0.02390193 -0.21163774
v -0.03255887 -0.02550193 -0.21163774
v -0.03100531 -0.02375549 -0.21163774
v -0.03092585 -0.02365193 -0.21163774
v -0.03112946 -0.02551897 -0.21163774
v -0.0308759 -0.02353134 -0.21163774
v -0.03085887 -0.02340193 -0.21163774
v -0.00795887 -0.02390193 -0.21163774
v -0.00805887 -0.02550193 -0.21163774
v -0.00818828 -0.02551897 -0.21163774
v -0.0250692 -0.03300193 -0.21163774
v -0.0251871 -0.03298784 -0.21163774
v -0.02470149 -0.03134634 -0.21163774
v -0.02529834 -0.03294634 -0.21163774
v -0.02539667 -0.03287978 -0.21163774
v -0.02479982 -0.03127978 -0.21163774
v -0.02459024 -0.03138784 -0.21163774
v -0.02447235 -0.03140193 -0.21163774
v -0.01484538 -0.03140193 -0.21163774
v -0.02409586 -0.02025193 -0.21163774
v -0.0240459 -0.02037252 -0.21163774
v -0.03082585 -0.02575193 -0.21163774
v -0.03090531 -0.02564838 -0.21163774
v -0.03100887 -0.02556892 -0.21163774
v -0.03125887 -0.02550193 -0.21163774
v -0.03122946 -0.0238849 -0.21163774
v -0.03110887 -0.02383495 -0.21163774
v -0.01528887 -0.02050193 -0.21163774
v -0.01527183 -0.02037252 -0.21163774
v -0.03428828 -0.0215849 -0.21163774
v -0.03440887 -0.02153495 -0.21163774
v -0.03451242 -0.02145549 -0.21163774
v -0.03459188 -0.02135193 -0.21163774
v -0.01522188 -0.02025193 -0.21163774
v -0.01514242 -0.02014838 -0.21163774
v -0.00650887 -0.02556892 -0.21163774
v -0.00662946 -0.02551897 -0.21163774
v -0.00675886 -0.02550193 -0.21163774
v -0.03464183 -0.02037252 -0.21163774
v -0.03459188 -0.02025193 -0.21163774
v -0.03451242 -0.02014838 -0.21163774
v -0.03440887 -0.02006892 -0.21163774
v -0.03268828 -0.02551897 -0.21163774
v -0.03280887 -0.02556892 -0.21163774
v -0.03428828 -0.02391897 -0.21163774
v -0.03440887 -0.02396892 -0.21163774
v -0.03464183 -0.02427252 -0.21163774
v -0.0349141 -0.04763664 -0.21163774
v -0.03027288 -0.04686594 -0.21163774
v -0.0323141 -0.04617699 -0.21163774
v -0.03015461 -0.0468182 -0.21163774
v -0.00448984 -0.04757543 -0.21163774
v -0.00650626 -0.0461725 -0.21163774
v -0.02911369 -0.02748131 -0.21163774
v -0.03074744 -0.0281105 -0.21163774
v -0.02914744 -0.02737989 -0.21163774
v -0.03075887 -0.02800423 -0.21163774
v -0.02915887 -0.02727362 -0.21163774
v -0.03075887 -0.02600193 -0.21163774
v -0.02898633 -0.02765146 -0.21163774
v -0.03058633 -0.02838207 -0.21163774
v -0.02905916 -0.02757323 -0.21163774
v -0.03065916 -0.02830384 -0.21163774
v -0.03071369 -0.02821191 -0.21163774
v -0.00855887 -0.02800423 -0.21163774
v -0.00857029 -0.0281105 -0.21163774
v -0.00860404 -0.02821191 -0.21163774
v -0.03085887 -0.02210193 -0.21163774
v -0.03464183 -0.02123134 -0.21163774
v -0.03428828 -0.02001897 -0.21163774
v -0.05565887 -0.05000193 -0.21163774
v -0.05565887 -0.04840193 -0.21163774
v -0.05268387 -0.05000193 -0.21163774
v -0.05268387 -0.04840193 -0.21163774
v -0.03598962 -0.05000193 -0.21163774
v -0.03640803 -0.04840193 -0.21163774
v -0.03586312 -0.04998567 -0.21163774
v -0.03628153 -0.04838567 -0.21163774
v -0.03616326 -0.04833793 -0.21163774
v -0.03291401 -0.04609295 -0.21163774
v -0.03281147 -0.0461725 -0.21163774
v -0.03269191 -0.04622298 -0.21163774
v 0.01647054 -0.0499849 -0.21163774
v 0.01634113 -0.05000193 -0.21163774
v 0.01684113 -0.04950193 -0.21163774
v 3.151E-05 -0.05000193 -0.21163774
v 0.01684113 -0.04890193 -0.21163774
v -0.01461624 -0.03134634 -0.21163774
v -0.01451792 -0.03127978 -0.21163774
v -0.0087314 -0.02838207 -0.21163774
v -0.00865858 -0.02830384 -0.21163774
v -0.00916312 -0.0468182 -0.21163774
v -0.00862644 -0.04526594 -0.21163774
v -0.00904485 -0.04686594 -0.21163774
v -0.00700364 -0.04617699 -0.21163774
v -0.00688318 -0.0462253 -0.21163774
v -0.03069129 -0.04526594 -0.21163774
v -0.03057302 -0.0452182 -0.21163774
v -0.03002811 -0.04680193 -0.21163774
v -0.03044652 -0.04520193 -0.21163774
v -0.00928962 -0.04680193 -0.21163774
v -0.00887121 -0.04520193 -0.21163774
v -0.00874471 -0.0452182 -0.21163774
v 0.01647054 -0.04841897 -0.21163774
v 0.01659114 -0.04846892 -0.21163774
v 0.01669468 -0.04854838 -0.21163774
v 0.01682409 -0.04877252 -0.21163774
v 0.01677414 -0.04865193 -0.21163774
v 0.01682409 -0.04963134 -0.21163774
v 0.01677414 -0.04975193 -0.21163774
v 0.01669468 -0.04985549 -0.21163774
v -0.05590887 -0.04993495 -0.21163774
v -0.05601242 -0.04985549 -0.21163774
v -0.05609188 -0.04975193 -0.21163774
v -0.05615887 -0.04950193 -0.21163774
v -0.05615887 -0.04890193 -0.21163774
v -0.05578828 -0.04841897 -0.21163774
v -0.05609188 -0.04865193 -0.21163774
v -0.05601242 -0.04854838 -0.21163774
v -0.05590887 -0.04846892 -0.21163774
v -0.00440364 -0.04763664 -0.21163774
v -0.00315447 -0.04833793 -0.21163774
v -0.00345461 -0.04998567 -0.21163774
v -0.0030362 -0.04838567 -0.21163774
v -0.00332811 -0.05000193 -0.21163774
v -0.00290971 -0.04840193 -0.21163774
v 0.00024071 -0.04840193 -0.21163774
v 0.01634113 -0.04840193 -0.21163774
v -0.05578828 -0.0499849 -0.21163774
v -0.05614183 -0.04963134 -0.21163774
v 0.01659114 -0.04993495 -0.21163774
v -0.05614183 -0.04877252 -0.21163774
v -0.01503887 -0.02006892 0.06836227
v -0.01514242 -0.02014838 0.06836227
v -0.00844183 -0.02197252 0.06836227
v -0.0308759 -0.02197252 0.06836227
v -0.00839188 -0.02185193 0.06836227
v -0.00831242 -0.02174838 0.06836227
v -0.03092585 -0.02185193 0.06836227
v -0.00841242 -0.02564838 0.06836227
v -0.00830887 -0.02556892 0.06836227
v -0.00820887 -0.02383495 0.06836227
v -0.00839188 -0.02365193 0.06836227
v -0.01015887 -0.02727362 0.06836227
v -0.00831242 -0.02375549 0.06836227
v -0.03280887 -0.02556892 0.06836227
v -0.03268828 -0.02551897 0.06836227
v -0.03415887 -0.02390193 0.06836227
v -0.00808828 -0.0238849 0.06836227
v -0.01491828 -0.02001897 0.06836227
v -0.00820887 -0.02166892 0.06836227
v -0.00808828 -0.02161897 0.06836227
v -0.00795887 -0.02160193 0.06836227
v -0.0308759 -0.02353134 0.06836227
v -0.00849188 -0.02575193 0.06836227
v -0.00854183 -0.02587252 0.06836227
v -0.03440887 -0.02396892 0.06836227
v -0.03451242 -0.02404838 0.06836227
v -0.03291242 -0.02564838 0.06836227
v -0.03085887 -0.02340193 0.06836227
v -0.03085887 -0.02210193 0.06836227
v -0.03122946 -0.02161897 0.06836227
v -0.03110887 -0.02166892 0.06836227
v -0.03100531 -0.02174838 0.06836227
v -0.00845887 -0.02210193 0.06836227
v -0.00845887 -0.02340193 0.06836227
v -0.00844183 -0.02353134 0.06836227
v -0.03100531 -0.02375549 0.06836227
v -0.02911369 -0.02748131 0.06836227
v -0.03092585 -0.02365193 0.06836227
v -0.02914744 -0.02737989 0.06836227
v -0.02915887 -0.02727362 0.06836227
v -0.01451792 -0.03127978 0.06836227
v -0.01461624 -0.03134634 0.06836227
v -0.01392106 -0.03287978 0.06836227
v -0.00456124 -0.04749746 0.06836227
v -0.00627571 -0.04586968 0.06836227
v -0.00448984 -0.04757543 0.06836227
v -0.0063251 -0.0459897 0.06836227
v -0.00640372 -0.04609295 0.06836227
v -0.03112946 -0.02551897 0.06836227
v -0.03122946 -0.0238849 0.06836227
v -0.03125887 -0.02550193 0.06836227
v -0.03135887 -0.02390193 0.06836227
v -0.03428828 -0.02001897 0.06836227
v -0.03440887 -0.02006892 0.06836227
v -0.03135887 -0.02160193 0.06836227
v -0.03451242 -0.02014838 0.06836227
v -0.03459188 -0.02025193 0.06836227
v -0.00515887 -0.02390193 0.06836227
v -0.00650887 -0.02556892 0.06836227
v -0.00502946 -0.02391897 0.06836227
v -0.00640531 -0.02564838 0.06836227
v -0.00490887 -0.02396892 0.06836227
v -0.00632586 -0.02575193 0.06836227
v -0.0046759 -0.02427252 0.06836227
v -0.00472585 -0.02415193 0.06836227
v -0.00480531 -0.02404838 0.06836227
v -0.00465887 -0.02050193 0.06836227
v -0.00465887 -0.02110193 0.06836227
v -0.00515887 -0.02160193 0.06836227
v -0.00502946 -0.0215849 0.06836227
v -0.00461465 -0.04740622 0.06836227
v -0.00464769 -0.04730578 0.06836227
v -0.00625887 -0.045741 0.06836227
v -0.00625887 -0.02600193 0.06836227
v -0.0062759 -0.02587252 0.06836227
v -0.00650626 -0.0461725 0.06836227
v -0.00662583 -0.04622298 0.06836227
v -0.00357288 -0.04993793 0.06836227
v -0.03255887 -0.02550193 0.06836227
v -0.03100887 -0.02556892 0.06836227
v -0.03090531 -0.02564838 0.06836227
v -0.03082585 -0.02575193 0.06836227
v -0.03464183 -0.02037252 0.06836227
v -0.02402887 -0.02050193 0.06836227
v -0.00472585 -0.02135193 0.06836227
v -0.0046759 -0.02123134 0.06836227
v -0.00480531 -0.02145549 0.06836227
v -0.00490887 -0.02153495 0.06836227
v -0.0046759 -0.02037252 0.06836227
v -0.00472585 -0.02025193 0.06836227
v -0.00480531 -0.02014838 0.06836227
v -0.00490887 -0.02006892 0.06836227
v -0.00502946 -0.02001897 0.06836227
v -0.01401939 -0.03294634 0.06836227
v -0.01472749 -0.03138784 0.06836227
v -0.01413064 -0.03298784 0.06836227
v -0.03305887 -0.02600193 0.06836227
v -0.03465887 -0.02440193 0.06836227
v -0.03305887 -0.045741 0.06836227
v -0.03465887 -0.04720065 0.06836227
v -0.03304202 -0.04586968 0.06836227
v -0.03299263 -0.0459897 0.06836227
v -0.03464183 -0.02123134 0.06836227
v -0.03459188 -0.02135193 0.06836227
v -0.03451242 -0.02145549 0.06836227
v -0.03440887 -0.02153495 0.06836227
v -0.01424853 -0.03300193 0.06836227
v -0.01484538 -0.03140193 0.06836227
v -0.0250692 -0.03300193 0.06836227
v -0.02447235 -0.03140193 0.06836227
v -0.02459024 -0.03138784 0.06836227
v -0.0251871 -0.03298784 0.06836227
v -0.02470149 -0.03134634 0.06836227
v -0.02529834 -0.03294634 0.06836227
v -0.03304183 -0.02587252 0.06836227
v -0.03299188 -0.02575193 0.06836227
v -0.03464183 -0.02427252 0.06836227
v -0.03459188 -0.02415193 0.06836227
v -0.03428828 -0.02391897 0.06836227
v -0.03428828 -0.0215849 0.06836227
v -0.03415887 -0.02160193 0.06836227
v -0.01528887 -0.02050193 0.06836227
v -0.0103314 -0.02765146 0.06836227
v -0.0087314 -0.02838207 0.06836227
v -0.01025857 -0.02757323 0.06836227
v -0.00865858 -0.02830384 0.06836227
v -0.01020404 -0.02748131 0.06836227
v -0.02539667 -0.03287978 0.06836227
v -0.02479982 -0.03127978 0.06836227
v -0.03058633 -0.02838207 0.06836227
v -0.0240459 -0.02037252 0.06836227
v -0.02409586 -0.02025193 0.06836227
v -0.02417531 -0.02014838 0.06836227
v -0.02427887 -0.02006892 0.06836227
v -0.02439946 -0.02001897 0.06836227
v -0.00818828 -0.02551897 0.06836227
v -0.00805887 -0.02550193 0.06836227
v -0.00795887 -0.02390193 0.06836227
v -0.00675886 -0.02550193 0.06836227
v -0.00662946 -0.02551897 0.06836227
v -0.01522188 -0.02025193 0.06836227
v -0.01527183 -0.02037252 0.06836227
v -0.00860404 -0.02821191 0.06836227
v -0.00857029 -0.0281105 0.06836227
v -0.01017029 -0.02737989 0.06836227
v -0.00855887 -0.02800423 0.06836227
v -0.00855887 -0.02600193 0.06836227
v -0.0307759 -0.02587252 0.06836227
v -0.03110887 -0.02383495 0.06836227
v -0.02898633 -0.02765146 0.06836227
v -0.02905916 -0.02757323 0.06836227
v -0.03065916 -0.02830384 0.06836227
v -0.03071369 -0.02821191 0.06836227
v -0.03291401 -0.04609295 0.06836227
v -0.03467005 -0.04730578 0.06836227
v -0.03470308 -0.04740622 0.06836227
v -0.03574485 -0.04993793 0.06836227
v -0.03616326 -0.04833793 0.06836227
v -0.03586312 -0.04998567 0.06836227
v -0.03628153 -0.04838567 0.06836227
v -0.03598962 -0.05000193 0.06836227
v -0.03640803 -0.04840193 0.06836227
v -0.05268387 -0.05000193 0.06836227
v -0.03075887 -0.02600193 0.06836227
v -0.03075887 -0.02800423 0.06836227
v -0.03074744 -0.0281105 0.06836227
v -0.00440364 -0.04763664 0.06836227
v -0.00315447 -0.04833793 0.06836227
v -0.03256338 -0.04624098 0.06836227
v -0.03269191 -0.04622298 0.06836227
v -0.03281147 -0.0461725 0.06836227
v -0.05615887 -0.04890193 0.06836227
v -0.05615887 -0.04950193 0.06836227
v -0.05565887 -0.04840193 0.06836227
v 0.01647054 -0.04841897 0.06836227
v 0.01634113 -0.04840193 0.06836227
v 0.01684113 -0.04890193 0.06836227
v 0.00024071 -0.04840193 0.06836227
v 0.01684113 -0.04950193 0.06836227
v -0.03015461 -0.0468182 0.06836227
v -0.03069129 -0.04526594 0.06836227
v -0.03027288 -0.04686594 0.06836227
v -0.0323141 -0.04617699 0.06836227
v -0.03243455 -0.0462253 0.06836227
v -0.00675435 -0.04624098 0.06836227
v -0.00688318 -0.0462253 0.06836227
v -0.00904485 -0.04686594 0.06836227
v -0.00700364 -0.04617699 0.06836227
v -0.00916312 -0.0468182 0.06836227
v -0.03475649 -0.04749746 0.06836227
v -0.0348279 -0.04757543 0.06836227
v -0.0349141 -0.04763664 0.06836227
v 0.01647054 -0.0499849 0.06836227
v 0.01659114 -0.04993495 0.06836227
v 0.01669468 -0.04985549 0.06836227
v 0.01682409 -0.04963134 0.06836227
v 0.01677414 -0.04975193 0.06836227
v 0.01682409 -0.04877252 0.06836227
v 0.01677414 -0.04865193 0.06836227
v 0.01669468 -0.04854838 0.06836227
v -0.00862644 -0.04526594 0.06836227
v -0.00874471 -0.0452182 0.06836227
v -0.00928962 -0.04680193 0.06836227
v -0.00887121 -0.04520193 0.06836227
v -0.03002811 -0.04680193 0.06836227
v -0.03044652 -0.04520193 0.06836227
v -0.03057302 -0.0452182 0.06836227
v -0.05268387 -0.04840193 0.06836227
v -0.0030362 -0.04838567 0.06836227
v -0.00345461 -0.04998567 0.06836227
v -0.00290971 -0.04840193 0.06836227
v -0.00332811 -0.05000193 0.06836227
v 3.151E-05 -0.05000193 0.06836227
v 0.01634113 -0.05000193 0.06836227
v -0.05565887 -0.05000193 0.06836227
v -0.05614183 -0.04963134 0.06836227
v -0.05609188 -0.04975193 0.06836227
v 0.01659114 -0.04846892 0.06836227
v -0.05590887 -0.04846892 0.06836227
v -0.05601242 -0.04854838 0.06836227
v -0.05609188 -0.04865193 0.06836227
v -0.05601242 -0.04985549 0.06836227
v -0.05590887 -0.04993495 0.06836227
v -0.05578828 -0.0499849 0.06836227
v -0.05578828 -0.04841897 0.06836227
v -0.05614183 -0.04877252 0.06836227
v -0.05268387 -0.05000193 -0.19163772
v -0.04317778 -0.05000193 -0.20338774
v -0.04373399 -0.05000193 -0.20411262
v -0.04445887 -0.05000193 -0.20466882
v -0.045303 -0.05000193 -0.20501846
v -0.04620887 -0.05000193 -0.20513773
v -0.04711473 -0.05000193 -0.20501846
v -0.04445887 -0.05000193 -0.19860664
v -0.04373399 -0.05000193 -0.19916287
v -0.03598962 -0.05000193 -0.19163772
v -0.04317778 -0.05000193 -0.19988772
v -0.04795887 -0.05000193 -0.20466882
v -0.04868374 -0.05000193 -0.20411262
v -0.04923996 -0.05000193 -0.20338774
v -0.04923996 -0.05000193 -0.19988772
v -0.04868374 -0.05000193 -0.19916287
v -0.04795887 -0.05000193 -0.19860664
v -0.04711473 -0.05000193 -0.198257
v -0.04620887 -0.05000193 -0.19813773
v -0.045303 -0.05000193 -0.198257
v -0.04958961 -0.05000193 -0.20254359
v -0.04970887 -0.05000193 -0.20163774
v -0.04958961 -0.05000193 -0.20073187
v -0.04282813 -0.05000193 -0.20073187
v -0.04270887 -0.05000193 -0.20163774
v -0.04282813 -0.05000193 -0.20254359
v -0.04317778 -0.05000193 -0.18338773
v -0.04373399 -0.05000193 -0.18411261
v -0.04445887 -0.05000193 -0.18466881
v -0.045303 -0.05000193 -0.18501848
v -0.04620887 -0.05000193 -0.18513775
v -0.04711473 -0.05000193 -0.18501848
v -0.04795887 -0.05000193 -0.18466881
v -0.04868374 -0.05000193 -0.18411261
v -0.04923996 -0.05000193 -0.18338773
v -0.04923996 -0.05000193 -0.17988773
v -0.04868374 -0.05000193 -0.17916286
v -0.05268387 -0.05000193 -0.17163773
v -0.04620887 -0.05000193 -0.17813773
v -0.045303 -0.05000193 -0.17825699
v -0.03598962 -0.05000193 -0.17163773
v -0.04795887 -0.05000193 -0.17860664
v -0.04711473 -0.05000193 -0.17825699
v -0.04445887 -0.05000193 -0.17860664
v -0.04373399 -0.05000193 -0.17916286
v -0.04317778 -0.05000193 -0.17988773
v -0.04958961 -0.05000193 -0.18254361
v -0.04970887 -0.05000193 -0.18163773
v -0.04958961 -0.05000193 -0.18073186
v -0.04282813 -0.05000193 -0.18073186
v -0.04270887 -0.05000193 -0.18163773
v -0.04282813 -0.05000193 -0.18254361
v -0.04620887 -0.05000193 -0.16513774
v -0.04711473 -0.05000193 -0.16501847
v -0.04620887 -0.05000193 -0.15813774
v -0.045303 -0.05000193 -0.15825699
v -0.03598962 -0.05000193 -0.15163773
v -0.045303 -0.05000193 -0.16501847
v -0.04795887 -0.05000193 -0.16466883
v -0.04868374 -0.05000193 -0.16411261
v -0.04923996 -0.05000193 -0.16338773
v -0.05268387 -0.05000193 -0.15163773
v -0.04923996 -0.05000193 -0.15988773
v -0.04868374 -0.05000193 -0.15916286
v -0.04958961 -0.05000193 -0.16254359
v -0.04970887 -0.05000193 -0.16163774
v -0.04958961 -0.05000193 -0.16073187
v -0.04795887 -0.05000193 -0.15860665
v -0.04711473 -0.05000193 -0.15825699
v -0.04445887 -0.05000193 -0.15860665
v -0.04373399 -0.05000193 -0.15916286
v -0.04317778 -0.05000193 -0.15988773
v -0.04282813 -0.05000193 -0.16073187
v -0.04270887 -0.05000193 -0.16163774
v -0.04282813 -0.05000193 -0.16254359
v -0.04317778 -0.05000193 -0.16338773
v -0.04373399 -0.05000193 -0.16411261
v -0.04445887 -0.05000193 -0.16466883
v -0.04620887 -0.05000193 -0.14513773
v -0.04711473 -0.05000193 -0.14501847
v -0.045303 -0.05000193 -0.138257
v -0.04445887 -0.05000193 -0.13860665
v -0.03598962 -0.05000193 -0.13163774
v -0.04923996 -0.05000193 -0.13988774
v -0.04868374 -0.05000193 -0.13916285
v -0.05268387 -0.05000193 -0.13163774
v -0.04620887 -0.05000193 -0.13813773
v -0.04795887 -0.05000193 -0.14466882
v -0.04868374 -0.05000193 -0.1441126
v -0.04923996 -0.05000193 -0.14338773
v -0.04958961 -0.05000193 -0.1425436
v -0.04970887 -0.05000193 -0.14163773
v -0.04958961 -0.05000193 -0.14073187
v -0.04795887 -0.05000193 -0.13860665
v -0.04711473 -0.05000193 -0.138257
v -0.045303 -0.05000193 -0.14501847
v -0.04282813 -0.05000193 -0.14073187
v -0.04270887 -0.05000193 -0.14163773
v -0.04282813 -0.05000193 -0.1425436
v -0.04317778 -0.05000193 -0.14338773
v -0.04373399 -0.05000193 -0.13916285
v -0.04317778 -0.05000193 -0.13988774
v -0.04373399 -0.05000193 -0.1441126
v -0.04445887 -0.05000193 -0.14466882
v -0.04620887 -0.05000193 -0.12513773
v -0.04711473 -0.05000193 -0.12501848
v -0.045303 -0.05000193 -0.12501848
v -0.04795887 -0.05000193 -0.12466882
v -0.04868374 -0.05000193 -0.12411261
v -0.04923996 -0.05000193 -0.12338774
v -0.04795887 -0.05000193 -0.11860664
v -0.05268387 -0.05000193 -0.07163773
v -0.04868374 -0.05000193 -0.11916286
v -0.04923996 -0.05000193 -0.11988774
v -0.04958961 -0.05000193 -0.1225436
v -0.04970887 -0.05000193 -0.12163773
v -0.04958961 -0.05000193 -0.12073186
v -0.03598962 -0.05000193 -0.07163773
v -0.04445887 -0.05000193 -0.11860664
v -0.04373399 -0.05000193 -0.11916286
v -0.04282813 -0.05000193 -0.1225436
v -0.04317778 -0.05000193 -0.12338774
v -0.04711473 -0.05000193 -0.118257
v -0.04620887 -0.05000193 -0.11813773
v -0.045303 -0.05000193 -0.118257
v -0.04317778 -0.05000193 -0.11988774
v -0.04282813 -0.05000193 -0.12073186
v -0.04270887 -0.05000193 -0.12163773
v -0.04373399 -0.05000193 -0.12411261
v -0.04445887 -0.05000193 -0.12466882
v -0.04282813 -0.05000193 -0.0025436
v -0.04317778 -0.05000193 -0.00338773
v -0.04711473 -0.05000193 -0.01825699
v -0.04373399 -0.05000193 -0.00411261
v -0.04620887 -0.05000193 -0.00513773
v -0.04958961 -0.05000193 -0.02073187
v -0.04923996 -0.05000193 -0.01988773
v -0.04317778 -0.05000193 -0.02338774
v -0.04373399 -0.05000193 -0.0241126
v -0.04445887 -0.05000193 -0.00466882
v -0.045303 -0.05000193 -0.00501847
v -0.04795887 -0.05000193 -0.01860665
v -0.04868374 -0.05000193 -0.01916286
v -0.04445887 -0.05000193 -0.02466882
v -0.045303 -0.05000193 -0.02501848
v -0.04620887 -0.05000193 -0.02513774
v -0.04711473 -0.05000193 -0.02501848
v -0.04923996 -0.05000193 0.00011227
v -0.04868374 -0.05000193 0.00083714
v -0.05268387 -0.05000193 0.00836227
v -0.04795887 -0.05000193 0.00139336
v -0.04445887 -0.05000193 0.00139336
v -0.04373399 -0.05000193 0.00083714
v -0.03598962 -0.05000193 0.00836227
v -0.04317778 -0.05000193 0.00011227
v -0.04711473 -0.05000193 0.001743
v -0.04620887 -0.05000193 0.00186227
v -0.045303 -0.05000193 0.001743
v -0.04282813 -0.05000193 -0.00073187
v -0.04270887 -0.05000193 -0.00163773
v -0.04373399 -0.05000193 -0.01916286
v -0.04317778 -0.05000193 -0.01988773
v -0.04282813 -0.05000193 -0.02073187
v -0.04270887 -0.05000193 -0.02163774
v -0.04282813 -0.05000193 -0.0225436
v -0.04795887 -0.05000193 -0.02466882
v -0.04868374 -0.05000193 -0.0241126
v -0.04923996 -0.05000193 -0.02338774
v -0.04711473 -0.05000193 -0.00501847
v -0.04795887 -0.05000193 -0.00466882
v -0.04970887 -0.05000193 -0.02163774
v -0.04868374 -0.05000193 -0.00411261
v -0.04620887 -0.05000193 -0.01813773
v -0.045303 -0.05000193 -0.01825699
v -0.04445887 -0.05000193 -0.01860665
v -0.04923996 -0.05000193 -0.00338773
v -0.04958961 -0.05000193 -0.0025436
v -0.04970887 -0.05000193 -0.00163773
v -0.04958961 -0.05000193 -0.00073187
v -0.04958961 -0.05000193 -0.0225436
v -0.04620887 -0.05000193 0.02186226
v -0.045303 -0.05000193 0.02174301
v -0.03598962 -0.05000193 0.02836227
v -0.04317778 -0.05000193 0.01661227
v -0.04373399 -0.05000193 0.01588739
v -0.04711473 -0.05000193 0.01498153
v -0.04795887 -0.05000193 0.01533118
v -0.04868374 -0.05000193 0.01588739
v -0.04923996 -0.05000193 0.01661227
v -0.04923996 -0.05000193 0.02011226
v -0.04868374 -0.05000193 0.02083714
v -0.05268387 -0.05000193 0.02836227
v -0.04958961 -0.05000193 0.0174564
v -0.04970887 -0.05000193 0.01836227
v -0.04958961 -0.05000193 0.01926813
v -0.04795887 -0.05000193 0.02139335
v -0.04711473 -0.05000193 0.02174301
v -0.04445887 -0.05000193 0.01533118
v -0.045303 -0.05000193 0.01498153
v -0.04620887 -0.05000193 0.01486227
v -0.04317778 -0.05000193 0.02011226
v -0.04282813 -0.05000193 0.01926813
v -0.04270887 -0.05000193 0.01836227
v -0.04282813 -0.05000193 0.0174564
v -0.04445887 -0.05000193 0.02139335
v -0.04373399 -0.05000193 0.02083714
v -0.04923996 -0.05000193 0.04011227
v -0.04868374 -0.05000193 0.04083714
v -0.05268387 -0.05000193 0.04836227
v -0.04620887 -0.05000193 0.03486226
v -0.04711473 -0.05000193 0.03498153
v -0.04795887 -0.05000193 0.04139335
v -0.04711473 -0.05000193 0.04174301
v -0.04620887 -0.05000193 0.04186227
v -0.045303 -0.05000193 0.04174301
v -0.03598962 -0.05000193 0.04836227
v -0.04445887 -0.05000193 0.04139335
v -0.04373399 -0.05000193 0.04083714
v -0.045303 -0.05000193 0.03498153
v -0.04282813 -0.05000193 0.0374564
v -0.04317778 -0.05000193 0.03661226
v -0.04795887 -0.05000193 0.03533118
v -0.04868374 -0.05000193 0.03588739
v -0.04923996 -0.05000193 0.03661226
v -0.04958961 -0.05000193 0.0374564
v -0.04970887 -0.05000193 0.03836227
v -0.04958961 -0.05000193 0.03926813
v -0.04317778 -0.05000193 0.04011227
v -0.04282813 -0.05000193 0.03926813
v -0.04270887 -0.05000193 0.03836227
v -0.04373399 -0.05000193 0.03588739
v -0.04445887 -0.05000193 0.03533118
v -0.04795887 -0.05000193 0.05533118
v -0.04711473 -0.05000193 0.05498153
v -0.04620887 -0.05000193 0.05486227
v -0.045303 -0.05000193 0.05498153
v -0.04620887 -0.05000193 0.06186227
v -0.045303 -0.05000193 0.06174301
v -0.03598962 -0.05000193 0.06511227
v -0.04868374 -0.05000193 0.06083714
v -0.05268387 -0.05000193 0.06511227
v -0.04923996 -0.05000193 0.06011227
v -0.04958961 -0.05000193 0.05926813
v -0.04445887 -0.05000193 0.06139335
v -0.04373399 -0.05000193 0.06083714
v -0.04317778 -0.05000193 0.06011227
v -0.04795887 -0.05000193 0.06139335
v -0.04711473 -0.05000193 0.06174301
v -0.04282813 -0.05000193 0.05926813
v -0.04270887 -0.05000193 0.05836227
v -0.04282813 -0.05000193 0.0574564
v -0.04317778 -0.05000193 0.05661227
v -0.04373399 -0.05000193 0.05588739
v -0.04445887 -0.05000193 0.05533118
v -0.04970887 -0.05000193 0.05836227
v -0.04958961 -0.05000193 0.0574564
v -0.04868374 -0.05000193 0.05588739
v -0.04923996 -0.05000193 0.05661227
v -0.05565887 -0.05000193 -0.19163772
v -0.05565887 -0.05000193 -0.17163773
v -0.05565887 -0.05000193 -0.15163773
v -0.05565887 -0.05000193 -0.13163774
v -0.05565887 -0.05000193 -0.07163773
v -0.05565887 -0.05000193 0.00836227
v -0.05565887 -0.05000193 0.02836227
v -0.05565887 -0.05000193 0.04836227
v -0.05565887 -0.05000193 0.06511227
v 3.151E-05 -0.05000193 -0.19163772
v 0.00936601 -0.05000193 -0.19916287
v 0.00992223 -0.05000193 -0.19988772
v 0.01634113 -0.05000193 -0.19163772
v 0.00992223 -0.05000193 -0.20338774
v 0.00936601 -0.05000193 -0.20411262
v 0.00864113 -0.05000193 -0.20466882
v 0.007797 -0.05000193 -0.20501846
v 0.00689114 -0.05000193 -0.20513773
v 0.00598527 -0.05000193 -0.20501846
v 0.00514113 -0.05000193 -0.20466882
v 0.00441626 -0.05000193 -0.20411262
v 0.00386005 -0.05000193 -0.20338774
v 0.00864113 -0.05000193 -0.19860664
v 0.00351039 -0.05000193 -0.20073187
v 0.00339113 -0.05000193 -0.20163774
v 0.00351039 -0.05000193 -0.20254359
v 0.00386005 -0.05000193 -0.19988772
v 0.00441626 -0.05000193 -0.19916287
v 0.00514113 -0.05000193 -0.19860664
v 0.00598527 -0.05000193 -0.198257
v 0.00689114 -0.05000193 -0.19813773
v 0.007797 -0.05000193 -0.198257
v 0.01027187 -0.05000193 -0.20073187
v 0.01039113 -0.05000193 -0.20163774
v 0.01027187 -0.05000193 -0.20254359
v 0.01027187 -0.05000193 -0.18254361
v 0.00992223 -0.05000193 -0.18338773
v 0.00936601 -0.05000193 -0.18411261
v 0.00441626 -0.05000193 -0.17916286
v 0.00514113 -0.05000193 -0.17860664
v 3.151E-05 -0.05000193 -0.17163773
v 0.00864113 -0.05000193 -0.18466881
v 0.007797 -0.05000193 -0.18501848
v 0.00689114 -0.05000193 -0.18513775
v 0.00598527 -0.05000193 -0.18501848
v 0.00514113 -0.05000193 -0.18466881
v 0.00441626 -0.05000193 -0.18411261
v 0.00386005 -0.05000193 -0.18338773
v 0.01634113 -0.05000193 -0.17163773
v 0.00864113 -0.05000193 -0.17860664
v 0.00936601 -0.05000193 -0.17916286
v 0.00386005 -0.05000193 -0.17988773
v 0.00992223 -0.05000193 -0.17988773
v 0.01027187 -0.05000193 -0.18073186
v 0.01039113 -0.05000193 -0.18163773
v 0.00351039 -0.05000193 -0.18254361
v 0.00339113 -0.05000193 -0.18163773
v 0.00351039 -0.05000193 -0.18073186
v 0.00598527 -0.05000193 -0.17825699
v 0.00689114 -0.05000193 -0.17813773
v 0.007797 -0.05000193 -0.17825699
v 0.01634113 -0.05000193 -0.15163773
v 0.00864113 -0.05000193 -0.15860665
v 0.00936601 -0.05000193 -0.15916286
v 0.01027187 -0.05000193 -0.16254359
v 0.00992223 -0.05000193 -0.16338773
v 0.00936601 -0.05000193 -0.16411261
v 0.00992223 -0.05000193 -0.15988773
v 0.01027187 -0.05000193 -0.16073187
v 0.01039113 -0.05000193 -0.16163774
v 0.00689114 -0.05000193 -0.16513774
v 0.007797 -0.05000193 -0.16501847
v 0.00864113 -0.05000193 -0.16466883
v 0.00598527 -0.05000193 -0.16501847
v 0.00514113 -0.05000193 -0.16466883
v 0.00441626 -0.05000193 -0.16411261
v 0.00351039 -0.05000193 -0.16073187
v 3.151E-05 -0.05000193 -0.15163773
v 0.00339113 -0.05000193 -0.16163774
v 0.00386005 -0.05000193 -0.15988773
v 0.00441626 -0.05000193 -0.15916286
v 0.00514113 -0.05000193 -0.15860665
v 0.00386005 -0.05000193 -0.16338773
v 0.00351039 -0.05000193 -0.16254359
v 0.00598527 -0.05000193 -0.15825699
v 0.00689114 -0.05000193 -0.15813774
v 0.007797 -0.05000193 -0.15825699
v 0.00992223 -0.05000193 -0.14338773
v 0.00936601 -0.05000193 -0.1441126
v 0.00864113 -0.05000193 -0.13860665
v 0.00936601 -0.05000193 -0.13916285
v 0.01634113 -0.05000193 -0.13163774
v 0.00992223 -0.05000193 -0.13988774
v 0.01027187 -0.05000193 -0.14073187
v 0.01039113 -0.05000193 -0.14163773
v 0.01027187 -0.05000193 -0.1425436
v 0.00689114 -0.05000193 -0.14513773
v 0.007797 -0.05000193 -0.14501847
v 0.00864113 -0.05000193 -0.14466882
v 0.00598527 -0.05000193 -0.14501847
v 0.00514113 -0.05000193 -0.14466882
v 0.00441626 -0.05000193 -0.1441126
v 0.00351039 -0.05000193 -0.14073187
v 3.151E-05 -0.05000193 -0.13163774
v 0.00339113 -0.05000193 -0.14163773
v 0.00386005 -0.05000193 -0.13988774
v 0.00441626 -0.05000193 -0.13916285
v 0.00514113 -0.05000193 -0.13860665
v 0.00386005 -0.05000193 -0.14338773
v 0.00351039 -0.05000193 -0.1425436
v 0.00598527 -0.05000193 -0.138257
v 0.00689114 -0.05000193 -0.13813773
v 0.007797 -0.05000193 -0.138257
v 0.01634113 -0.05000193 -0.07163773
v 0.00864113 -0.05000193 -0.11860664
v 0.00936601 -0.05000193 -0.11916286
v 0.01039113 -0.05000193 -0.12163773
v 0.01027187 -0.05000193 -0.12073186
v 0.00992223 -0.05000193 -0.11988774
v 0.01027187 -0.05000193 -0.1225436
v 0.00992223 -0.05000193 -0.12338774
v 0.00936601 -0.05000193 -0.12411261
v 0.00689114 -0.05000193 -0.12513773
v 0.007797 -0.05000193 -0.12501848
v 0.00864113 -0.05000193 -0.12466882
v 0.00598527 -0.05000193 -0.12501848
v 0.00514113 -0.05000193 -0.12466882
v 0.00441626 -0.05000193 -0.12411261
v 0.00351039 -0.05000193 -0.12073186
v 3.151E-05 -0.05000193 -0.07163773
v 0.00339113 -0.05000193 -0.12163773
v 0.00386005 -0.05000193 -0.11988774
v 0.00441626 -0.05000193 -0.11916286
v 0.00514113 -0.05000193 -0.11860664
v 0.00386005 -0.05000193 -0.12338774
v 0.00351039 -0.05000193 -0.1225436
v 0.00598527 -0.05000193 -0.118257
v 0.00689114 -0.05000193 -0.11813773
v 0.007797 -0.05000193 -0.118257
v 0.00514113 -0.05000193 -0.01860665
v 0.00598527 -0.05000193 -0.01825699
v 3.151E-05 -0.05000193 0.00836227
v 0.00936601 -0.05000193 -0.01916286
v 0.007797 -0.05000193 -0.00501847
v 0.00864113 -0.05000193 -0.01860665
v 0.007797 -0.05000193 -0.01825699
v 0.00689114 -0.05000193 -0.01813773
v 0.00689114 -0.05000193 -0.00513773
v 0.00992223 -0.05000193 -0.02338774
v 0.00936601 -0.05000193 -0.0241126
v 0.00351039 -0.05000193 -0.02073187
v 0.00339113 -0.05000193 -0.02163774
v 0.00386005 -0.05000193 -0.01988773
v 0.00441626 -0.05000193 -0.01916286
v 0.00689114 -0.05000193 -0.02513774
v 0.007797 -0.05000193 -0.02501848
v 0.00864113 -0.05000193 -0.02466882
v 0.00598527 -0.05000193 -0.02501848
v 0.00514113 -0.05000193 -0.02466882
v 0.00441626 -0.05000193 -0.0241126
v 0.00864113 -0.05000193 0.00139336
v 0.00936601 -0.05000193 0.00083714
v 0.01634113 -0.05000193 0.00836227
v 0.00992223 -0.05000193 0.00011227
v 0.01027187 -0.05000193 -0.00073187
v 0.00386005 -0.05000193 -0.02338774
v 0.00351039 -0.05000193 -0.0225436
v 0.00598527 -0.05000193 -0.00501847
v 0.00514113 -0.05000193 -0.00466882
v 0.00441626 -0.05000193 -0.00411261
v 0.00386005 -0.05000193 -0.00338773
v 0.00351039 -0.05000193 -0.0025436
v 0.00339113 -0.05000193 -0.00163773
v 0.00351039 -0.05000193 -0.00073187
v 0.00386005 -0.05000193 0.00011227
v 0.00441626 -0.05000193 0.00083714
v 0.00514113 -0.05000193 0.00139336
v 0.01039113 -0.05000193 -0.00163773
v 0.01027187 -0.05000193 -0.0025436
v 0.00598527 -0.05000193 0.001743
v 0.00689114 -0.05000193 0.00186227
v 0.007797 -0.05000193 0.001743
v 0.00992223 -0.05000193 -0.00338773
v 0.00936601 -0.05000193 -0.00411261
v 0.00864113 -0.05000193 -0.00466882
v 0.00992223 -0.05000193 -0.01988773
v 0.01027187 -0.05000193 -0.02073187
v 0.01039113 -0.05000193 -0.02163774
v 0.01027187 -0.05000193 -0.0225436
v 0.00992223 -0.05000193 0.01661227
v 0.00936601 -0.05000193 0.01588739
v 0.007797 -0.05000193 0.02174301
v 0.01634113 -0.05000193 0.02836227
v 0.00689114 -0.05000193 0.02186226
v 3.151E-05 -0.05000193 0.02836227
v 0.00598527 -0.05000193 0.01498153
v 0.00514113 -0.05000193 0.01533118
v 0.00441626 -0.05000193 0.01588739
v 0.00386005 -0.05000193 0.01661227
v 0.00864113 -0.05000193 0.02139335
v 0.00936601 -0.05000193 0.02083714
v 0.00992223 -0.05000193 0.02011226
v 0.00386005 -0.05000193 0.02011226
v 0.00441626 -0.05000193 0.02083714
v 0.01027187 -0.05000193 0.01926813
v 0.01039113 -0.05000193 0.01836227
v 0.01027187 -0.05000193 0.0174564
v 0.00864113 -0.05000193 0.01533118
v 0.007797 -0.05000193 0.01498153
v 0.00689114 -0.05000193 0.01486227
v 0.00351039 -0.05000193 0.0174564
v 0.00339113 -0.05000193 0.01836227
v 0.00351039 -0.05000193 0.01926813
v 0.00514113 -0.05000193 0.02139335
v 0.00598527 -0.05000193 0.02174301
v 0.00386005 -0.05000193 0.04011227
v 0.00441626 -0.05000193 0.04083714
v 3.151E-05 -0.05000193 0.04836227
v 0.00514113 -0.05000193 0.04139335
v 0.00598527 -0.05000193 0.04174301
v 0.00689114 -0.05000193 0.04186227
v 0.01027187 -0.05000193 0.0374564
v 0.00992223 -0.05000193 0.03661226
v 0.00936601 -0.05000193 0.03588739
v 0.007797 -0.05000193 0.04174301
v 0.01634113 -0.05000193 0.04836227
v 0.00864113 -0.05000193 0.04139335
v 0.00936601 -0.05000193 0.04083714
v 0.00992223 -0.05000193 0.04011227
v 0.01027187 -0.05000193 0.03926813
v 0.01039113 -0.05000193 0.03836227
v 0.00864113 -0.05000193 0.03533118
v 0.007797 -0.05000193 0.03498153
v 0.00689114 -0.05000193 0.03486226
v 0.00598527 -0.05000193 0.03498153
v 0.00514113 -0.05000193 0.03533118
v 0.00441626 -0.05000193 0.03588739
v 0.00386005 -0.05000193 0.03661226
v 0.00351039 -0.05000193 0.0374564
v 0.00339113 -0.05000193 0.03836227
v 0.00351039 -0.05000193 0.03926813
v 0.00514113 -0.05000193 0.05533118
v 0.00598527 -0.05000193 0.05498153
v 0.00689114 -0.05000193 0.05486227
v 0.007797 -0.05000193 0.05498153
v 0.00689114 -0.05000193 0.06186227
v 0.007797 -0.05000193 0.06174301
v 0.01634113 -0.05000193 0.06511227
v 0.00992223 -0.05000193 0.06011227
v 0.01027187 -0.05000193 0.05926813
v 0.01039113 -0.05000193 0.05836227
v 0.01027187 -0.05000193 0.0574564
v 0.00992223 -0.05000193 0.05661227
v 0.00936601 -0.05000193 0.05588739
v 0.00864113 -0.05000193 0.05533118
v 0.00441626 -0.05000193 0.06083714
v 3.151E-05 -0.05000193 0.06511227
v 0.00386005 -0.05000193 0.06011227
v 0.00351039 -0.05000193 0.05926813
v 0.00864113 -0.05000193 0.06139335
v 0.00936601 -0.05000193 0.06083714
v 0.00514113 -0.05000193 0.06139335
v 0.00598527 -0.05000193 0.06174301
v 0.00351039 -0.05000193 0.0574564
v 0.00339113 -0.05000193 0.05836227
v 0.00441626 -0.05000193 0.05588739
v 0.00386005 -0.05000193 0.05661227
v -0.00332811 -0.05000193 -0.19163772
v -0.00332811 -0.05000193 -0.17163773
v -0.00332811 -0.05000193 -0.15163773
v -0.00332811 -0.05000193 -0.13163774
v -0.00332811 -0.05000193 -0.07163773
v -0.00332811 -0.05000193 0.00836227
v -0.00332811 -0.05000193 0.02836227
v -0.00332811 -0.05000193 0.04836227
v -0.00332811 -0.05000193 0.06511227
v -0.00357288 -0.04993793 0.06836227
v -0.00904485 -0.04686594 0.06836227
v -0.03574485 -0.04993793 0.06836227
v -0.03027288 -0.04686594 0.06836227
v -0.00290971 -0.04840193 0.06511227
v 0.00024071 -0.04840193 0.06511227
v -0.00290971 -0.04840193 0.04836227
v 0.00024071 -0.04840193 0.04836227
v -0.00290971 -0.04840193 0.02836227
v 0.00024071 -0.04840193 0.02836227
v -0.00290971 -0.04840193 0.00836227
v 0.00024071 -0.04840193 0.00836227
v -0.00290971 -0.04840193 -0.07163773
v 0.00024071 -0.04840193 -0.07163773
v -0.00290971 -0.04840193 -0.13163774
v 0.00024071 -0.04840193 -0.13163774
v -0.00290971 -0.04840193 -0.15163773
v 0.00024071 -0.04840193 -0.15163773
v -0.00290971 -0.04840193 -0.17163773
v 0.00024071 -0.04840193 -0.17163773
v -0.00290971 -0.04840193 -0.19163772
v 0.00024071 -0.04840193 -0.19163772
v 0.00992223 -0.04840193 -0.20338774
v 0.00936601 -0.04840193 -0.20411262
v 0.00864113 -0.04840193 -0.20466882
v 0.01634113 -0.04840193 -0.19163772
v 0.00992223 -0.04840193 -0.19988772
v 0.00936601 -0.04840193 -0.19916287
v 0.00864113 -0.04840193 -0.19860664
v 0.007797 -0.04840193 -0.198257
v 0.00689114 -0.04840193 -0.19813773
v 0.00598527 -0.04840193 -0.198257
v 0.01027187 -0.04840193 -0.20254359
v 0.01039113 -0.04840193 -0.20163774
v 0.01027187 -0.04840193 -0.20073187
v 0.00514113 -0.04840193 -0.19860664
v 0.00441626 -0.04840193 -0.19916287
v 0.00386005 -0.04840193 -0.19988772
v 0.00386005 -0.04840193 -0.20338774
v 0.00441626 -0.04840193 -0.20411262
v 0.00514113 -0.04840193 -0.20466882
v 0.00351039 -0.04840193 -0.20073187
v 0.00339113 -0.04840193 -0.20163774
v 0.00351039 -0.04840193 -0.20254359
v 0.00598527 -0.04840193 -0.20501846
v 0.00689114 -0.04840193 -0.20513773
v 0.007797 -0.04840193 -0.20501846
v 0.00992223 -0.04840193 -0.18338773
v 0.00936601 -0.04840193 -0.18411261
v 0.00864113 -0.04840193 -0.18466881
v 0.00992223 -0.04840193 -0.17988773
v 0.00936601 -0.04840193 -0.17916286
v 0.01634113 -0.04840193 -0.17163773
v 0.01027187 -0.04840193 -0.18254361
v 0.01039113 -0.04840193 -0.18163773
v 0.01027187 -0.04840193 -0.18073186
v 0.00864113 -0.04840193 -0.17860664
v 0.007797 -0.04840193 -0.17825699
v 0.00689114 -0.04840193 -0.17813773
v 0.00598527 -0.04840193 -0.17825699
v 0.00386005 -0.04840193 -0.18338773
v 0.00441626 -0.04840193 -0.18411261
v 0.00514113 -0.04840193 -0.18466881
v 0.00598527 -0.04840193 -0.18501848
v 0.00689114 -0.04840193 -0.18513775
v 0.007797 -0.04840193 -0.18501848
v 0.00514113 -0.04840193 -0.17860664
v 0.00441626 -0.04840193 -0.17916286
v 0.00386005 -0.04840193 -0.17988773
v 0.00351039 -0.04840193 -0.18073186
v 0.00339113 -0.04840193 -0.18163773
v 0.00351039 -0.04840193 -0.18254361
v 0.00992223 -0.04840193 -0.15988773
v 0.00936601 -0.04840193 -0.15916286
v 0.01634113 -0.04840193 -0.15163773
v 0.00864113 -0.04840193 -0.15860665
v 0.007797 -0.04840193 -0.15825699
v 0.00689114 -0.04840193 -0.15813774
v 0.00598527 -0.04840193 -0.15825699
v 0.00992223 -0.04840193 -0.16338773
v 0.00936601 -0.04840193 -0.16411261
v 0.00864113 -0.04840193 -0.16466883
v 0.00514113 -0.04840193 -0.15860665
v 0.00441626 -0.04840193 -0.15916286
v 0.00386005 -0.04840193 -0.15988773
v 0.01027187 -0.04840193 -0.16254359
v 0.01039113 -0.04840193 -0.16163774
v 0.01027187 -0.04840193 -0.16073187
v 0.00441626 -0.04840193 -0.16411261
v 0.00514113 -0.04840193 -0.16466883
v 0.00386005 -0.04840193 -0.16338773
v 0.00598527 -0.04840193 -0.16501847
v 0.00689114 -0.04840193 -0.16513774
v 0.007797 -0.04840193 -0.16501847
v 0.00351039 -0.04840193 -0.16073187
v 0.00339113 -0.04840193 -0.16163774
v 0.00351039 -0.04840193 -0.16254359
v 0.00992223 -0.04840193 -0.13988774
v 0.00936601 -0.04840193 -0.13916285
v 0.01634113 -0.04840193 -0.13163774
v 0.00864113 -0.04840193 -0.14466882
v 0.00936601 -0.04840193 -0.1441126
v 0.00992223 -0.04840193 -0.14338773
v 0.01027187 -0.04840193 -0.1425436
v 0.01039113 -0.04840193 -0.14163773
v 0.01027187 -0.04840193 -0.14073187
v 0.00864113 -0.04840193 -0.13860665
v 0.007797 -0.04840193 -0.138257
v 0.00689114 -0.04840193 -0.13813773
v 0.00598527 -0.04840193 -0.138257
v 0.00514113 -0.04840193 -0.13860665
v 0.00441626 -0.04840193 -0.13916285
v 0.00386005 -0.04840193 -0.13988774
v 0.00441626 -0.04840193 -0.1441126
v 0.00514113 -0.04840193 -0.14466882
v 0.00386005 -0.04840193 -0.14338773
v 0.00598527 -0.04840193 -0.14501847
v 0.00689114 -0.04840193 -0.14513773
v 0.007797 -0.04840193 -0.14501847
v 0.00351039 -0.04840193 -0.14073187
v 0.00339113 -0.04840193 -0.14163773
v 0.00351039 -0.04840193 -0.1425436
v 0.00864113 -0.04840193 -0.12466882
v 0.00936601 -0.04840193 -0.12411261
v 0.00992223 -0.04840193 -0.12338774
v 0.01027187 -0.04840193 -0.1225436
v 0.01039113 -0.04840193 -0.12163773
v 0.01027187 -0.04840193 -0.12073186
v 0.01634113 -0.04840193 -0.07163773
v 0.00992223 -0.04840193 -0.11988774
v 0.00936601 -0.04840193 -0.11916286
v 0.00864113 -0.04840193 -0.11860664
v 0.007797 -0.04840193 -0.118257
v 0.00689114 -0.04840193 -0.11813773
v 0.00598527 -0.04840193 -0.118257
v 0.00514113 -0.04840193 -0.11860664
v 0.00441626 -0.04840193 -0.11916286
v 0.00386005 -0.04840193 -0.11988774
v 0.00441626 -0.04840193 -0.12411261
v 0.00514113 -0.04840193 -0.12466882
v 0.00386005 -0.04840193 -0.12338774
v 0.00598527 -0.04840193 -0.12501848
v 0.00689114 -0.04840193 -0.12513773
v 0.007797 -0.04840193 -0.12501848
v 0.00351039 -0.04840193 -0.12073186
v 0.00339113 -0.04840193 -0.12163773
v 0.00351039 -0.04840193 -0.1225436
v 0.00992223 -0.04840193 -0.01988773
v 0.00936601 -0.04840193 -0.01916286
v 0.007797 -0.04840193 -0.00501847
v 0.00441626 -0.04840193 -0.00411261
v 0.00514113 -0.04840193 -0.00466882
v 0.00689114 -0.04840193 -0.01813773
v 0.00864113 -0.04840193 -0.02466882
v 0.00936601 -0.04840193 -0.0241126
v 0.00992223 -0.04840193 -0.02338774
v 0.00936601 -0.04840193 0.00083714
v 0.01634113 -0.04840193 0.00836227
v 0.00992223 -0.04840193 0.00011227
v 0.01027187 -0.04840193 -0.00073187
v 0.00864113 -0.04840193 -0.01860665
v 0.007797 -0.04840193 -0.01825699
v 0.00689114 -0.04840193 -0.00513773
v 0.00598527 -0.04840193 -0.00501847
v 0.00598527 -0.04840193 0.001743
v 0.00514113 -0.04840193 0.00139336
v 0.00441626 -0.04840193 0.00083714
v 0.00386005 -0.04840193 0.00011227
v 0.00514113 -0.04840193 -0.01860665
v 0.00441626 -0.04840193 -0.01916286
v 0.00386005 -0.04840193 -0.01988773
v 0.00864113 -0.04840193 0.00139336
v 0.007797 -0.04840193 0.001743
v 0.00689114 -0.04840193 0.00186227
v 0.00351039 -0.04840193 -0.00073187
v 0.00339113 -0.04840193 -0.00163773
v 0.00351039 -0.04840193 -0.0025436
v 0.00598527 -0.04840193 -0.01825699
v 0.00386005 -0.04840193 -0.00338773
v 0.00441626 -0.04840193 -0.0241126
v 0.00514113 -0.04840193 -0.02466882
v 0.00386005 -0.04840193 -0.02338774
v 0.00598527 -0.04840193 -0.02501848
v 0.00689114 -0.04840193 -0.02513774
v 0.007797 -0.04840193 -0.02501848
v 0.00936601 -0.04840193 -0.00411261
v 0.00992223 -0.04840193 -0.00338773
v 0.01027187 -0.04840193 -0.0025436
v 0.01039113 -0.04840193 -0.00163773
v 0.00351039 -0.04840193 -0.02073187
v 0.00339113 -0.04840193 -0.02163774
v 0.00351039 -0.04840193 -0.0225436
v 0.01027187 -0.04840193 -0.02073187
v 0.00864113 -0.04840193 -0.00466882
v 0.01039113 -0.04840193 -0.02163774
v 0.01027187 -0.04840193 -0.0225436
v 0.00386005 -0.04840193 0.01661227
v 0.00441626 -0.04840193 0.01588739
v 0.00514113 -0.04840193 0.01533118
v 0.00864113 -0.04840193 0.01533118
v 0.00936601 -0.04840193 0.01588739
v 0.00936601 -0.04840193 0.02083714
v 0.01634113 -0.04840193 0.02836227
v 0.00992223 -0.04840193 0.02011226
v 0.01027187 -0.04840193 0.01926813
v 0.00864113 -0.04840193 0.02139335
v 0.007797 -0.04840193 0.02174301
v 0.00689114 -0.04840193 0.02186226
v 0.00598527 -0.04840193 0.02174301
v 0.00514113 -0.04840193 0.02139335
v 0.00441626 -0.04840193 0.02083714
v 0.00386005 -0.04840193 0.02011226
v 0.00351039 -0.04840193 0.01926813
v 0.00339113 -0.04840193 0.01836227
v 0.00351039 -0.04840193 0.0174564
v 0.00598527 -0.04840193 0.01498153
v 0.00689114 -0.04840193 0.01486227
v 0.007797 -0.04840193 0.01498153
v 0.00992223 -0.04840193 0.01661227
v 0.01027187 -0.04840193 0.0174564
v 0.01039113 -0.04840193 0.01836227
v 0.00441626 -0.04840193 0.03588739
v 0.00514113 -0.04840193 0.03533118
v 0.00992223 -0.04840193 0.04011227
v 0.00936601 -0.04840193 0.04083714
v 0.01634113 -0.04840193 0.04836227
v 0.00864113 -0.04840193 0.04139335
v 0.007797 -0.04840193 0.04174301
v 0.00689114 -0.04840193 0.04186227
v 0.00598527 -0.04840193 0.04174301
v 0.00514113 -0.04840193 0.04139335
v 0.00441626 -0.04840193 0.04083714
v 0.00386005 -0.04840193 0.04011227
v 0.00386005 -0.04840193 0.03661226
v 0.00992223 -0.04840193 0.03661226
v 0.00936601 -0.04840193 0.03588739
v 0.00864113 -0.04840193 0.03533118
v 0.00351039 -0.04840193 0.03926813
v 0.00339113 -0.04840193 0.03836227
v 0.00351039 -0.04840193 0.0374564
v 0.00598527 -0.04840193 0.03498153
v 0.00689114 -0.04840193 0.03486226
v 0.007797 -0.04840193 0.03498153
v 0.01027187 -0.04840193 0.0374564
v 0.01039113 -0.04840193 0.03836227
v 0.01027187 -0.04840193 0.03926813
v 0.007797 -0.04840193 0.06174301
v 0.00689114 -0.04840193 0.06186227
v 0.00598527 -0.04840193 0.06174301
v 0.00514113 -0.04840193 0.06139335
v 0.00441626 -0.04840193 0.06083714
v 0.00386005 -0.04840193 0.06011227
v 0.00351039 -0.04840193 0.05926813
v 0.00339113 -0.04840193 0.05836227
v 0.00351039 -0.04840193 0.0574564
v 0.00386005 -0.04840193 0.05661227
v 0.00598527 -0.04840193 0.05498153
v 0.00689114 -0.04840193 0.05486227
v 0.007797 -0.04840193 0.05498153
v 0.00864113 -0.04840193 0.05533118
v 0.00936601 -0.04840193 0.05588739
v 0.00992223 -0.04840193 0.05661227
v 0.01027187 -0.04840193 0.0574564
v 0.01634113 -0.04840193 0.06511227
v 0.01039113 -0.04840193 0.05836227
v 0.01027187 -0.04840193 0.05926813
v 0.00992223 -0.04840193 0.06011227
v 0.00936601 -0.04840193 0.06083714
v 0.00864113 -0.04840193 0.06139335
v 0.00441626 -0.04840193 0.05588739
v 0.00514113 -0.04840193 0.05533118
v -0.05565887 -0.04840193 -0.17163773
v -0.05565887 -0.04840193 -0.15163773
v -0.05268387 -0.04840193 -0.15163773
v -0.05268387 -0.04840193 -0.19163772
v -0.05565887 -0.04840193 -0.19163772
v -0.05268387 -0.04840193 -0.17163773
v -0.05565887 -0.04840193 0.06511227
v -0.05268387 -0.04840193 0.06511227
v -0.05565887 -0.04840193 0.04836227
v -0.05268387 -0.04840193 0.04836227
v -0.05565887 -0.04840193 0.02836227
v -0.05268387 -0.04840193 0.02836227
v -0.05565887 -0.04840193 0.00836227
v -0.05268387 -0.04840193 0.00836227
v -0.05565887 -0.04840193 -0.07163773
v -0.05268387 -0.04840193 -0.07163773
v -0.05565887 -0.04840193 -0.13163774
v -0.04445887 -0.04840193 -0.20466882
v -0.04373399 -0.04840193 -0.20411262
v -0.04317778 -0.04840193 -0.19988772
v -0.04373399 -0.04840193 -0.19916287
v -0.03640803 -0.04840193 -0.19163772
v -0.04711473 -0.04840193 -0.198257
v -0.04795887 -0.04840193 -0.19860664
v -0.04868374 -0.04840193 -0.19916287
v -0.04923996 -0.04840193 -0.19988772
v -0.04282813 -0.04840193 -0.20073187
v -0.04445887 -0.04840193 -0.19860664
v -0.045303 -0.04840193 -0.198257
v -0.04620887 -0.04840193 -0.19813773
v -0.04923996 -0.04840193 -0.20338774
v -0.04868374 -0.04840193 -0.20411262
v -0.04795887 -0.04840193 -0.20466882
v -0.04711473 -0.04840193 -0.20501846
v -0.04620887 -0.04840193 -0.20513773
v -0.045303 -0.04840193 -0.20501846
v -0.04958961 -0.04840193 -0.20073187
v -0.04970887 -0.04840193 -0.20163774
v -0.04958961 -0.04840193 -0.20254359
v -0.04317778 -0.04840193 -0.20338774
v -0.04282813 -0.04840193 -0.20254359
v -0.04270887 -0.04840193 -0.20163774
v -0.04445887 -0.04840193 -0.18466881
v -0.04373399 -0.04840193 -0.18411261
v -0.04923996 -0.04840193 -0.18338773
v -0.04868374 -0.04840193 -0.18411261
v -0.04795887 -0.04840193 -0.18466881
v -0.03640803 -0.04840193 -0.17163773
v -0.04282813 -0.04840193 -0.18073186
v -0.04317778 -0.04840193 -0.17988773
v -0.045303 -0.04840193 -0.17825699
v -0.04620887 -0.04840193 -0.17813773
v -0.04711473 -0.04840193 -0.17825699
v -0.04711473 -0.04840193 -0.18501848
v -0.04620887 -0.04840193 -0.18513775
v -0.045303 -0.04840193 -0.18501848
v -0.04373399 -0.04840193 -0.17916286
v -0.04445887 -0.04840193 -0.17860664
v -0.04795887 -0.04840193 -0.17860664
v -0.04868374 -0.04840193 -0.17916286
v -0.04923996 -0.04840193 -0.17988773
v -0.04317778 -0.04840193 -0.18338773
v -0.04282813 -0.04840193 -0.18254361
v -0.04270887 -0.04840193 -0.18163773
v -0.04958961 -0.04840193 -0.18073186
v -0.04970887 -0.04840193 -0.18163773
v -0.04958961 -0.04840193 -0.18254361
v -0.04711473 -0.04840193 -0.15825699
v -0.04795887 -0.04840193 -0.15860665
v -0.04970887 -0.04840193 -0.16163774
v -0.04958961 -0.04840193 -0.16254359
v -0.03640803 -0.04840193 -0.15163773
v -0.045303 -0.04840193 -0.15825699
v -0.04620887 -0.04840193 -0.15813774
v -0.04868374 -0.04840193 -0.15916286
v -0.04923996 -0.04840193 -0.15988773
v -0.04958961 -0.04840193 -0.16073187
v -0.04445887 -0.04840193 -0.16466883
v -0.04373399 -0.04840193 -0.16411261
v -0.04282813 -0.04840193 -0.16073187
v -0.04317778 -0.04840193 -0.15988773
v -0.04923996 -0.04840193 -0.16338773
v -0.04868374 -0.04840193 -0.16411261
v -0.04795887 -0.04840193 -0.16466883
v -0.04711473 -0.04840193 -0.16501847
v -0.04620887 -0.04840193 -0.16513774
v -0.045303 -0.04840193 -0.16501847
v -0.04317778 -0.04840193 -0.16338773
v -0.04282813 -0.04840193 -0.16254359
v -0.04270887 -0.04840193 -0.16163774
v -0.04373399 -0.04840193 -0.15916286
v -0.04445887 -0.04840193 -0.15860665
v -0.04282813 -0.04840193 -0.1425436
v -0.04270887 -0.04840193 -0.14163773
v -0.04711473 -0.04840193 -0.138257
v -0.04795887 -0.04840193 -0.13860665
v -0.05268387 -0.04840193 -0.13163774
v -0.04868374 -0.04840193 -0.13916285
v -0.04970887 -0.04840193 -0.14163773
v -0.04958961 -0.04840193 -0.1425436
v -0.04923996 -0.04840193 -0.14338773
v -0.04868374 -0.04840193 -0.1441126
v -0.04795887 -0.04840193 -0.14466882
v -0.03640803 -0.04840193 -0.13163774
v -0.045303 -0.04840193 -0.138257
v -0.04620887 -0.04840193 -0.13813773
v -0.04923996 -0.04840193 -0.13988774
v -0.04958961 -0.04840193 -0.14073187
v -0.04711473 -0.04840193 -0.14501847
v -0.04620887 -0.04840193 -0.14513773
v -0.045303 -0.04840193 -0.14501847
v -0.04445887 -0.04840193 -0.14466882
v -0.04282813 -0.04840193 -0.14073187
v -0.04317778 -0.04840193 -0.13988774
v -0.04373399 -0.04840193 -0.1441126
v -0.04317778 -0.04840193 -0.14338773
v -0.04373399 -0.04840193 -0.13916285
v -0.04445887 -0.04840193 -0.13860665
v -0.04711473 -0.04840193 -0.118257
v -0.04795887 -0.04840193 -0.11860664
v -0.04970887 -0.04840193 -0.12163773
v -0.04958961 -0.04840193 -0.1225436
v -0.04373399 -0.04840193 -0.11916286
v -0.04445887 -0.04840193 -0.11860664
v -0.03640803 -0.04840193 -0.07163773
v -0.045303 -0.04840193 -0.118257
v -0.04620887 -0.04840193 -0.11813773
v -0.04868374 -0.04840193 -0.11916286
v -0.04923996 -0.04840193 -0.11988774
v -0.04958961 -0.04840193 -0.12073186
v -0.04445887 -0.04840193 -0.12466882
v -0.04373399 -0.04840193 -0.12411261
v -0.04317778 -0.04840193 -0.12338774
v -0.04282813 -0.04840193 -0.1225436
v -0.04923996 -0.04840193 -0.12338774
v -0.04868374 -0.04840193 -0.12411261
v -0.04795887 -0.04840193 -0.12466882
v -0.04711473 -0.04840193 -0.12501848
v -0.04620887 -0.04840193 -0.12513773
v -0.045303 -0.04840193 -0.12501848
v -0.04270887 -0.04840193 -0.12163773
v -0.04282813 -0.04840193 -0.12073186
v -0.04317778 -0.04840193 -0.11988774
v -0.04317778 -0.04840193 -0.01988773
v -0.04373399 -0.04840193 -0.01916286
v -0.04795887 -0.04840193 -0.00466882
v -0.04445887 -0.04840193 -0.01860665
v -0.045303 -0.04840193 -0.01825699
v -0.04868374 -0.04840193 -0.00411261
v -0.04620887 -0.04840193 -0.01813773
v -0.04923996 -0.04840193 -0.00338773
v -0.04958961 -0.04840193 -0.0025436
v -0.04711473 -0.04840193 0.001743
v -0.04795887 -0.04840193 0.00139336
v -0.04868374 -0.04840193 0.00083714
v -0.04923996 -0.04840193 0.00011227
v -0.04958961 -0.04840193 -0.00073187
v -0.04282813 -0.04840193 -0.02073187
v -0.04711473 -0.04840193 -0.00501847
v -0.04620887 -0.04840193 -0.00513773
v -0.04711473 -0.04840193 -0.01825699
v -0.04970887 -0.04840193 -0.00163773
v -0.04795887 -0.04840193 -0.01860665
v -0.04868374 -0.04840193 -0.01916286
v -0.04923996 -0.04840193 -0.01988773
v -0.04795887 -0.04840193 -0.02466882
v -0.04868374 -0.04840193 -0.0241126
v -0.04923996 -0.04840193 -0.02338774
v -0.045303 -0.04840193 -0.02501848
v -0.04620887 -0.04840193 -0.02513774
v -0.04711473 -0.04840193 -0.02501848
v -0.04270887 -0.04840193 -0.00163773
v -0.04282813 -0.04840193 -0.00073187
v -0.03640803 -0.04840193 0.00836227
v -0.04317778 -0.04840193 0.00011227
v -0.04373399 -0.04840193 0.00083714
v -0.04445887 -0.04840193 0.00139336
v -0.045303 -0.04840193 0.001743
v -0.04620887 -0.04840193 0.00186227
v -0.04958961 -0.04840193 -0.02073187
v -0.04970887 -0.04840193 -0.02163774
v -0.04958961 -0.04840193 -0.0225436
v -0.04445887 -0.04840193 -0.02466882
v -0.04373399 -0.04840193 -0.0241126
v -0.04317778 -0.04840193 -0.02338774
v -0.04282813 -0.04840193 -0.0225436
v -0.04270887 -0.04840193 -0.02163774
v -0.04282813 -0.04840193 -0.0025436
v -0.04317778 -0.04840193 -0.00338773
v -0.045303 -0.04840193 -0.00501847
v -0.04445887 -0.04840193 -0.00466882
v -0.04373399 -0.04840193 -0.00411261
v -0.04445887 -0.04840193 0.01533118
v -0.04373399 -0.04840193 0.01588739
v -0.04923996 -0.04840193 0.01661227
v -0.04868374 -0.04840193 0.01588739
v -0.04795887 -0.04840193 0.01533118
v -0.04711473 -0.04840193 0.01498153
v -0.04620887 -0.04840193 0.01486227
v -0.045303 -0.04840193 0.01498153
v -0.04711473 -0.04840193 0.02174301
v -0.04795887 -0.04840193 0.02139335
v -0.04868374 -0.04840193 0.02083714
v -0.04923996 -0.04840193 0.02011226
v -0.04958961 -0.04840193 0.01926813
v -0.04970887 -0.04840193 0.01836227
v -0.04958961 -0.04840193 0.0174564
v -0.04270887 -0.04840193 0.01836227
v -0.03640803 -0.04840193 0.02836227
v -0.04282813 -0.04840193 0.0174564
v -0.04317778 -0.04840193 0.01661227
v -0.04282813 -0.04840193 0.01926813
v -0.04317778 -0.04840193 0.02011226
v -0.04373399 -0.04840193 0.02083714
v -0.04445887 -0.04840193 0.02139335
v -0.045303 -0.04840193 0.02174301
v -0.04620887 -0.04840193 0.02186226
v -0.045303 -0.04840193 0.04174301
v -0.04620887 -0.04840193 0.04186227
v -0.04711473 -0.04840193 0.04174301
v -0.04868374 -0.04840193 0.03588739
v -0.04795887 -0.04840193 0.03533118
v -0.04317778 -0.04840193 0.04011227
v -0.04373399 -0.04840193 0.04083714
v -0.03640803 -0.04840193 0.04836227
v -0.04445887 -0.04840193 0.04139335
v -0.04795887 -0.04840193 0.04139335
v -0.04868374 -0.04840193 0.04083714
v -0.04923996 -0.04840193 0.04011227
v -0.04923996 -0.04840193 0.03661226
v -0.04958961 -0.04840193 0.03926813
v -0.04970887 -0.04840193 0.03836227
v -0.04958961 -0.04840193 0.0374564
v -0.045303 -0.04840193 0.03498153
v -0.04620887 -0.04840193 0.03486226
v -0.04711473 -0.04840193 0.03498153
v -0.04445887 -0.04840193 0.03533118
v -0.04373399 -0.04840193 0.03588739
v -0.04317778 -0.04840193 0.03661226
v -0.04282813 -0.04840193 0.0374564
v -0.04270887 -0.04840193 0.03836227
v -0.04282813 -0.04840193 0.03926813
v -0.045303 -0.04840193 0.06174301
v -0.04620887 -0.04840193 0.06186227
v -0.04711473 -0.04840193 0.06174301
v -0.04795887 -0.04840193 0.06139335
v -0.04868374 -0.04840193 0.06083714
v -0.04923996 -0.04840193 0.06011227
v -0.04282813 -0.04840193 0.05926813
v -0.04317778 -0.04840193 0.06011227
v -0.03640803 -0.04840193 0.06511227
v -0.04373399 -0.04840193 0.06083714
v -0.04445887 -0.04840193 0.06139335
v -0.04958961 -0.04840193 0.05926813
v -0.04970887 -0.04840193 0.05836227
v -0.04958961 -0.04840193 0.0574564
v -0.04923996 -0.04840193 0.05661227
v -0.04868374 -0.04840193 0.05588739
v -0.04795887 -0.04840193 0.05533118
v -0.04711473 -0.04840193 0.05498153
v -0.04620887 -0.04840193 0.05486227
v -0.045303 -0.04840193 0.05498153
v -0.04445887 -0.04840193 0.05533118
v -0.04373399 -0.04840193 0.05588739
v -0.04317778 -0.04840193 0.05661227
v -0.04282813 -0.04840193 0.0574564
v -0.04270887 -0.04840193 0.05836227
v -0.03058633 -0.02838207 0.06836227
v -0.01392106 -0.03287978 0.06836227
v -0.00855887 -0.02800423 0.06836227
v -0.00700364 -0.04617699 0.06836227
v -0.00887121 -0.04520193 0.06836227
v -0.0323141 -0.04617699 0.06836227
v -0.03069129 -0.04526594 0.06836227
v -0.03057302 -0.0452182 0.06836227
v -0.03044652 -0.04520193 0.06836227
v -0.00874471 -0.0452182 0.06836227
v -0.00862644 -0.04526594 0.06836227
v -0.03616326 -0.04833793 0.06836227
v -0.03628153 -0.04838567 0.06836227
v -0.03640803 -0.04840193 0.06836227
v -0.00625887 -0.045741 0.06836227
v -0.00627571 -0.04586968 0.06836227
v -0.0063251 -0.0459897 0.06836227
v -0.00640372 -0.04609295 0.06836227
v -0.00650626 -0.0461725 0.06836227
v -0.00662583 -0.04622298 0.06836227
v -0.00675435 -0.04624098 0.06836227
v -0.00688318 -0.0462253 0.06836227
v -0.00857029 -0.0281105 0.06836227
v -0.00860404 -0.02821191 0.06836227
v -0.00865858 -0.02830384 0.06836227
v -0.0087314 -0.02838207 0.06836227
v -0.03065916 -0.02830384 0.06836227
v -0.03071369 -0.02821191 0.06836227
v -0.03074744 -0.0281105 0.06836227
v -0.03075887 -0.02800423 0.06836227
vn -0.22252 -0.97493 0
vn 0 -1 0
vn -0.21084 -0.97752 0
vn 0 -1 0
vn -0.43388 -0.90097 0
vn -0.62349 -0.78183 0
vn -0.59493 -0.80378 0
vn -0.41216 -0.91111 0
vn -0.90097 -0.43388 0
vn -0.78183 -0.62349 0
vn -0.78173 -0.62361 0
vn -0.87 -0.49305 0
vn -0.75095 -0.66036 0
vn -0.43329 -0.90125 0
vn -0.59472 -0.80393 0
vn -0.62395 -0.78147 0
vn -0.75077 -0.66056 0
vn -0.21072 -0.97755 0
vn -0.22271 -0.97488 0
vn -0.41197 -0.9112 0
vn -0.97493 -0.22252 0
vn -1 -0 0
vn 0 -1 0
vn -0 -1 0
vn -0.25882 -0.96593 0
vn -0.5 -0.86603 0
vn -0.70711 -0.70711 0
vn -0.86603 -0.5 0
vn -0.96593 -0.25882 0
vn -1 0 0
vn 1 -0 0
vn 0.96593 -0.25882 0
vn 0.86603 -0.5 0
vn 0.70711 -0.70711 0
vn 0.5 -0.86603 0
vn 0.25882 -0.96593 0
vn -0 -1 0
vn 1 0 0
vn 0.86608 -0.49991 0
vn 0.87 -0.49305 0
vn 0.50065 -0.86565 0
vn 0.59728 -0.80204 0
vn 0.75054 -0.66083 0
vn 0.21072 -0.97755 0
vn 0.2567 -0.96649 0
vn 0.41006 -0.91206 0
vn 0.21113 -0.97746 0
vn 0.5946 -0.80402 0
vn 0.4122 -0.91109 0
vn 0.75049 -0.66088 0
vn 1 -0 0
vn -1 -0 0
vn 0 1 0
vn 0 0 -1
vn 0 0 1
vn -1 0 0
vn -0.48953 -0.87198 0
vn 0.48953 -0.87198 0
vn 0.48953 0.87198 0
vn -0.48953 0.87198 0
vn -1 -0 0
vn -0.65493 0.75569 0
vn 0.65493 0.75569 0
vn 1 -0 0
vn 1 0 0
vn -0.65493 -0.75569 0
vn 0.65493 -0.75569 0
vn -0 -1 0
vn 0.45828 -0.88881 0
vn 0.23579 -0.9718 0
vn -0.97715 0.21254 0
vn -0.90965 0.41537 0
vn -0.80058 0.59922 0
vn -0.253 -0.96747 0
vn 0.253 -0.96747 0
vn -0.253 0.96747 0
vn 0 1 0
vn 0.253 0.96747 0
vn -0 1 0
vn 0.66194 0.74956 0
vn 0.80475 0.59362 0
vn 0.91158 0.41113 0
vn 0.97764 0.21027 0
vn 1 0 0
vn 0 1 -0
vn 0 1 -0
vn 0 1 -0
vn 0 1 -0
vn 0 1 -0
vn -0.66194 0.74956 0
vn -0.80475 0.59362 0
vn -0.91158 0.41113 0
vn -0.97764 0.21027 0
vn -1 0 0
vn -0.24863 0.9686 0
vn 0.00903 0.99996 0
vn 0.26608 0.96395 0
vn 0.50521 0.863 0
vn 0.71029 0.70391 0
vn 0.86753 0.49739 0
vn 0.96631 0.25736 0
vn -0.96631 0.25736 0
vn -0.86753 0.49739 0
vn -0.71029 0.70391 0
vn -0.50521 0.863 0
vn -0.26608 0.96395 0
vn -0.00903 0.99996 0
vn 0.24863 0.9686 0
vn 0.97715 -0.21254 0
vn 0.90965 -0.41537 0
vn 0.80058 -0.59922 0
vn -0.23579 -0.9718 0
vn -0.45828 -0.88881 0
vn -0.80058 -0.59922 0
vn -0.90965 -0.41537 0
vn -0.97715 -0.21254 0
vn -0 1 0
vn -0.25882 0.96593 0
vn -0.5 0.86603 0
vn -0.70711 0.70711 0
vn -0.86603 0.5 0
vn -0.96593 0.25882 0
vn -1 -0 0
vn 0 -1 0
vn 0.25882 0.96593 0
vn 0.5 0.86603 0
vn 0.70711 0.70711 0
vn 0.86603 0.5 0
vn 0.96593 0.25882 0
vn 1 0 0
vn -0.45828 0.88881 0
vn -0.23579 0.9718 0
vn 0.23579 0.9718 0
vn 0.45828 0.88881 0
vn 0.80058 0.59922 0
vn 0.90965 0.41537 0
vn 0.97715 0.21254 0
vn 0 -1 0
vn 0 -1 0
vn 0 0 -1
vn -0.25882 0 -0.96593
vn -0.5 0 -0.86603
vn -0.70711 0 -0.70711
vn -0.86603 0 -0.5
vn -0.96593 0 -0.25882
vn -1 0 -0
vn -0.96593 0 0.25882
vn -0.86603 0 0.5
vn -0.70711 0 0.70711
vn -0.5 0 0.86603
vn -0.25882 0 0.96593
vn -0 0 1
vn 0.25882 0 0.96593
vn 0.5 0 0.86603
vn 0.70711 0 0.70711
vn 0.86603 0 0.5
vn 0.96593 0 0.25882
vn 1 0 0
vn 0.96593 0 -0.25882
vn 0.86603 0 -0.5
vn 0.70711 0 -0.70711
vn 0.5 0 -0.86603
vn 0.25882 0 -0.96593
vn 1 0 0
vn -0 0 1
usemtl mat0
f 25//19 26//19 27//20
f 27//20 26//19 28//21
f 27//20 28//21 29//22
f 30//23 31//24 32//24
f 32//24 33//25 30//23
f 30//23 33//25 34//23
f 30//23 34//23 25//19
f 25//19 34//23 35//26
f 25//19 35//26 26//19
f 36//27 37//28 38//29
f 39//27 40//30 41//28
f 41//28 40//30 42//28
f 41//28 42//28 31//24
f 31//24 42//28 43//31
f 31//24 43//31 32//24
f 44//24 45//23 46//32
f 46//32 47//33 44//24
f 44//24 47//33 48//34
f 44//24 48//34 37//28
f 37//28 48//34 49//35
f 37//28 49//35 38//29
f 50//19 51//20 52//22
f 52//22 53//36 50//19
f 50//19 53//36 54//37
f 50//19 54//37 45//23
f 45//23 54//37 55//38
f 45//23 55//38 46//32
f 56//20 57//20 58//19
f 58//19 57//20 59//19
f 58//19 59//19 60//23
f 60//23 59//19 61//23
f 60//23 61//23 62//24
f 62//24 61//23 63//24
f 62//24 63//24 64//28
f 64//28 63//24 65//28
f 64//28 65//28 66//27
f 66//27 65//28 67//27
f 66//27 67//27 68//39
f 68//39 67//27 69//39
f 68//39 69//39 70//40
f 70//40 69//39 71//40
f 27//20 56//20 25//19
f 25//19 56//20 58//19
f 25//19 58//19 30//23
f 30//23 58//19 60//23
f 30//23 60//23 31//24
f 31//24 60//23 62//24
f 31//24 62//24 41//28
f 41//28 62//24 64//28
f 41//28 64//28 39//27
f 39//27 64//28 66//27
f 39//27 66//27 72//39
f 72//39 66//27 68//39
f 72//39 68//39 73//40
f 73//40 68//39 70//40
f 38//29 40//30 36//27
f 36//27 40//30 39//27
f 36//27 39//27 74//39
f 74//39 39//27 72//39
f 74//39 72//39 75//40
f 75//40 72//39 73//40
f 76//20 51//20 77//19
f 77//19 51//20 50//19
f 77//19 50//19 78//23
f 78//23 50//19 45//23
f 78//23 45//23 79//24
f 79//24 45//23 44//24
f 79//24 44//24 80//28
f 80//28 44//24 37//28
f 80//28 37//28 81//27
f 81//27 37//28 36//27
f 81//27 36//27 82//39
f 82//39 36//27 74//39
f 82//39 74//39 83//40
f 83//40 74//39 75//40
f 84//20 76//20 85//19
f 85//19 76//20 77//19
f 85//19 77//19 86//23
f 86//23 77//19 78//23
f 86//23 78//23 87//24
f 87//24 78//23 79//24
f 87//24 79//24 88//28
f 88//28 79//24 80//28
f 88//28 80//28 89//27
f 89//27 80//28 81//27
f 89//27 81//27 90//39
f 90//39 81//27 82//39
f 90//39 82//39 91//40
f 91//40 82//39 83//40
f 84//41 92//41 76//41
f 76//41 92//41 93//41
f 76//41 93//41 51//41
f 51//41 93//41 94//41
f 51//41 94//41 52//41
f 27//41 29//41 95//41
f 27//41 95//41 56//41
f 56//41 95//41 96//41
f 56//41 96//41 57//41
f 93//42 92//42 97//43
f 93//42 97//43 98//43
f 98//43 97//43 99//44
f 98//43 99//44 100//44
f 100//44 99//44 101//45
f 100//44 101//45 102//45
f 102//45 101//45 103//46
f 102//45 103//46 104//46
f 104//46 103//46 105//47
f 104//46 105//47 106//47
f 106//47 105//47 107//48
f 106//47 107//48 108//48
f 96//42 95//42 109//43
f 96//42 109//43 110//43
f 110//43 109//43 111//44
f 110//43 111//44 112//44
f 112//44 111//44 113//45
f 112//44 113//45 114//45
f 114//45 113//45 115//46
f 114//45 115//46 116//46
f 116//46 115//46 117//47
f 116//46 117//47 118//47
f 118//47 117//47 119//48
f 118//47 119//48 120//48
f 121//49 122//49 123//50
f 121//49 123//50 124//50
f 124//50 123//50 125//51
f 124//50 125//51 126//51
f 126//51 125//51 127//52
f 126//51 127//52 128//52
f 128//52 127//52 129//53
f 128//52 129//53 130//53
f 130//53 129//53 131//54
f 130//53 131//54 132//54
f 132//54 131//54 133//42
f 132//54 133//42 134//42
f 135//49 136//49 137//50
f 135//49 137//50 138//50
f 138//50 137//50 139//51
f 138//50 139//51 140//51
f 140//51 139//51 141//52
f 140//51 141//52 142//52
f 142//52 141//52 143//53
f 142//52 143//53 144//53
f 144//53 143//53 145//54
f 144//53 145//54 146//54
f 146//54 145//54 147//42
f 146//54 147//42 148//42
f 149//55 150//55 134//55
f 149//55 134//55 151//55
f 151//55 134//55 133//55
f 151//55 133//55 152//55
f 153//55 148//55 154//55
f 154//55 148//55 147//55
f 154//55 147//55 155//55
f 155//55 147//55 156//55
f 155//55 156//55 157//55
f 158//50 159//56 160//56
f 161//51 162//57 163//50
f 163//50 162//57 164//58
f 165//52 166//53 167//59
f 167//59 168//60 165//52
f 165//52 168//60 169//52
f 165//52 169//52 161//51
f 161//51 169//52 170//61
f 161//51 170//61 162//57
f 171//54 155//22 157//41
f 157//41 172//62 171//54
f 171//54 172//62 173//63
f 171//54 173//63 166//53
f 166//53 173//63 174//64
f 166//53 174//64 167//59
f 175//54 176//54 149//22
f 149//22 176//54 177//65
f 149//22 177//65 150//22
f 178//52 179//66 180//53
f 180//53 179//66 181//53
f 180//53 181//53 175//54
f 175//54 181//53 182//67
f 175//54 182//67 176//54
f 183//51 184//68 178//52
f 178//52 184//68 185//52
f 178//52 185//52 179//66
f 160//56 163//50 158//50
f 158//50 163//50 164//58
f 158//50 164//58 183//51
f 183//51 164//58 186//51
f 183//51 186//51 184//68
f 187//56 188//56 189//50
f 189//50 188//56 190//50
f 189//50 190//50 191//51
f 191//51 190//50 192//51
f 191//51 192//51 193//52
f 193//52 192//51 194//52
f 193//52 194//52 195//53
f 195//53 194//52 196//53
f 195//53 196//53 197//54
f 197//54 196//53 198//54
f 197//54 198//54 154//22
f 154//22 198//54 153//22
f 160//56 187//56 163//50
f 163//50 187//56 189//50
f 163//50 189//50 161//51
f 161//51 189//50 191//51
f 161//51 191//51 165//52
f 165//52 191//51 193//52
f 165//52 193//52 166//53
f 166//53 193//52 195//53
f 166//53 195//53 171//54
f 171//54 195//53 197//54
f 171//54 197//54 155//22
f 155//22 197//54 154//22
f 199//56 159//56 200//50
f 200//50 159//56 158//50
f 200//50 158//50 201//51
f 201//51 158//50 183//51
f 201//51 183//51 202//52
f 202//52 183//51 178//52
f 202//52 178//52 203//53
f 203//53 178//52 180//53
f 203//53 180//53 204//54
f 204//54 180//53 175//54
f 204//54 175//54 151//22
f 151//22 175//54 149//22
f 205//56 199//56 206//50
f 206//50 199//56 200//50
f 206//50 200//50 207//51
f 207//51 200//50 201//51
f 207//51 201//51 208//52
f 208//52 201//51 202//52
f 208//52 202//52 209//53
f 209//53 202//52 203//53
f 209//53 203//53 210//54
f 210//54 203//53 204//54
f 210//54 204//54 152//22
f 152//22 204//54 151//22
f 211//69 212//69 213//69
f 213//69 212//69 214//69
f 215//70 216//70 217//70
f 217//70 216//70 218//70
f 219//71 220//71 221//71
f 221//71 220//71 222//71
f 223//71 224//71 225//71
f 225//71 224//71 226//71
f 219//72 227//72 220//72
f 220//72 227//72 228//72
f 220//72 228//72 229//72
f 229//72 230//72 220//72
f 220//72 230//72 231//72
f 220//72 231//72 232//72
f 232//72 231//72 233//72
f 232//72 233//72 234//72
f 235//72 236//72 237//72
f 237//72 236//72 227//72
f 237//72 227//72 238//72
f 239//72 240//72 241//72
f 241//72 240//72 242//72
f 241//72 242//72 243//72
f 243//72 242//72 244//72
f 245//72 194//72 192//72
f 219//72 246//72 227//72
f 227//72 246//72 247//72
f 227//72 247//72 248//72
f 248//72 249//72 227//72
f 227//72 249//72 250//72
f 227//72 250//72 238//72
f 251//72 252//72 253//72
f 244//72 71//72 243//72
f 243//72 71//72 69//72
f 243//72 69//72 254//72
f 254//72 69//72 67//72
f 254//72 67//72 255//72
f 255//72 67//72 65//72
f 255//72 65//72 233//72
f 233//72 65//72 63//72
f 233//72 63//72 61//72
f 256//72 212//72 257//72
f 257//72 212//72 211//72
f 257//72 211//72 258//72
f 258//72 211//72 259//72
f 260//72 261//72 262//72
f 262//72 261//72 263//72
f 264//72 265//72 266//72
f 266//72 265//72 267//72
f 266//72 267//72 268//72
f 267//72 269//72 268//72
f 268//72 269//72 270//72
f 268//72 270//72 271//72
f 271//72 270//72 272//72
f 273//72 274//72 275//72
f 256//72 276//72 212//72
f 212//72 276//72 277//72
f 212//72 277//72 278//72
f 278//72 277//72 279//72
f 278//72 279//72 280//72
f 281//72 282//72 279//72
f 282//72 283//72 279//72
f 279//72 283//72 284//72
f 279//72 284//72 280//72
f 153//72 198//72 285//72
f 285//72 198//72 196//72
f 251//72 253//72 237//72
f 237//72 253//72 286//72
f 237//72 286//72 235//72
f 287//72 288//72 272//72
f 272//72 288//72 289//72
f 272//72 289//72 271//72
f 290//72 291//72 292//72
f 239//72 262//72 240//72
f 240//72 262//72 263//72
f 240//72 263//72 293//72
f 293//72 263//72 294//72
f 293//72 294//72 295//72
f 295//72 294//72 296//72
f 295//72 296//72 297//72
f 298//72 299//72 226//72
f 226//72 299//72 300//72
f 226//72 300//72 225//72
f 225//72 300//72 301//72
f 225//72 301//72 302//72
f 303//72 304//72 305//72
f 306//72 307//72 308//72
f 259//72 211//72 290//72
f 290//72 211//72 309//72
f 290//72 309//72 291//72
f 310//72 311//72 312//72
f 312//72 311//72 313//72
f 312//72 313//72 314//72
f 285//72 315//72 135//72
f 316//72 285//72 317//72
f 317//72 285//72 318//72
f 318//72 285//72 226//72
f 226//72 285//72 319//72
f 226//72 319//72 298//72
f 320//72 321//72 322//72
f 323//72 324//72 325//72
f 325//72 324//72 326//72
f 325//72 326//72 327//72
f 328//72 329//72 260//72
f 260//72 329//72 330//72
f 260//72 330//72 261//72
f 331//72 332//72 333//72
f 332//72 334//72 333//72
f 333//72 334//72 335//72
f 333//72 335//72 336//72
f 333//72 337//72 331//72
f 331//72 337//72 338//72
f 331//72 338//72 314//72
f 314//72 338//72 339//72
f 314//72 339//72 312//72
f 316//72 340//72 285//72
f 285//72 340//72 341//72
f 285//72 341//72 315//72
f 245//72 342//72 194//72
f 194//72 342//72 343//72
f 194//72 343//72 344//72
f 322//72 321//72 345//72
f 345//72 321//72 346//72
f 345//72 346//72 325//72
f 325//72 346//72 347//72
f 325//72 347//72 323//72
f 120//72 348//72 233//72
f 233//72 348//72 349//72
f 138//72 140//72 142//72
f 153//72 285//72 148//72
f 148//72 285//72 135//72
f 148//72 135//72 146//72
f 350//72 351//72 302//72
f 302//72 351//72 352//72
f 302//72 352//72 353//72
f 61//72 59//72 233//72
f 233//72 59//72 57//72
f 233//72 57//72 120//72
f 120//72 57//72 96//72
f 120//72 96//72 110//72
f 349//72 354//72 233//72
f 233//72 354//72 355//72
f 233//72 355//72 234//72
f 279//72 356//72 281//72
f 281//72 356//72 357//72
f 281//72 357//72 328//72
f 328//72 357//72 358//72
f 328//72 358//72 329//72
f 359//72 360//72 215//72
f 215//72 360//72 361//72
f 215//72 361//72 362//72
f 322//72 363//72 320//72
f 320//72 363//72 364//72
f 320//72 364//72 365//72
f 365//72 364//72 305//72
f 365//72 305//72 366//72
f 366//72 305//72 304//72
f 264//72 266//72 305//72
f 305//72 266//72 367//72
f 305//72 367//72 303//72
f 116//72 118//72 114//72
f 114//72 118//72 120//72
f 114//72 120//72 112//72
f 112//72 120//72 110//72
f 306//72 368//72 287//72
f 306//72 308//72 369//72
f 369//72 308//72 370//72
f 369//72 370//72 371//72
f 292//72 372//72 290//72
f 290//72 372//72 273//72
f 290//72 273//72 373//72
f 373//72 273//72 275//72
f 374//72 375//72 376//72
f 376//72 375//72 377//72
f 376//72 377//72 378//72
f 378//72 377//72 379//72
f 378//72 379//72 188//72
f 188//72 379//72 245//72
f 188//72 245//72 190//72
f 190//72 245//72 192//72
f 336//72 335//72 380//72
f 380//72 335//72 381//72
f 380//72 381//72 382//72
f 382//72 381//72 383//72
f 382//72 383//72 374//72
f 374//72 383//72 384//72
f 374//72 384//72 375//72
f 297//72 385//72 295//72
f 295//72 385//72 386//72
f 295//72 386//72 387//72
f 138//72 142//72 135//72
f 135//72 142//72 144//72
f 135//72 144//72 146//72
f 344//72 325//72 194//72
f 194//72 325//72 327//72
f 194//72 327//72 196//72
f 196//72 327//72 388//72
f 196//72 388//72 285//72
f 353//72 389//72 302//72
f 302//72 389//72 216//72
f 302//72 216//72 225//72
f 225//72 216//72 215//72
f 225//72 215//72 390//72
f 390//72 215//72 362//72
f 391//72 392//72 393//72
f 393//72 392//72 394//72
f 393//72 394//72 395//72
f 395//72 394//72 396//72
f 395//72 396//72 397//72
f 397//72 396//72 398//72
f 397//72 398//72 306//72
f 306//72 398//72 399//72
f 306//72 399//72 368//72
f 272//72 400//72 287//72
f 287//72 400//72 401//72
f 287//72 401//72 306//72
f 306//72 401//72 402//72
f 306//72 402//72 307//72
f 403//72 404//72 405//72
f 405//72 404//72 406//72
f 405//72 406//72 407//72
f 312//72 408//72 310//72
f 310//72 408//72 409//72
f 310//72 409//72 410//72
f 410//72 409//72 295//72
f 410//72 295//72 411//72
f 411//72 295//72 387//72
f 412//72 413//72 414//72
f 414//72 413//72 415//72
f 414//72 415//72 273//72
f 273//72 415//72 416//72
f 273//72 416//72 274//72
f 370//72 417//72 371//72
f 371//72 417//72 418//72
f 371//72 418//72 419//72
f 419//72 418//72 420//72
f 419//72 420//72 421//72
f 421//72 420//72 422//72
f 421//72 422//72 412//72
f 412//72 422//72 423//72
f 412//72 423//72 413//72
f 424//72 425//72 407//72
f 407//72 425//72 426//72
f 407//72 426//72 427//72
f 427//72 426//72 428//72
f 429//72 430//72 431//72
f 432//72 433//72 434//72
f 391//72 435//72 392//72
f 392//72 435//72 436//72
f 392//72 436//72 437//72
f 438//72 439//72 440//72
f 372//72 441//72 273//72
f 273//72 441//72 442//72
f 273//72 442//72 443//72
f 443//72 442//72 444//72
f 443//72 444//72 445//72
f 445//72 444//72 446//72
f 445//72 446//72 406//72
f 406//72 446//72 447//72
f 406//72 447//72 407//72
f 407//72 447//72 448//72
f 407//72 448//72 424//72
f 391//72 449//72 435//72
f 435//72 449//72 432//72
f 435//72 432//72 450//72
f 450//72 432//72 434//72
f 429//72 431//72 405//72
f 405//72 431//72 451//72
f 405//72 451//72 403//72
f 437//72 436//72 440//72
f 440//72 436//72 452//72
f 440//72 452//72 438//72
f 453//73 454//73 455//73
f 209//73 210//73 456//73
f 222//73 457//73 458//73
f 456//73 210//73 459//73
f 460//73 461//73 462//73
f 463//73 464//73 465//73
f 465//73 464//73 462//73
f 466//73 467//73 468//73
f 462//73 461//73 469//73
f 457//73 222//73 455//73
f 455//73 222//73 470//73
f 455//73 470//73 453//73
f 458//73 471//73 222//73
f 222//73 471//73 472//73
f 222//73 472//73 221//73
f 221//73 472//73 473//73
f 205//73 206//73 474//73
f 460//73 462//73 475//73
f 475//73 462//73 464//73
f 475//73 464//73 476//73
f 477//73 478//73 479//73
f 474//73 206//73 480//73
f 480//73 206//73 207//73
f 480//73 207//73 481//73
f 482//73 483//73 224//73
f 224//73 483//73 484//73
f 455//73 87//73 485//73
f 485//73 87//73 88//73
f 485//73 88//73 486//73
f 486//73 88//73 89//73
f 486//73 89//73 487//73
f 487//73 89//73 90//73
f 487//73 90//73 463//73
f 463//73 90//73 91//73
f 463//73 91//73 464//73
f 488//73 489//73 490//73
f 490//73 489//73 491//73
f 490//73 491//73 474//73
f 474//73 491//73 492//73
f 474//73 492//73 205//73
f 493//73 494//73 495//73
f 496//73 497//73 498//73
f 498//73 497//73 499//73
f 498//73 499//73 500//73
f 501//73 502//73 503//73
f 503//73 502//73 504//73
f 481//73 207//73 456//73
f 456//73 207//73 208//73
f 456//73 208//73 209//73
f 505//73 506//73 507//73
f 507//73 506//73 508//73
f 507//73 508//73 509//73
f 510//73 511//73 512//73
f 512//73 511//73 513//73
f 512//73 513//73 514//73
f 515//73 214//73 513//73
f 513//73 214//73 516//73
f 516//73 517//73 513//73
f 513//73 517//73 518//73
f 513//73 518//73 514//73
f 84//73 85//73 455//73
f 455//73 85//73 86//73
f 455//73 86//73 87//73
f 519//73 473//73 520//73
f 520//73 473//73 521//73
f 520//73 521//73 522//73
f 496//73 523//73 497//73
f 497//73 523//73 524//73
f 497//73 524//73 525//73
f 525//73 524//73 213//73
f 525//73 213//73 526//73
f 526//73 213//73 214//73
f 526//73 214//73 527//73
f 527//73 214//73 515//73
f 528//73 529//73 530//73
f 468//73 467//73 504//73
f 504//73 467//73 531//73
f 504//73 531//73 503//73
f 501//73 532//73 502//73
f 502//73 532//73 533//73
f 502//73 533//73 534//73
f 482//73 224//73 507//73
f 507//73 224//73 223//73
f 507//73 223//73 505//73
f 509//73 535//73 507//73
f 507//73 535//73 217//73
f 507//73 217//73 218//73
f 484//73 122//73 536//73
f 537//73 538//73 539//73
f 539//73 538//73 520//73
f 539//73 520//73 540//73
f 540//73 520//73 522//73
f 519//73 541//73 473//73
f 473//73 541//73 542//73
f 473//73 542//73 543//73
f 543//73 544//73 473//73
f 473//73 544//73 545//73
f 473//73 545//73 221//73
f 495//73 494//73 546//73
f 546//73 494//73 547//73
f 546//73 547//73 548//73
f 549//73 550//73 551//73
f 551//73 550//73 552//73
f 551//73 552//73 553//73
f 553//73 552//73 554//73
f 555//73 556//73 218//73
f 218//73 556//73 557//73
f 218//73 557//73 558//73
f 548//73 547//73 559//73
f 559//73 547//73 560//73
f 559//73 560//73 561//73
f 560//73 562//73 561//73
f 561//73 562//73 563//73
f 561//73 563//73 564//73
f 564//73 563//73 565//73
f 564//73 565//73 566//73
f 549//73 567//73 550//73
f 550//73 567//73 568//73
f 550//73 568//73 569//73
f 569//73 568//73 479//73
f 569//73 479//73 570//73
f 570//73 479//73 478//73
f 466//73 468//73 479//73
f 479//73 468//73 571//73
f 479//73 571//73 477//73
f 558//73 572//73 218//73
f 218//73 572//73 573//73
f 218//73 573//73 507//73
f 459//73 210//73 484//73
f 484//73 210//73 152//73
f 484//73 152//73 122//73
f 122//73 152//73 133//73
f 122//73 133//73 131//73
f 455//73 574//73 107//73
f 493//73 495//73 575//73
f 575//73 495//73 576//73
f 575//73 576//73 577//73
f 577//73 576//73 578//73
f 577//73 578//73 579//73
f 566//73 565//73 580//73
f 580//73 565//73 581//73
f 580//73 581//73 582//73
f 125//73 123//73 127//73
f 127//73 123//73 122//73
f 127//73 122//73 129//73
f 129//73 122//73 131//73
f 536//73 583//73 484//73
f 484//73 583//73 584//73
f 484//73 584//73 585//73
f 585//73 586//73 484//73
f 484//73 586//73 587//73
f 484//73 587//73 224//73
f 461//73 588//73 469//73
f 469//73 588//73 589//73
f 469//73 589//73 590//73
f 590//73 589//73 591//73
f 590//73 591//73 510//73
f 510//73 591//73 592//73
f 510//73 592//73 511//73
f 454//73 593//73 455//73
f 455//73 593//73 594//73
f 455//73 594//73 574//73
f 578//73 595//73 579//73
f 579//73 595//73 596//73
f 579//73 596//73 597//73
f 597//73 596//73 598//73
f 597//73 598//73 464//73
f 464//73 598//73 599//73
f 464//73 599//73 476//73
f 534//73 600//73 502//73
f 502//73 600//73 489//73
f 502//73 489//73 601//73
f 601//73 489//73 488//73
f 581//73 602//73 582//73
f 582//73 602//73 603//73
f 582//73 603//73 604//73
f 604//73 603//73 605//73
f 554//73 552//73 606//73
f 606//73 552//73 607//73
f 606//73 607//73 608//73
f 105//73 103//73 101//73
f 84//73 455//73 92//73
f 92//73 455//73 107//73
f 92//73 107//73 97//73
f 609//73 610//73 611//73
f 611//73 610//73 612//73
f 611//73 612//73 613//73
f 613//73 612//73 614//73
f 613//73 614//73 615//73
f 600//73 616//73 489//73
f 489//73 616//73 617//73
f 489//73 617//73 603//73
f 603//73 617//73 618//73
f 603//73 618//73 605//73
f 500//73 528//73 498//73
f 498//73 528//73 530//73
f 498//73 530//73 619//73
f 619//73 530//73 620//73
f 621//73 622//73 609//73
f 609//73 622//73 623//73
f 609//73 623//73 606//73
f 624//73 625//73 626//73
f 105//73 101//73 107//73
f 107//73 101//73 99//73
f 107//73 99//73 97//73
f 627//73 628//73 629//73
f 629//73 628//73 630//73
f 629//73 630//73 631//73
f 632//73 633//73 634//73
f 634//73 633//73 635//73
f 634//73 635//73 609//73
f 609//73 635//73 636//73
f 609//73 636//73 621//73
f 529//73 637//73 530//73
f 530//73 637//73 638//73
f 530//73 638//73 639//73
f 639//73 638//73 640//73
f 639//73 640//73 641//73
f 608//73 642//73 606//73
f 606//73 642//73 643//73
f 606//73 643//73 609//73
f 609//73 643//73 644//73
f 609//73 644//73 610//73
f 645//73 646//73 631//73
f 631//73 646//73 647//73
f 631//73 647//73 648//73
f 648//73 647//73 649//73
f 650//73 651//73 652//73
f 640//73 653//73 641//73
f 641//73 653//73 654//73
f 641//73 654//73 655//73
f 655//73 654//73 656//73
f 655//73 656//73 657//73
f 657//73 656//73 658//73
f 657//73 658//73 632//73
f 632//73 658//73 659//73
f 632//73 659//73 633//73
f 626//73 625//73 660//73
f 620//73 530//73 661//73
f 661//73 530//73 662//73
f 661//73 662//73 663//73
f 663//73 662//73 664//73
f 663//73 664//73 630//73
f 630//73 664//73 665//73
f 630//73 665//73 631//73
f 631//73 665//73 666//73
f 631//73 666//73 645//73
f 614//73 660//73 615//73
f 615//73 660//73 625//73
f 615//73 625//73 667//73
f 667//73 625//73 668//73
f 667//73 668//73 669//73
f 650//73 652//73 629//73
f 629//73 652//73 670//73
f 629//73 670//73 627//73
f 671//73 672//73 673//73
f 669//73 674//73 667//73
f 667//73 674//73 675//73
f 667//73 675//73 676//73
f 626//73 677//73 624//73
f 624//73 677//73 671//73
f 624//73 671//73 678//73
f 678//73 671//73 673//73
f 391//41 393//41 679//41
f 680//41 681//41 395//41
f 681//41 682//41 395//41
f 395//41 682//41 683//41
f 395//41 683//41 393//41
f 393//41 683//41 684//41
f 393//41 684//41 685//41
f 686//41 687//41 688//41
f 688//41 687//41 689//41
f 685//41 690//41 393//41
f 393//41 690//41 691//41
f 393//41 691//41 692//41
f 693//41 694//41 679//41
f 679//41 694//41 695//41
f 695//41 696//41 679//41
f 679//41 696//41 697//41
f 679//41 697//41 688//41
f 688//41 697//41 698//41
f 688//41 698//41 686//41
f 692//41 699//41 393//41
f 393//41 699//41 700//41
f 393//41 700//41 679//41
f 679//41 700//41 701//41
f 679//41 701//41 693//41
f 689//41 702//41 688//41
f 688//41 702//41 703//41
f 688//41 703//41 395//41
f 395//41 703//41 704//41
f 395//41 704//41 680//41
f 688//41 705//41 706//41
f 706//41 707//41 688//41
f 688//41 707//41 708//41
f 688//41 708//41 679//41
f 679//41 708//41 709//41
f 679//41 709//41 710//41
f 710//41 711//41 679//41
f 679//41 711//41 712//41
f 679//41 712//41 713//41
f 714//41 715//41 716//41
f 717//41 718//41 719//41
f 715//41 720//41 716//41
f 716//41 720//41 721//41
f 716//41 721//41 717//41
f 718//41 722//41 719//41
f 719//41 722//41 723//41
f 719//41 723//41 724//41
f 713//41 725//41 679//41
f 679//41 725//41 726//41
f 679//41 726//41 716//41
f 716//41 726//41 727//41
f 716//41 727//41 714//41
f 724//41 728//41 719//41
f 719//41 728//41 729//41
f 719//41 729//41 688//41
f 688//41 729//41 730//41
f 688//41 730//41 705//41
f 716//41 731//41 732//41
f 733//41 734//41 735//41
f 717//41 719//41 716//41
f 716//41 719//41 736//41
f 716//41 736//41 731//41
f 732//41 737//41 716//41
f 716//41 737//41 738//41
f 716//41 738//41 739//41
f 740//41 741//41 742//41
f 739//41 743//41 716//41
f 716//41 743//41 744//41
f 716//41 744//41 740//41
f 740//41 744//41 745//41
f 740//41 745//41 741//41
f 742//41 746//41 740//41
f 740//41 746//41 747//41
f 740//41 747//41 733//41
f 734//41 748//41 735//41
f 735//41 748//41 749//41
f 735//41 749//41 750//41
f 750//41 751//41 735//41
f 735//41 751//41 752//41
f 735//41 752//41 719//41
f 719//41 752//41 753//41
f 719//41 753//41 754//41
f 754//41 755//41 719//41
f 719//41 755//41 756//41
f 719//41 756//41 736//41
f 740//41 757//41 758//41
f 759//41 760//41 761//41
f 762//41 763//41 764//41
f 759//41 761//41 765//41
f 758//41 766//41 740//41
f 740//41 766//41 767//41
f 740//41 767//41 768//41
f 768//41 769//41 740//41
f 740//41 769//41 770//41
f 740//41 770//41 764//41
f 764//41 770//41 771//41
f 764//41 771//41 762//41
f 763//41 772//41 764//41
f 764//41 772//41 773//41
f 764//41 773//41 765//41
f 733//41 735//41 740//41
f 740//41 735//41 774//41
f 740//41 774//41 757//41
f 735//41 761//41 775//41
f 775//41 776//41 735//41
f 735//41 776//41 777//41
f 735//41 777//41 778//41
f 760//41 779//41 761//41
f 761//41 779//41 780//41
f 761//41 780//41 775//41
f 778//41 781//41 735//41
f 735//41 781//41 782//41
f 735//41 782//41 774//41
f 764//41 783//41 784//41
f 765//41 761//41 764//41
f 764//41 761//41 785//41
f 764//41 785//41 783//41
f 784//41 786//41 764//41
f 764//41 786//41 787//41
f 764//41 787//41 788//41
f 789//41 790//41 791//41
f 791//41 790//41 792//41
f 788//41 793//41 764//41
f 764//41 793//41 794//41
f 764//41 794//41 790//41
f 790//41 794//41 795//41
f 790//41 795//41 792//41
f 796//41 797//41 798//41
f 761//41 799//41 800//41
f 789//41 801//41 790//41
f 790//41 801//41 802//41
f 790//41 802//41 796//41
f 796//41 802//41 803//41
f 796//41 803//41 797//41
f 798//41 804//41 796//41
f 796//41 804//41 805//41
f 796//41 805//41 761//41
f 761//41 805//41 806//41
f 761//41 806//41 799//41
f 800//41 807//41 761//41
f 761//41 807//41 808//41
f 761//41 808//41 785//41
f 809//41 810//41 811//41
f 811//41 810//41 812//41
f 813//41 814//41 815//41
f 816//41 817//41 796//41
f 812//41 818//41 811//41
f 811//41 818//41 819//41
f 811//41 819//41 820//41
f 820//41 819//41 813//41
f 820//41 813//41 821//41
f 821//41 813//41 815//41
f 817//41 822//41 796//41
f 796//41 822//41 823//41
f 796//41 823//41 790//41
f 790//41 823//41 824//41
f 790//41 824//41 825//41
f 826//41 827//41 828//41
f 828//41 827//41 829//41
f 830//41 831//41 832//41
f 832//41 831//41 833//41
f 829//41 834//41 828//41
f 828//41 834//41 835//41
f 828//41 835//41 832//41
f 832//41 835//41 836//41
f 832//41 836//41 830//41
f 833//41 837//41 832//41
f 832//41 837//41 838//41
f 832//41 838//41 809//41
f 832//41 839//41 840//41
f 840//41 841//41 832//41
f 832//41 841//41 842//41
f 832//41 842//41 796//41
f 796//41 842//41 843//41
f 796//41 843//41 816//41
f 825//41 844//41 790//41
f 790//41 844//41 845//41
f 790//41 845//41 846//41
f 813//41 847//41 814//41
f 814//41 847//41 848//41
f 814//41 848//41 849//41
f 849//41 848//41 850//41
f 811//41 851//41 809//41
f 809//41 851//41 852//41
f 809//41 852//41 832//41
f 832//41 852//41 853//41
f 832//41 853//41 839//41
f 854//41 855//41 790//41
f 790//41 855//41 856//41
f 790//41 856//41 828//41
f 828//41 856//41 857//41
f 828//41 857//41 826//41
f 846//41 858//41 790//41
f 790//41 858//41 849//41
f 790//41 849//41 854//41
f 854//41 849//41 850//41
f 859//41 860//41 861//41
f 862//41 863//41 832//41
f 864//41 865//41 828//41
f 828//41 865//41 866//41
f 828//41 866//41 867//41
f 868//41 869//41 870//41
f 867//41 871//41 828//41
f 828//41 871//41 872//41
f 828//41 872//41 870//41
f 870//41 872//41 873//41
f 870//41 873//41 868//41
f 869//41 874//41 870//41
f 870//41 874//41 875//41
f 870//41 875//41 859//41
f 863//41 876//41 832//41
f 832//41 876//41 877//41
f 832//41 877//41 828//41
f 828//41 877//41 878//41
f 828//41 878//41 864//41
f 879//41 880//41 861//41
f 861//41 880//41 881//41
f 861//41 881//41 832//41
f 832//41 881//41 882//41
f 832//41 882//41 862//41
f 860//41 883//41 861//41
f 861//41 883//41 884//41
f 861//41 884//41 879//41
f 885//41 886//41 887//41
f 870//41 888//41 889//41
f 886//41 890//41 887//41
f 887//41 890//41 891//41
f 887//41 891//41 892//41
f 892//41 893//41 894//41
f 894//41 893//41 895//41
f 894//41 895//41 896//41
f 859//41 861//41 870//41
f 870//41 861//41 897//41
f 870//41 897//41 888//41
f 898//41 899//41 861//41
f 889//41 900//41 870//41
f 870//41 900//41 901//41
f 870//41 901//41 902//41
f 902//41 903//41 870//41
f 870//41 903//41 904//41
f 870//41 904//41 887//41
f 887//41 904//41 905//41
f 887//41 905//41 885//41
f 896//41 906//41 894//41
f 894//41 906//41 907//41
f 894//41 907//41 861//41
f 861//41 907//41 908//41
f 861//41 908//41 898//41
f 899//41 909//41 861//41
f 861//41 909//41 910//41
f 861//41 910//41 897//41
f 911//41 887//41 912//41
f 912//41 887//41 913//41
f 892//41 894//41 887//41
f 887//41 894//41 914//41
f 887//41 914//41 913//41
f 915//41 916//41 917//41
f 918//41 919//41 920//41
f 920//41 919//41 921//41
f 916//41 922//41 917//41
f 917//41 922//41 923//41
f 917//41 923//41 924//41
f 918//41 925//41 919//41
f 919//41 925//41 926//41
f 919//41 926//41 915//41
f 924//41 927//41 917//41
f 917//41 927//41 928//41
f 917//41 928//41 894//41
f 894//41 928//41 929//41
f 894//41 929//41 930//41
f 930//41 931//41 894//41
f 894//41 931//41 932//41
f 894//41 932//41 914//41
f 921//41 919//41 933//41
f 933//41 919//41 887//41
f 933//41 887//41 934//41
f 911//41 935//41 887//41
f 887//41 935//41 936//41
f 887//41 936//41 934//41
f 915//41 917//41 919//41
f 919//41 917//41 613//41
f 919//41 613//41 615//41
f 391//41 679//41 937//41
f 937//41 679//41 716//41
f 937//41 716//41 938//41
f 938//41 716//41 740//41
f 938//41 740//41 939//41
f 939//41 740//41 764//41
f 939//41 764//41 940//41
f 940//41 764//41 790//41
f 940//41 790//41 941//41
f 941//41 790//41 828//41
f 941//41 828//41 942//41
f 942//41 828//41 870//41
f 942//41 870//41 943//41
f 943//41 870//41 887//41
f 943//41 887//41 944//41
f 944//41 887//41 919//41
f 944//41 919//41 945//41
f 945//41 919//41 615//41
f 945//41 615//41 667//41
f 625//74 624//74 435//74
f 435//74 624//74 436//74
f 405//56 407//56 631//56
f 631//56 407//56 629//56
f 445//41 406//41 946//41
f 947//41 948//41 949//41
f 404//41 950//41 951//41
f 951//41 952//41 404//41
f 404//41 952//41 953//41
f 404//41 953//41 406//41
f 406//41 953//41 954//41
f 406//41 954//41 955//41
f 955//41 956//41 406//41
f 406//41 956//41 957//41
f 406//41 957//41 958//41
f 947//41 949//41 959//41
f 960//41 946//41 961//41
f 961//41 946//41 406//41
f 961//41 406//41 962//41
f 962//41 406//41 958//41
f 960//41 963//41 946//41
f 946//41 963//41 964//41
f 946//41 964//41 965//41
f 965//41 966//41 946//41
f 946//41 966//41 967//41
f 946//41 967//41 949//41
f 949//41 967//41 968//41
f 949//41 968//41 959//41
f 948//41 969//41 949//41
f 949//41 969//41 970//41
f 949//41 970//41 404//41
f 404//41 970//41 971//41
f 404//41 971//41 950//41
f 972//41 973//41 949//41
f 949//41 973//41 974//41
f 975//41 976//41 977//41
f 974//41 978//41 949//41
f 949//41 978//41 979//41
f 949//41 979//41 946//41
f 946//41 979//41 980//41
f 946//41 980//41 981//41
f 981//41 982//41 946//41
f 946//41 982//41 983//41
f 946//41 983//41 984//41
f 985//41 986//41 987//41
f 975//41 977//41 988//41
f 987//41 989//41 985//41
f 985//41 989//41 990//41
f 985//41 990//41 949//41
f 949//41 990//41 991//41
f 949//41 991//41 972//41
f 984//41 992//41 946//41
f 946//41 992//41 993//41
f 946//41 993//41 977//41
f 977//41 993//41 994//41
f 977//41 994//41 988//41
f 976//41 995//41 977//41
f 977//41 995//41 996//41
f 977//41 996//41 985//41
f 985//41 996//41 997//41
f 985//41 997//41 986//41
f 998//41 999//41 1000//41
f 1001//41 1002//41 985//41
f 985//41 1002//41 1003//41
f 1000//41 1004//41 998//41
f 998//41 1004//41 1005//41
f 998//41 1005//41 985//41
f 985//41 1005//41 1006//41
f 985//41 1006//41 1001//41
f 1007//41 977//41 1008//41
f 1008//41 977//41 985//41
f 1008//41 985//41 1009//41
f 1009//41 985//41 1003//41
f 1007//41 1010//41 977//41
f 977//41 1010//41 1011//41
f 977//41 1011//41 1012//41
f 1013//41 1014//41 1015//41
f 1015//41 1014//41 977//41
f 1013//41 1016//41 1014//41
f 1014//41 1016//41 1017//41
f 1014//41 1017//41 1018//41
f 1012//41 1019//41 977//41
f 977//41 1019//41 1020//41
f 977//41 1020//41 1015//41
f 1018//41 1021//41 1014//41
f 1014//41 1021//41 1022//41
f 1014//41 1022//41 998//41
f 998//41 1022//41 1023//41
f 998//41 1023//41 999//41
f 1024//41 1025//41 998//41
f 1026//41 1027//41 1028//41
f 1028//41 1027//41 1029//41
f 1029//41 1030//41 1028//41
f 1028//41 1030//41 1031//41
f 1028//41 1031//41 998//41
f 998//41 1031//41 1032//41
f 998//41 1032//41 1024//41
f 1033//41 1014//41 1034//41
f 1034//41 1014//41 998//41
f 1034//41 998//41 1035//41
f 1035//41 998//41 1025//41
f 1033//41 1036//41 1014//41
f 1014//41 1036//41 1037//41
f 1014//41 1037//41 1038//41
f 1039//41 1040//41 1041//41
f 1041//41 1040//41 1014//41
f 1039//41 1042//41 1040//41
f 1040//41 1042//41 1043//41
f 1040//41 1043//41 1044//41
f 1038//41 1045//41 1014//41
f 1014//41 1045//41 1046//41
f 1014//41 1046//41 1041//41
f 1044//41 1047//41 1040//41
f 1040//41 1047//41 1048//41
f 1040//41 1048//41 1028//41
f 1028//41 1048//41 1049//41
f 1028//41 1049//41 1026//41
f 1050//41 1051//41 1052//41
f 1053//41 1028//41 1054//41
f 1054//41 1028//41 1050//41
f 1054//41 1050//41 1055//41
f 1055//41 1050//41 1052//41
f 1053//41 1056//41 1028//41
f 1028//41 1056//41 1057//41
f 1028//41 1057//41 1058//41
f 1059//41 1040//41 1060//41
f 1060//41 1040//41 1028//41
f 1060//41 1028//41 1061//41
f 1061//41 1028//41 1058//41
f 1059//41 1062//41 1040//41
f 1040//41 1062//41 1063//41
f 1040//41 1063//41 1064//41
f 1065//41 1066//41 1067//41
f 1067//41 1066//41 1040//41
f 1065//41 1068//41 1066//41
f 1066//41 1068//41 1069//41
f 1066//41 1069//41 1070//41
f 1064//41 1071//41 1040//41
f 1040//41 1071//41 1072//41
f 1040//41 1072//41 1067//41
f 1070//41 1073//41 1066//41
f 1066//41 1073//41 1074//41
f 1066//41 1074//41 1050//41
f 1050//41 1074//41 1075//41
f 1050//41 1075//41 1051//41
f 1076//41 1077//41 1078//41
f 1079//41 1080//41 1081//41
f 1081//41 1080//41 1082//41
f 1082//41 1080//41 1083//41
f 1083//41 1080//41 1084//41
f 1083//41 1084//41 1077//41
f 1085//41 1086//41 1050//41
f 1087//41 1078//41 1088//41
f 1088//41 1078//41 1066//41
f 1087//41 1089//41 1078//41
f 1078//41 1089//41 1090//41
f 1078//41 1090//41 1076//41
f 1091//41 1066//41 1092//41
f 1092//41 1066//41 1050//41
f 1092//41 1050//41 1093//41
f 1093//41 1050//41 1086//41
f 1091//41 1094//41 1066//41
f 1066//41 1094//41 1095//41
f 1066//41 1095//41 1096//41
f 1097//41 1098//41 1099//41
f 1099//41 1098//41 1100//41
f 1099//41 1100//41 1101//41
f 1096//41 1102//41 1066//41
f 1066//41 1102//41 1103//41
f 1066//41 1103//41 1088//41
f 1084//41 1104//41 1077//41
f 1077//41 1104//41 1105//41
f 1077//41 1105//41 1106//41
f 1106//41 1107//41 1077//41
f 1077//41 1107//41 1108//41
f 1077//41 1108//41 1078//41
f 1078//41 1108//41 1109//41
f 1078//41 1109//41 1110//41
f 1110//41 1111//41 1078//41
f 1078//41 1111//41 1112//41
f 1078//41 1112//41 1113//41
f 1101//41 1114//41 1099//41
f 1099//41 1114//41 1115//41
f 1099//41 1115//41 1050//41
f 1113//41 1116//41 1078//41
f 1078//41 1116//41 1117//41
f 1078//41 1117//41 1099//41
f 1099//41 1117//41 1118//41
f 1099//41 1118//41 1097//41
f 1115//41 1119//41 1050//41
f 1050//41 1119//41 1120//41
f 1050//41 1120//41 1121//41
f 1079//41 1122//41 1080//41
f 1080//41 1122//41 1123//41
f 1080//41 1123//41 1121//41
f 1121//41 1123//41 1124//41
f 1121//41 1124//41 1050//41
f 1050//41 1124//41 1125//41
f 1050//41 1125//41 1085//41
f 1099//41 1126//41 1127//41
f 1128//41 1129//41 1130//41
f 1130//41 1129//41 1131//41
f 1132//41 1133//41 1078//41
f 1078//41 1133//41 1134//41
f 1078//41 1134//41 1135//41
f 1128//41 1136//41 1129//41
f 1129//41 1136//41 1137//41
f 1129//41 1137//41 1138//41
f 1139//41 1140//41 1131//41
f 1138//41 1141//41 1129//41
f 1129//41 1141//41 1142//41
f 1129//41 1142//41 1099//41
f 1099//41 1142//41 1143//41
f 1099//41 1143//41 1126//41
f 1127//41 1144//41 1099//41
f 1099//41 1144//41 1145//41
f 1099//41 1145//41 1078//41
f 1078//41 1145//41 1146//41
f 1078//41 1146//41 1132//41
f 1135//41 1147//41 1078//41
f 1078//41 1147//41 1148//41
f 1078//41 1148//41 1131//41
f 1131//41 1148//41 1149//41
f 1131//41 1149//41 1139//41
f 1140//41 1150//41 1131//41
f 1131//41 1150//41 1151//41
f 1131//41 1151//41 1130//41
f 1152//41 1153//41 1154//41
f 1153//41 1155//41 1154//41
f 1154//41 1155//41 1156//41
f 1154//41 1156//41 1157//41
f 1158//41 1159//41 1129//41
f 1129//41 1159//41 1160//41
f 1157//41 1161//41 1162//41
f 1162//41 1161//41 1163//41
f 1162//41 1163//41 1164//41
f 1164//41 1165//41 1162//41
f 1162//41 1165//41 1166//41
f 1162//41 1166//41 1129//41
f 1129//41 1166//41 1167//41
f 1129//41 1167//41 1158//41
f 1160//41 1168//41 1129//41
f 1129//41 1168//41 1169//41
f 1129//41 1169//41 1131//41
f 1131//41 1169//41 1170//41
f 1131//41 1170//41 1171//41
f 1171//41 1172//41 1131//41
f 1131//41 1172//41 1173//41
f 1131//41 1173//41 1174//41
f 1174//41 1175//41 1131//41
f 1131//41 1175//41 1176//41
f 1131//41 1176//41 1154//41
f 1154//41 1176//41 1177//41
f 1154//41 1177//41 1152//41
f 1178//41 1154//41 1179//41
f 1179//41 1154//41 1180//41
f 1157//41 1162//41 1154//41
f 1154//41 1162//41 1181//41
f 1154//41 1181//41 1180//41
f 1182//41 1183//41 1184//41
f 1185//41 1186//41 1184//41
f 1184//41 1186//41 1187//41
f 1184//41 1187//41 1162//41
f 1162//41 1187//41 1188//41
f 1162//41 1188//41 1189//41
f 1189//41 1190//41 1162//41
f 1162//41 1190//41 1191//41
f 1162//41 1191//41 1181//41
f 1192//41 1193//41 1194//41
f 1194//41 1193//41 1195//41
f 1183//41 1196//41 1184//41
f 1184//41 1196//41 1197//41
f 1184//41 1197//41 1185//41
f 1192//41 1198//41 1193//41
f 1193//41 1198//41 1199//41
f 1193//41 1199//41 1182//41
f 1154//41 1200//41 1193//41
f 1193//41 1200//41 1201//41
f 1193//41 1201//41 1195//41
f 1178//41 1202//41 1154//41
f 1154//41 1202//41 1203//41
f 1154//41 1203//41 1200//41
f 1182//41 1184//41 1193//41
f 1193//41 1184//41 666//41
f 1193//41 666//41 665//41
f 445//41 946//41 1204//41
f 1204//41 946//41 977//41
f 1204//41 977//41 1205//41
f 1205//41 977//41 1014//41
f 1205//41 1014//41 1206//41
f 1206//41 1014//41 1040//41
f 1206//41 1040//41 1207//41
f 1207//41 1040//41 1066//41
f 1207//41 1066//41 1208//41
f 1208//41 1066//41 1078//41
f 1208//41 1078//41 1209//41
f 1209//41 1078//41 1131//41
f 1209//41 1131//41 1210//41
f 1210//41 1131//41 1154//41
f 1210//41 1154//41 1211//41
f 1211//41 1154//41 1193//41
f 1211//41 1193//41 1212//41
f 1212//41 1193//41 665//41
f 1212//41 665//41 664//41
f 1213//75 1214//75 273//75
f 273//75 1214//75 414//75
f 655//41 657//41 421//41
f 421//41 657//41 419//41
f 306//76 369//76 1215//76
f 1215//76 369//76 1216//76
f 663//71 630//71 1217//71
f 1217//71 630//71 1218//71
f 1217//71 1218//71 1219//71
f 1219//71 1218//71 1220//71
f 1219//71 1220//71 1221//71
f 1221//71 1220//71 1222//71
f 1221//71 1222//71 1223//71
f 1223//71 1222//71 1224//71
f 1223//71 1224//71 1225//71
f 1225//71 1224//71 1226//71
f 1225//71 1226//71 1227//71
f 1227//71 1226//71 1228//71
f 1227//71 1228//71 1229//71
f 1229//71 1228//71 1230//71
f 1229//71 1230//71 1231//71
f 1231//71 1230//71 1232//71
f 1231//71 1232//71 1233//71
f 1233//71 1232//71 1234//71
f 1233//71 1234//71 446//71
f 446//71 1234//71 447//71
f 1235//71 448//71 1236//71
f 1236//71 448//71 1237//71
f 1238//71 1239//71 1240//71
f 1240//71 1241//71 1238//71
f 1238//71 1241//71 1242//71
f 1238//71 1242//71 1234//71
f 1234//71 1242//71 1243//71
f 1234//71 1243//71 1244//71
f 1235//71 1245//71 448//71
f 448//71 1245//71 1246//71
f 448//71 1246//71 1238//71
f 1238//71 1246//71 1247//71
f 1238//71 1247//71 1239//71
f 1244//71 1248//71 1234//71
f 1234//71 1248//71 1249//71
f 1234//71 1249//71 1250//71
f 1251//71 1252//71 447//71
f 447//71 1252//71 1253//71
f 1250//71 1254//71 1234//71
f 1234//71 1254//71 1255//71
f 1234//71 1255//71 447//71
f 447//71 1255//71 1256//71
f 447//71 1256//71 1251//71
f 1253//71 1257//71 447//71
f 447//71 1257//71 1258//71
f 447//71 1258//71 448//71
f 448//71 1258//71 1259//71
f 448//71 1259//71 1237//71
f 1260//71 1238//71 1261//71
f 1261//71 1238//71 1262//71
f 1263//71 1264//71 1265//71
f 1260//71 1266//71 1238//71
f 1238//71 1266//71 1267//71
f 1238//71 1267//71 1265//71
f 1265//71 1267//71 1268//71
f 1265//71 1268//71 1263//71
f 1264//71 1269//71 1265//71
f 1265//71 1269//71 1270//71
f 1265//71 1270//71 1232//71
f 1232//71 1270//71 1271//71
f 1232//71 1271//71 1272//71
f 1273//71 1274//71 1234//71
f 1234//71 1274//71 1275//71
f 1275//71 1276//71 1234//71
f 1234//71 1276//71 1277//71
f 1234//71 1277//71 1238//71
f 1238//71 1277//71 1278//71
f 1238//71 1278//71 1262//71
f 1272//71 1279//71 1232//71
f 1232//71 1279//71 1280//71
f 1232//71 1280//71 1281//71
f 1281//71 1282//71 1232//71
f 1232//71 1282//71 1283//71
f 1232//71 1283//71 1234//71
f 1234//71 1283//71 1284//71
f 1234//71 1284//71 1273//71
f 1285//71 1286//71 1287//71
f 1286//71 1288//71 1287//71
f 1287//71 1288//71 1289//71
f 1287//71 1289//71 1230//71
f 1230//71 1289//71 1290//71
f 1230//71 1290//71 1291//71
f 1292//71 1265//71 1293//71
f 1293//71 1265//71 1294//71
f 1291//71 1295//71 1230//71
f 1230//71 1295//71 1296//71
f 1230//71 1296//71 1297//71
f 1292//71 1298//71 1265//71
f 1265//71 1298//71 1299//71
f 1265//71 1299//71 1287//71
f 1287//71 1299//71 1300//71
f 1287//71 1300//71 1285//71
f 1301//71 1302//71 1232//71
f 1301//71 1232//71 1303//71
f 1302//71 1304//71 1232//71
f 1232//71 1304//71 1305//71
f 1232//71 1305//71 1265//71
f 1265//71 1305//71 1306//71
f 1265//71 1306//71 1294//71
f 1297//71 1307//71 1230//71
f 1230//71 1307//71 1308//71
f 1230//71 1308//71 1232//71
f 1232//71 1308//71 1309//71
f 1232//71 1309//71 1303//71
f 1310//71 1311//71 1312//71
f 1313//71 1314//71 1287//71
f 1287//71 1314//71 1315//71
f 1315//71 1316//71 1287//71
f 1287//71 1316//71 1317//71
f 1287//71 1317//71 1312//71
f 1312//71 1317//71 1318//71
f 1312//71 1318//71 1310//71
f 1311//71 1319//71 1312//71
f 1312//71 1319//71 1320//71
f 1312//71 1320//71 1228//71
f 1228//71 1320//71 1321//71
f 1228//71 1321//71 1322//71
f 1322//71 1323//71 1228//71
f 1228//71 1323//71 1324//71
f 1228//71 1324//71 1325//71
f 1326//71 1327//71 1230//71
f 1326//71 1230//71 1328//71
f 1327//71 1329//71 1230//71
f 1230//71 1329//71 1330//71
f 1230//71 1330//71 1287//71
f 1287//71 1330//71 1331//71
f 1287//71 1331//71 1313//71
f 1325//71 1332//71 1228//71
f 1228//71 1332//71 1333//71
f 1228//71 1333//71 1230//71
f 1230//71 1333//71 1334//71
f 1230//71 1334//71 1328//71
f 1335//71 1336//71 1312//71
f 1312//71 1336//71 1337//71
f 1312//71 1337//71 1338//71
f 1338//71 1339//71 1312//71
f 1312//71 1339//71 1340//71
f 1312//71 1340//71 1341//71
f 1341//71 1340//71 1342//71
f 1341//71 1342//71 1343//71
f 1343//71 1344//71 1341//71
f 1341//71 1344//71 1345//71
f 1341//71 1345//71 1226//71
f 1226//71 1345//71 1346//71
f 1226//71 1346//71 1347//71
f 1347//71 1348//71 1226//71
f 1226//71 1348//71 1349//71
f 1226//71 1349//71 1350//71
f 1351//71 1352//71 1228//71
f 1351//71 1228//71 1353//71
f 1352//71 1354//71 1228//71
f 1228//71 1354//71 1355//71
f 1228//71 1355//71 1312//71
f 1312//71 1355//71 1356//71
f 1312//71 1356//71 1335//71
f 1350//71 1357//71 1226//71
f 1226//71 1357//71 1358//71
f 1226//71 1358//71 1228//71
f 1228//71 1358//71 1359//71
f 1228//71 1359//71 1353//71
f 1360//71 1361//71 1362//71
f 1363//71 1364//71 1365//71
f 1366//71 1367//71 1341//71
f 1341//71 1367//71 1368//71
f 1369//71 1370//71 1371//71
f 1371//71 1370//71 1372//71
f 1361//71 1373//71 1362//71
f 1362//71 1373//71 1374//71
f 1362//71 1374//71 1375//71
f 1375//71 1374//71 1365//71
f 1375//71 1365//71 1376//71
f 1376//71 1365//71 1364//71
f 1377//71 1378//71 1224//71
f 1224//71 1378//71 1379//71
f 1224//71 1379//71 1380//71
f 1381//71 1382//71 1224//71
f 1224//71 1382//71 1383//71
f 1369//71 1384//71 1370//71
f 1370//71 1384//71 1385//71
f 1370//71 1385//71 1224//71
f 1224//71 1385//71 1386//71
f 1224//71 1386//71 1377//71
f 1380//71 1387//71 1224//71
f 1224//71 1387//71 1388//71
f 1224//71 1388//71 1389//71
f 1381//71 1224//71 1390//71
f 1390//71 1224//71 1389//71
f 1390//71 1389//71 1365//71
f 1365//71 1389//71 1391//71
f 1365//71 1391//71 1363//71
f 1392//71 1393//71 1226//71
f 1392//71 1226//71 1394//71
f 1393//71 1395//71 1226//71
f 1226//71 1395//71 1396//71
f 1226//71 1396//71 1341//71
f 1341//71 1396//71 1397//71
f 1341//71 1397//71 1366//71
f 1398//71 1399//71 1341//71
f 1341//71 1399//71 1400//71
f 1341//71 1400//71 1370//71
f 1370//71 1400//71 1401//71
f 1370//71 1401//71 1372//71
f 1383//71 1402//71 1224//71
f 1224//71 1402//71 1403//71
f 1224//71 1403//71 1226//71
f 1226//71 1403//71 1404//71
f 1226//71 1404//71 1394//71
f 1360//71 1362//71 1405//71
f 1405//71 1362//71 1406//71
f 1405//71 1406//71 1407//71
f 1368//71 1408//71 1341//71
f 1341//71 1408//71 1407//71
f 1341//71 1407//71 1398//71
f 1398//71 1407//71 1406//71
f 1409//71 1410//71 1224//71
f 1224//71 1410//71 1411//71
f 1412//71 1413//71 1370//71
f 1414//71 1415//71 1416//71
f 1416//71 1415//71 1417//71
f 1414//71 1418//71 1415//71
f 1415//71 1418//71 1419//71
f 1415//71 1419//71 1222//71
f 1222//71 1419//71 1420//71
f 1222//71 1420//71 1421//71
f 1421//71 1422//71 1222//71
f 1222//71 1422//71 1423//71
f 1222//71 1423//71 1424//71
f 1424//71 1425//71 1222//71
f 1222//71 1425//71 1426//71
f 1222//71 1426//71 1224//71
f 1224//71 1426//71 1427//71
f 1224//71 1427//71 1409//71
f 1411//71 1428//71 1224//71
f 1224//71 1428//71 1429//71
f 1224//71 1429//71 1370//71
f 1370//71 1429//71 1430//71
f 1370//71 1430//71 1412//71
f 1413//71 1431//71 1370//71
f 1370//71 1431//71 1432//71
f 1370//71 1432//71 1415//71
f 1415//71 1432//71 1433//71
f 1415//71 1433//71 1417//71
f 1434//71 1435//71 1222//71
f 1436//71 1437//71 1438//71
f 1438//71 1437//71 1439//71
f 1440//71 1441//71 1220//71
f 1220//71 1441//71 1442//71
f 1442//71 1443//71 1220//71
f 1220//71 1443//71 1444//71
f 1220//71 1444//71 1445//71
f 1434//71 1222//71 1446//71
f 1447//71 1415//71 1448//71
f 1448//71 1415//71 1449//71
f 1445//71 1450//71 1220//71
f 1220//71 1450//71 1451//71
f 1220//71 1451//71 1222//71
f 1222//71 1451//71 1452//71
f 1222//71 1452//71 1446//71
f 1435//71 1453//71 1222//71
f 1222//71 1453//71 1454//71
f 1222//71 1454//71 1415//71
f 1415//71 1454//71 1455//71
f 1415//71 1455//71 1449//71
f 1447//71 1456//71 1415//71
f 1415//71 1456//71 1457//71
f 1415//71 1457//71 1438//71
f 1438//71 1457//71 1458//71
f 1438//71 1458//71 1436//71
f 1459//71 1460//71 1218//71
f 1218//71 1460//71 1461//71
f 1461//71 1462//71 1218//71
f 1218//71 1462//71 1463//71
f 1218//71 1463//71 1464//71
f 1464//71 1465//71 1218//71
f 1218//71 1465//71 1466//71
f 1218//71 1466//71 1220//71
f 1220//71 1466//71 1467//71
f 1220//71 1467//71 1468//71
f 1469//71 1470//71 1220//71
f 1220//71 1470//71 1438//71
f 1220//71 1438//71 1440//71
f 1440//71 1438//71 1439//71
f 1470//71 1471//71 1438//71
f 1438//71 1471//71 1472//71
f 1438//71 1472//71 1473//71
f 1473//71 1474//71 1438//71
f 1438//71 1474//71 1475//71
f 1438//71 1475//71 1476//71
f 1476//71 1475//71 1477//71
f 1476//71 1477//71 1478//71
f 1478//71 1479//71 1476//71
f 1476//71 1479//71 1480//71
f 1476//71 1480//71 1481//71
f 1468//71 1482//71 1220//71
f 1220//71 1482//71 1483//71
f 1220//71 1483//71 1469//71
f 630//71 628//71 1218//71
f 1218//71 628//71 1476//71
f 1218//71 1476//71 1459//71
f 1459//71 1476//71 1481//71
f 442//77 441//77 620//77
f 620//77 441//77 619//77
f 237//69 238//69 520//69
f 520//69 238//69 519//69
f 552//70 550//70 268//70
f 268//70 550//70 266//70
f 610//78 644//78 399//78
f 399//78 644//78 368//78
f 1484//71 1485//71 1486//71
f 394//71 392//71 1487//71
f 1487//71 392//71 1488//71
f 1487//71 1488//71 1489//71
f 626//71 660//71 1490//71
f 1490//71 660//71 1491//71
f 1490//71 1491//71 1492//71
f 1492//71 1491//71 1493//71
f 1492//71 1493//71 1494//71
f 1494//71 1493//71 1495//71
f 1494//71 1495//71 1496//71
f 1496//71 1495//71 1497//71
f 1496//71 1497//71 1498//71
f 1498//71 1497//71 1499//71
f 1498//71 1499//71 1500//71
f 1501//71 1502//71 396//71
f 1503//71 1504//71 1505//71
f 1506//71 1507//71 1487//71
f 1487//71 1507//71 1508//71
f 1487//71 1508//71 1509//71
f 1503//71 1505//71 1510//71
f 1504//71 1511//71 1505//71
f 1505//71 1511//71 1512//71
f 1505//71 1512//71 1487//71
f 1487//71 1512//71 1513//71
f 1487//71 1513//71 1506//71
f 1514//71 1515//71 394//71
f 394//71 1515//71 1516//71
f 1516//71 1517//71 394//71
f 394//71 1517//71 1518//71
f 394//71 1518//71 396//71
f 396//71 1518//71 1519//71
f 396//71 1519//71 1501//71
f 1509//71 1520//71 1487//71
f 1487//71 1520//71 1521//71
f 1487//71 1521//71 394//71
f 394//71 1521//71 1522//71
f 394//71 1522//71 1514//71
f 1502//71 1523//71 396//71
f 396//71 1523//71 1524//71
f 396//71 1524//71 1505//71
f 1505//71 1524//71 1525//71
f 1505//71 1525//71 1510//71
f 1505//71 1526//71 1527//71
f 1528//71 1529//71 1487//71
f 1487//71 1529//71 1530//71
f 1531//71 1532//71 1533//71
f 1531//71 1534//71 1489//71
f 1489//71 1534//71 1535//71
f 1489//71 1535//71 1536//71
f 1530//71 1537//71 1487//71
f 1487//71 1537//71 1538//71
f 1487//71 1538//71 1505//71
f 1505//71 1538//71 1539//71
f 1505//71 1539//71 1526//71
f 1533//71 1540//71 1531//71
f 1531//71 1540//71 1541//71
f 1531//71 1541//71 1534//71
f 1536//71 1542//71 1489//71
f 1489//71 1542//71 1543//71
f 1489//71 1543//71 1544//71
f 1527//71 1545//71 1505//71
f 1505//71 1545//71 1546//71
f 1505//71 1546//71 1531//71
f 1531//71 1546//71 1547//71
f 1531//71 1547//71 1532//71
f 1544//71 1548//71 1489//71
f 1489//71 1548//71 1549//71
f 1489//71 1549//71 1487//71
f 1487//71 1549//71 1550//71
f 1487//71 1550//71 1528//71
f 1551//71 1552//71 1486//71
f 1489//71 1553//71 1554//71
f 1555//71 1556//71 1486//71
f 1486//71 1556//71 1557//71
f 1486//71 1557//71 1551//71
f 1552//71 1558//71 1486//71
f 1486//71 1558//71 1559//71
f 1486//71 1559//71 1560//71
f 1531//71 1561//71 1562//71
f 1555//71 1563//71 1564//71
f 1488//71 1484//71 1489//71
f 1489//71 1484//71 1486//71
f 1489//71 1486//71 1553//71
f 1553//71 1486//71 1560//71
f 1554//71 1565//71 1489//71
f 1489//71 1565//71 1566//71
f 1489//71 1566//71 1567//71
f 1567//71 1568//71 1489//71
f 1489//71 1568//71 1569//71
f 1489//71 1569//71 1531//71
f 1531//71 1569//71 1570//71
f 1531//71 1570//71 1561//71
f 1562//71 1571//71 1531//71
f 1531//71 1571//71 1572//71
f 1531//71 1572//71 1555//71
f 1555//71 1572//71 1573//71
f 1555//71 1573//71 1563//71
f 1564//71 1574//71 1555//71
f 1555//71 1574//71 1575//71
f 1555//71 1575//71 1556//71
f 1576//71 1577//71 1555//71
f 1578//71 1579//71 1580//71
f 1580//71 1579//71 1581//71
f 1485//71 1580//71 1486//71
f 1486//71 1580//71 1582//71
f 1486//71 1582//71 1583//71
f 1583//71 1584//71 1486//71
f 1486//71 1584//71 1585//71
f 1486//71 1585//71 1586//71
f 1587//71 1588//71 1580//71
f 1580//71 1588//71 1589//71
f 1580//71 1589//71 1578//71
f 1581//71 1590//71 1580//71
f 1580//71 1590//71 1591//71
f 1580//71 1591//71 1582//71
f 1586//71 1592//71 1486//71
f 1486//71 1592//71 1593//71
f 1486//71 1593//71 1555//71
f 1555//71 1593//71 1594//71
f 1555//71 1594//71 1595//71
f 1555//71 1577//71 1587//71
f 1587//71 1577//71 1596//71
f 1587//71 1596//71 1597//71
f 1595//71 1598//71 1555//71
f 1555//71 1598//71 1599//71
f 1555//71 1599//71 1576//71
f 1597//71 1600//71 1587//71
f 1587//71 1600//71 1601//71
f 1587//71 1601//71 1588//71
f 1602//71 1603//71 1499//71
f 1580//71 1604//71 1605//71
f 1606//71 1607//71 1608//71
f 1608//71 1607//71 1609//71
f 1608//71 1609//71 1499//71
f 1499//71 1609//71 1610//71
f 1499//71 1610//71 1602//71
f 1603//71 1611//71 1499//71
f 1499//71 1611//71 1612//71
f 1499//71 1612//71 1613//71
f 1614//71 1615//71 1587//71
f 1587//71 1615//71 1616//71
f 1587//71 1616//71 1617//71
f 1485//71 1500//71 1580//71
f 1580//71 1500//71 1499//71
f 1580//71 1499//71 1604//71
f 1604//71 1499//71 1613//71
f 1605//71 1618//71 1580//71
f 1580//71 1618//71 1619//71
f 1580//71 1619//71 1620//71
f 1620//71 1621//71 1580//71
f 1580//71 1621//71 1622//71
f 1580//71 1622//71 1587//71
f 1587//71 1622//71 1623//71
f 1587//71 1623//71 1614//71
f 1617//71 1624//71 1587//71
f 1587//71 1624//71 1625//71
f 1587//71 1625//71 1608//71
f 1608//71 1625//71 1626//71
f 1608//71 1626//71 1606//71
f 1627//71 1628//71 1629//71
f 1628//71 1630//71 1629//71
f 1629//71 1630//71 1631//71
f 1629//71 1631//71 1632//71
f 1632//71 1631//71 1633//71
f 1632//71 1633//71 1634//71
f 1634//71 1633//71 1635//71
f 1497//71 1636//71 1637//71
f 1637//71 1638//71 1497//71
f 1497//71 1638//71 1639//71
f 1497//71 1639//71 1640//71
f 1627//71 1629//71 1641//71
f 1641//71 1629//71 1642//71
f 1641//71 1642//71 1643//71
f 1633//71 1644//71 1635//71
f 1635//71 1644//71 1497//71
f 1635//71 1497//71 1645//71
f 1645//71 1497//71 1640//71
f 1644//71 1646//71 1497//71
f 1497//71 1646//71 1647//71
f 1497//71 1647//71 1648//71
f 1649//71 1499//71 1650//71
f 1650//71 1499//71 1651//71
f 1652//71 1608//71 1653//71
f 1653//71 1608//71 1499//71
f 1653//71 1499//71 1654//71
f 1654//71 1499//71 1649//71
f 1655//71 1656//71 1657//71
f 1657//71 1656//71 1658//71
f 1657//71 1658//71 1659//71
f 1659//71 1660//71 1657//71
f 1657//71 1660//71 1661//71
f 1657//71 1661//71 1497//71
f 1497//71 1661//71 1662//71
f 1497//71 1662//71 1636//71
f 1648//71 1663//71 1497//71
f 1497//71 1663//71 1664//71
f 1497//71 1664//71 1499//71
f 1499//71 1664//71 1665//71
f 1499//71 1665//71 1651//71
f 1652//71 1666//71 1608//71
f 1608//71 1666//71 1667//71
f 1608//71 1667//71 1668//71
f 1668//71 1669//71 1608//71
f 1608//71 1669//71 1670//71
f 1608//71 1670//71 1657//71
f 1655//71 1657//71 1671//71
f 1671//71 1657//71 1670//71
f 1671//71 1670//71 1672//71
f 1643//71 1673//71 1641//71
f 1641//71 1673//71 1674//71
f 1641//71 1674//71 1670//71
f 1670//71 1674//71 1675//71
f 1670//71 1675//71 1672//71
f 1676//71 1677//71 1657//71
f 1678//71 1679//71 1497//71
f 1497//71 1679//71 1680//71
f 1680//71 1681//71 1497//71
f 1497//71 1681//71 1682//71
f 1497//71 1682//71 1657//71
f 1657//71 1682//71 1683//71
f 1657//71 1683//71 1676//71
f 1684//71 1685//71 1495//71
f 1495//71 1685//71 1686//71
f 1495//71 1686//71 1687//71
f 1687//71 1688//71 1495//71
f 1495//71 1688//71 1689//71
f 1495//71 1689//71 1497//71
f 1497//71 1689//71 1690//71
f 1497//71 1690//71 1678//71
f 1691//71 1692//71 1693//71
f 1693//71 1692//71 1657//71
f 1693//71 1657//71 1694//71
f 1694//71 1657//71 1677//71
f 1691//71 1695//71 1692//71
f 1692//71 1695//71 1696//71
f 1692//71 1696//71 1697//71
f 1697//71 1698//71 1692//71
f 1692//71 1698//71 1699//71
f 1692//71 1699//71 1495//71
f 1495//71 1699//71 1700//71
f 1495//71 1700//71 1684//71
f 1701//71 1702//71 1493//71
f 1493//71 1702//71 1703//71
f 1704//71 1705//71 1495//71
f 1706//71 1707//71 1708//71
f 1708//71 1707//71 1709//71
f 1703//71 1710//71 1493//71
f 1493//71 1710//71 1711//71
f 1493//71 1711//71 1712//71
f 1704//71 1495//71 1713//71
f 1712//71 1714//71 1493//71
f 1493//71 1714//71 1715//71
f 1493//71 1715//71 1495//71
f 1495//71 1715//71 1716//71
f 1495//71 1716//71 1713//71
f 1717//71 1692//71 1718//71
f 1718//71 1692//71 1495//71
f 1718//71 1495//71 1719//71
f 1719//71 1495//71 1705//71
f 1717//71 1720//71 1692//71
f 1692//71 1720//71 1721//71
f 1692//71 1721//71 1722//71
f 1722//71 1723//71 1692//71
f 1692//71 1723//71 1724//71
f 1692//71 1724//71 1708//71
f 1708//71 1724//71 1725//71
f 1708//71 1725//71 1706//71
f 1726//71 1727//71 1491//71
f 1491//71 1727//71 1728//71
f 1728//71 1729//71 1491//71
f 1491//71 1729//71 1730//71
f 1491//71 1730//71 1731//71
f 1732//71 1733//71 1734//71
f 1734//71 1733//71 1735//71
f 1734//71 1735//71 1736//71
f 1731//71 1737//71 1491//71
f 1491//71 1737//71 1738//71
f 1491//71 1738//71 1493//71
f 1493//71 1738//71 1739//71
f 1493//71 1739//71 1740//71
f 1740//71 1741//71 1493//71
f 1493//71 1741//71 1742//71
f 1493//71 1742//71 1743//71
f 1743//71 1744//71 1493//71
f 1493//71 1744//71 1708//71
f 1493//71 1708//71 1701//71
f 1701//71 1708//71 1709//71
f 1744//71 1745//71 1708//71
f 1708//71 1745//71 1746//71
f 1708//71 1746//71 1747//71
f 1747//71 1748//71 1708//71
f 1708//71 1748//71 1749//71
f 1708//71 1749//71 1734//71
f 1734//71 1749//71 1750//71
f 1734//71 1750//71 1732//71
f 660//71 614//71 1491//71
f 1491//71 614//71 1734//71
f 1491//71 1734//71 1726//71
f 1726//71 1734//71 1736//71
f 108//74 107//74 574//74
f 108//74 574//74 119//74
f 119//74 574//74 348//74
f 119//74 348//74 120//74
f 94//41 93//41 52//41
f 52//41 93//41 95//41
f 52//41 95//41 29//41
f 70//79 71//79 244//79
f 91//79 83//79 464//79
f 464//79 83//79 75//79
f 464//79 75//79 244//79
f 244//79 75//79 73//79
f 244//79 73//79 70//79
f 295//80 409//80 575//80
f 575//80 409//80 493//80
f 339//71 338//71 560//71
f 560//71 338//71 562//71
f 336//81 380//81 581//81
f 581//81 380//81 602//81
f 199//82 205//82 492//82
f 188//82 187//82 378//82
f 378//82 187//82 160//82
f 378//82 160//82 492//82
f 492//82 160//82 159//82
f 492//82 159//82 199//82
f 156//55 147//55 157//55
f 157//55 147//55 134//55
f 157//55 134//55 150//55
f 136//56 135//56 315//56
f 136//56 315//56 121//56
f 121//56 315//56 536//56
f 121//56 536//56 122//56
f 302//41 301//41 573//41
f 573//41 301//41 507//41
f 480//74 481//74 327//74
f 327//74 481//74 388//74
f 468//71 504//71 320//71
f 320//71 504//71 321//71
f 281//71 328//71 510//71
f 510//71 328//71 590//71
f 485//56 486//56 255//56
f 255//56 486//56 254//56
f 227//41 236//41 473//41
f 473//41 236//41 521//41
f 269//83 267//83 551//83
f 551//83 267//83 549//83
f 503//41 531//41 345//41
f 345//41 531//41 322//41
f 617//74 616//74 377//74
f 377//74 616//74 379//74
f 580//84 1751//84 335//84
f 335//84 1751//84 381//84
f 559//41 561//41 314//41
f 314//41 561//41 331//41
f 310//85 410//85 1752//85
f 1752//85 410//85 576//85
f 599//56 1753//56 297//56
f 297//56 1753//56 385//56
f 591//86 589//86 358//86
f 358//86 589//86 329//86
f 525//74 526//74 257//74
f 257//74 526//74 256//74
f 653//77 1754//77 413//77
f 413//77 1754//77 415//77
f 658//71 1755//71 420//71
f 420//71 1755//71 422//71
f 417//78 370//78 633//78
f 633//78 370//78 1756//78
f 310//85 495//85 546//87
f 310//85 546//87 311//87
f 311//87 546//87 548//88
f 311//87 548//88 313//88
f 313//88 548//88 559//42
f 313//88 559//42 314//42
f 464//40 244//40 597//89
f 597//89 244//40 242//89
f 597//89 242//89 579//90
f 579//90 242//89 240//90
f 579//90 240//90 577//91
f 577//91 240//90 293//91
f 577//91 293//91 575//80
f 575//80 293//91 295//80
f 29//20 28//21 52//22
f 52//22 28//21 53//36
f 53//36 28//21 54//37
f 54//37 28//21 26//19
f 54//37 26//19 55//38
f 55//38 26//19 35//26
f 55//38 35//26 46//32
f 46//32 35//26 34//23
f 46//32 34//23 47//33
f 47//33 34//23 33//25
f 47//33 33//25 48//34
f 48//34 33//25 32//24
f 48//34 32//24 49//35
f 49//35 32//24 43//31
f 49//35 43//31 38//29
f 38//29 43//31 42//28
f 38//29 42//28 40//30
f 150//22 177//65 157//41
f 157//41 177//65 172//62
f 172//62 177//65 173//63
f 173//63 177//65 176//54
f 173//63 176//54 174//64
f 174//64 176//54 182//67
f 174//64 182//67 167//59
f 167//59 182//67 181//53
f 167//59 181//53 168//60
f 168//60 181//53 179//66
f 168//60 179//66 169//52
f 169//52 179//66 185//52
f 169//52 185//52 170//61
f 170//61 185//52 184//68
f 170//61 184//68 162//57
f 162//57 184//68 186//51
f 162//57 186//51 164//58
f 445//42 1204//41 443//92
f 443//92 1204//41 1205//41
f 1205//41 1206//41 443//92
f 443//92 1206//41 1207//41
f 443//92 1207//41 1208//41
f 1208//41 1209//41 662//92
f 662//92 1209//41 1210//41
f 1210//41 1211//41 662//92
f 662//92 1211//41 1212//41
f 662//92 1212//41 664//42
f 1208//41 662//92 443//92
f 443//92 662//92 530//75
f 443//92 530//75 273//75
f 655//22 421//22 641//92
f 641//92 421//22 412//92
f 641//92 412//92 639//75
f 639//75 412//92 414//75
f 609//76 611//93 306//76
f 306//76 611//93 397//93
f 613//42 917//41 611//93
f 611//93 917//41 894//41
f 611//93 894//41 861//41
f 861//41 832//41 611//93
f 611//93 832//41 796//41
f 611//93 796//41 397//93
f 397//93 796//41 761//41
f 397//93 761//41 735//41
f 735//41 719//41 397//93
f 397//93 719//41 688//41
f 397//93 688//41 395//42
f 634//76 369//76 632//93
f 632//93 369//76 371//93
f 632//93 371//93 657//22
f 657//22 371//93 419//22
f 417//78 1757//78 1758//94
f 417//78 1758//94 418//94
f 418//94 1758//94 1759//95
f 418//94 1759//95 420//95
f 422//95 1755//95 1760//96
f 422//95 1760//96 423//96
f 423//96 1760//96 1761//77
f 423//96 1761//77 413//77
f 661//96 663//97 1217//71
f 1217//71 1219//71 661//96
f 661//96 1219//71 1221//71
f 661//96 1221//71 1223//71
f 1225//71 1227//71 444//96
f 444//96 1227//71 1229//71
f 1229//71 1231//71 444//96
f 444//96 1231//71 1233//71
f 444//96 1233//71 446//97
f 1223//71 1225//71 661//96
f 661//96 1225//71 444//96
f 661//96 444//96 620//77
f 620//77 444//96 442//77
f 619//77 441//77 498//98
f 498//98 441//77 372//98
f 498//98 372//98 496//99
f 496//99 372//98 292//99
f 496//99 292//99 523//100
f 523//100 292//99 291//100
f 523//100 291//100 524//101
f 524//101 291//100 309//101
f 524//101 309//101 213//102
f 213//102 309//101 211//102
f 1762//78 399//78 1763//94
f 1763//94 399//78 398//94
f 396//97 1505//103 398//94
f 398//94 1505//103 1531//104
f 398//94 1531//104 1555//104
f 1555//104 1587//105 398//94
f 398//94 1587//105 1608//106
f 398//94 1608//106 1763//94
f 1763//94 1608//106 1657//106
f 1763//94 1657//106 1692//106
f 1692//106 1708//107 1763//94
f 1763//94 1708//107 1734//107
f 1763//94 1734//107 1764//97
f 368//78 644//78 287//108
f 287//108 644//78 643//108
f 287//108 643//108 288//109
f 288//109 643//108 642//109
f 288//109 642//109 289//110
f 289//110 642//109 608//110
f 289//110 608//110 271//111
f 271//111 608//110 607//111
f 271//111 607//111 268//112
f 268//112 607//111 552//112
f 635//78 370//78 636//113
f 636//113 370//78 308//113
f 636//113 308//113 621//114
f 621//114 308//113 307//114
f 621//114 307//114 622//115
f 622//115 307//114 402//115
f 622//115 402//115 623//116
f 623//116 402//115 401//116
f 623//116 401//116 606//117
f 606//117 401//116 400//117
f 606//117 400//117 554//118
f 554//118 400//117 272//118
f 554//118 272//118 553//119
f 553//119 272//118 270//119
f 553//119 270//119 551//102
f 551//102 270//119 269//102
f 1765//40 257//40 1766//120
f 1766//120 257//40 258//120
f 1766//120 258//120 1767//121
f 1767//121 258//120 259//121
f 1767//121 259//121 1768//122
f 1768//122 259//121 290//122
f 1768//122 290//122 1769//123
f 1769//123 290//122 373//123
f 1769//123 373//123 1770//124
f 1770//124 373//123 275//124
f 1770//124 275//124 1771//125
f 1771//125 275//124 274//125
f 1771//125 274//125 1772//126
f 1772//126 274//125 416//126
f 1772//126 416//126 1754//77
f 1754//77 416//126 415//77
f 591//22 358//22 592//43
f 592//43 358//22 357//43
f 592//43 357//43 511//44
f 511//44 357//43 356//44
f 511//44 356//44 513//45
f 513//45 356//44 279//45
f 513//45 279//45 515//46
f 515//46 279//45 277//46
f 515//46 277//46 527//47
f 527//47 277//46 276//47
f 527//47 276//47 526//40
f 526//40 276//47 256//40
f 599//56 297//56 476//50
f 476//50 297//56 296//50
f 476//50 296//50 475//51
f 475//51 296//50 294//51
f 475//51 294//51 460//52
f 460//52 294//51 263//52
f 460//52 263//52 461//53
f 461//53 263//52 261//53
f 461//53 261//53 588//54
f 588//54 261//53 330//54
f 588//54 330//54 589//22
f 589//22 330//54 329//22
f 385//49 1753//49 1773//127
f 385//49 1773//127 386//127
f 386//127 1773//127 1774//128
f 386//127 1774//128 387//128
f 387//128 1774//128 1775//129
f 387//128 1775//129 411//129
f 411//129 1775//129 1776//85
f 411//129 1776//85 410//85
f 331//42 561//42 564//130
f 331//42 564//130 332//130
f 332//130 564//130 566//131
f 332//130 566//131 334//131
f 334//131 566//131 580//84
f 334//131 580//84 335//84
f 381//84 1751//84 1777//132
f 381//84 1777//132 383//132
f 383//132 1777//132 1778//133
f 383//132 1778//133 384//133
f 384//133 1778//133 1779//134
f 384//133 1779//134 375//134
f 375//134 1779//134 1780//48
f 375//134 1780//48 377//48
f 503//22 345//22 501//43
f 501//43 345//22 325//43
f 501//43 325//43 532//44
f 532//44 325//43 344//44
f 532//44 344//44 533//45
f 533//45 344//44 343//45
f 533//45 343//45 534//46
f 534//46 343//45 342//46
f 534//46 342//46 600//47
f 600//47 342//46 245//47
f 600//47 245//47 616//40
f 616//40 245//47 379//40
f 549//56 267//56 567//50
f 567//50 267//56 265//50
f 567//50 265//50 568//51
f 568//51 265//50 264//51
f 568//51 264//51 479//52
f 479//52 264//51 305//52
f 479//52 305//52 466//53
f 466//53 305//52 364//53
f 466//53 364//53 467//54
f 467//54 364//53 363//54
f 467//54 363//54 531//22
f 531//22 363//54 322//22
f 468//135 320//135 365//136
f 468//135 365//136 571//136
f 571//136 365//136 366//137
f 571//136 366//137 477//137
f 477//137 366//137 304//138
f 477//137 304//138 478//138
f 478//138 304//138 303//139
f 478//138 303//139 570//139
f 570//139 303//139 367//140
f 570//139 367//140 569//140
f 569//140 367//140 266//74
f 569//140 266//74 550//74
f 215//48 217//48 535//140
f 215//48 535//140 359//140
f 359//140 535//140 509//139
f 359//140 509//139 360//139
f 360//139 509//139 508//138
f 360//139 508//138 361//138
f 361//138 508//138 506//137
f 361//138 506//137 362//137
f 362//137 506//137 505//136
f 362//137 505//136 390//136
f 390//136 505//136 223//95
f 390//136 223//95 225//95
f 218//141 216//141 389//47
f 218//141 389//47 555//47
f 555//47 389//47 353//46
f 555//47 353//46 556//46
f 556//46 353//46 352//45
f 556//46 352//45 557//45
f 557//45 352//45 351//44
f 557//45 351//44 558//44
f 558//44 351//44 350//43
f 558//44 350//43 572//43
f 572//43 350//43 302//142
f 572//43 302//142 573//142
f 480//40 327//40 474//140
f 474//140 327//40 326//140
f 474//140 326//140 490//139
f 490//139 326//140 324//139
f 490//139 324//139 488//138
f 488//138 324//139 323//138
f 488//138 323//138 601//137
f 601//137 323//138 347//137
f 601//137 347//137 502//136
f 502//136 347//137 346//136
f 502//136 346//136 504//97
f 504//97 346//136 321//97
f 507//22 301//22 482//43
f 482//43 301//22 300//43
f 482//43 300//43 483//44
f 483//44 300//43 299//44
f 483//44 299//44 484//45
f 484//45 299//44 298//45
f 484//45 298//45 459//46
f 459//46 298//45 319//46
f 459//46 319//46 456//47
f 456//47 319//46 285//47
f 456//47 285//47 481//40
f 481//40 285//47 388//40
f 485//56 255//56 455//50
f 455//50 255//56 233//50
f 455//50 233//50 457//51
f 457//51 233//50 231//51
f 457//51 231//51 458//52
f 458//52 231//51 230//52
f 458//52 230//52 471//53
f 471//53 230//52 229//53
f 471//53 229//53 472//54
f 472//54 229//53 228//54
f 472//54 228//54 473//22
f 473//22 228//54 227//22
f 281//95 510//95 512//143
f 281//95 512//143 282//143
f 282//143 512//143 514//144
f 282//143 514//144 283//144
f 283//144 514//144 518//145
f 283//144 518//145 284//145
f 284//145 518//145 517//146
f 284//145 517//146 280//146
f 280//146 517//146 516//147
f 280//146 516//147 278//147
f 278//147 516//147 214//56
f 278//147 214//56 212//56
f 590//97 328//97 469//143
f 469//143 328//97 260//143
f 469//143 260//143 462//144
f 462//144 260//143 262//144
f 462//144 262//144 465//145
f 465//145 262//144 239//145
f 465//145 239//145 463//146
f 463//146 239//145 241//146
f 463//146 241//146 487//147
f 487//147 241//146 243//147
f 487//147 243//147 486//102
f 486//102 243//147 254//102
f 237//49 520//49 538//50
f 237//49 538//50 251//50
f 251//50 538//50 537//51
f 251//50 537//51 252//51
f 252//51 537//51 539//52
f 252//51 539//52 253//52
f 253//52 539//52 540//53
f 253//52 540//53 286//53
f 286//53 540//53 522//54
f 286//53 522//54 235//54
f 235//54 522//54 521//42
f 235//54 521//42 236//42
f 519//148 238//148 250//147
f 519//148 250//147 541//147
f 541//147 250//147 249//146
f 541//147 249//146 542//146
f 542//146 249//146 248//145
f 542//146 248//145 543//145
f 543//145 248//145 247//144
f 543//145 247//144 544//144
f 544//144 247//144 246//143
f 544//144 246//143 545//143
f 545//143 246//143 219//135
f 545//143 219//135 221//135
f 222//135 220//135 232//136
f 222//135 232//136 470//136
f 470//136 232//136 234//137
f 470//136 234//137 453//137
f 453//137 234//137 355//138
f 453//137 355//138 454//138
f 454//138 355//138 354//139
f 454//138 354//139 593//139
f 593//139 354//139 349//140
f 593//139 349//140 594//140
f 594//140 349//140 348//74
f 594//140 348//74 574//74
f 95//42 93//42 98//43
f 95//42 98//43 109//43
f 109//43 98//43 100//44
f 109//43 100//44 111//44
f 111//44 100//44 102//45
f 111//44 102//45 113//45
f 113//45 102//45 104//46
f 113//45 104//46 115//46
f 115//46 104//46 106//47
f 115//46 106//47 117//47
f 117//47 106//47 108//48
f 117//47 108//48 119//48
f 493//80 409//80 494//149
f 494//149 409//80 408//149
f 494//149 408//149 547//150
f 547//150 408//149 312//150
f 547//150 312//150 560//97
f 560//97 312//150 339//97
f 562//97 338//97 563//151
f 563//151 338//97 337//151
f 563//151 337//151 565//152
f 565//152 337//151 333//152
f 565//152 333//152 581//81
f 581//81 333//152 336//81
f 602//81 380//81 603//153
f 603//153 380//81 382//153
f 603//153 382//153 489//154
f 489//154 382//153 374//154
f 489//154 374//154 491//155
f 491//155 374//154 376//155
f 491//155 376//155 492//102
f 492//102 376//155 378//102
f 136//49 121//49 124//50
f 136//49 124//50 137//50
f 137//50 124//50 126//51
f 137//50 126//51 139//51
f 139//51 126//51 128//52
f 139//51 128//52 141//52
f 141//52 128//52 130//53
f 141//52 130//53 143//53
f 143//53 130//53 132//54
f 143//53 132//54 145//54
f 145//54 132//54 134//42
f 145//54 134//42 147//42
f 536//148 315//148 341//147
f 536//148 341//147 583//147
f 583//147 341//147 340//146
f 583//147 340//146 584//146
f 584//146 340//146 316//145
f 584//146 316//145 585//145
f 585//145 316//145 317//144
f 585//145 317//144 586//144
f 586//144 317//144 318//143
f 586//144 318//143 587//143
f 587//143 318//143 226//135
f 587//143 226//135 224//135
f 405//49 631//49 648//50
f 405//49 648//50 429//50
f 429//50 648//50 649//51
f 429//50 649//51 430//51
f 430//51 649//51 647//52
f 430//51 647//52 431//52
f 431//52 647//52 646//53
f 431//52 646//53 451//53
f 451//53 646//53 645//54
f 451//53 645//54 403//54
f 666//42 1184//41 645//54
f 645//54 1184//41 1162//41
f 645//54 1162//41 1129//41
f 1129//41 1099//41 645//54
f 645//54 1099//41 1050//41
f 645//54 1050//41 403//54
f 403//54 1050//41 1028//41
f 403//54 1028//41 998//41
f 998//41 985//41 403//54
f 403//54 985//41 949//41
f 403//54 949//41 404//42
f 629//148 407//148 427//147
f 629//148 427//147 650//147
f 650//147 427//147 428//146
f 650//147 428//146 651//146
f 651//146 428//146 426//145
f 651//146 426//145 652//145
f 652//145 426//145 425//144
f 652//145 425//144 670//144
f 670//144 425//144 424//143
f 670//144 424//143 627//143
f 448//135 1238//71 424//143
f 424//143 1238//71 1265//71
f 424//143 1265//71 1287//71
f 1287//71 1312//71 424//143
f 424//143 1312//71 1341//71
f 424//143 1341//71 627//143
f 627//143 1341//71 1370//71
f 627//143 1370//71 1415//71
f 1415//71 1438//71 627//143
f 627//143 1438//71 1476//71
f 627//143 1476//71 628//135
f 391//156 937//157 449//43
f 449//43 937//157 938//157
f 938//157 939//157 449//43
f 449//43 939//157 940//157
f 449//43 940//157 941//157
f 941//157 942//157 676//43
f 676//43 942//157 943//157
f 943//157 944//157 676//43
f 676//43 944//157 945//157
f 676//43 945//157 667//156
f 941//157 676//43 449//43
f 449//43 676//43 675//44
f 449//43 675//44 432//44
f 432//44 675//44 674//45
f 432//44 674//45 433//45
f 433//45 674//45 669//46
f 433//45 669//46 434//46
f 434//46 669//46 668//47
f 434//46 668//47 450//47
f 450//47 668//47 625//48
f 450//47 625//48 435//48
f 626//135 1490//71 677//136
f 677//136 1490//71 1492//71
f 1492//71 1494//71 677//136
f 677//136 1494//71 1496//71
f 677//136 1496//71 1498//71
f 1498//71 1500//71 437//136
f 437//136 1500//71 1485//71
f 1485//71 1484//71 437//136
f 437//136 1484//71 1488//71
f 437//136 1488//71 392//135
f 1498//71 437//136 677//136
f 677//136 437//136 440//137
f 677//136 440//137 671//137
f 671//137 440//137 439//138
f 671//137 439//138 672//138
f 672//138 439//138 438//139
f 672//138 438//139 673//139
f 673//139 438//139 452//140
f 673//139 452//140 678//140
f 678//140 452//140 436//74
f 678//140 436//74 624//74
f 915//158 1727//158 916//159
f 916//159 1727//158 1726//159
f 916//159 1726//159 922//160
f 922//160 1726//159 1736//160
f 922//160 1736//160 923//161
f 923//161 1736//160 1735//161
f 923//161 1735//161 924//162
f 924//162 1735//161 1733//162
f 924//162 1733//162 927//163
f 927//163 1733//162 1732//163
f 927//163 1732//163 928//164
f 928//164 1732//163 1750//164
f 928//164 1750//164 929//165
f 929//165 1750//164 1749//165
f 929//165 1749//165 930//166
f 930//166 1749//165 1748//166
f 930//166 1748//166 931//167
f 931//167 1748//166 1747//167
f 931//167 1747//167 932//168
f 932//168 1747//167 1746//168
f 932//168 1746//168 914//169
f 914//169 1746//168 1745//169
f 914//169 1745//169 913//170
f 913//170 1745//169 1744//170
f 913//170 1744//170 912//171
f 912//171 1744//170 1743//171
f 912//171 1743//171 911//172
f 911//172 1743//171 1742//172
f 911//172 1742//172 935//173
f 935//173 1742//172 1741//173
f 935//173 1741//173 936//174
f 936//174 1741//173 1740//174
f 936//174 1740//174 934//175
f 934//175 1740//174 1739//175
f 934//175 1739//175 933//176
f 933//176 1739//175 1738//176
f 933//176 1738//176 921//177
f 921//177 1738//176 1737//177
f 921//177 1737//177 920//178
f 920//178 1737//177 1731//178
f 920//178 1731//178 918//179
f 918//179 1731//178 1730//179
f 918//179 1730//179 925//180
f 925//180 1730//179 1729//180
f 925//180 1729//180 926//181
f 926//181 1729//180 1728//181
f 926//181 1728//181 915//158
f 915//158 1728//181 1727//158
f 892//158 1702//158 893//159
f 893//159 1702//158 1701//159
f 893//159 1701//159 895//160
f 895//160 1701//159 1709//160
f 895//160 1709//160 896//161
f 896//161 1709//160 1707//161
f 896//161 1707//161 906//162
f 906//162 1707//161 1706//162
f 906//162 1706//162 907//163
f 907//163 1706//162 1725//163
f 907//163 1725//163 908//164
f 908//164 1725//163 1724//164
f 908//164 1724//164 898//165
f 898//165 1724//164 1723//165
f 898//165 1723//165 899//166
f 899//166 1723//165 1722//166
f 899//166 1722//166 909//167
f 909//167 1722//166 1721//167
f 909//167 1721//167 910//168
f 910//168 1721//167 1720//168
f 910//168 1720//168 897//169
f 897//169 1720//168 1717//169
f 897//169 1717//169 888//170
f 888//170 1717//169 1718//170
f 888//170 1718//170 889//171
f 889//171 1718//170 1719//171
f 889//171 1719//171 900//172
f 900//172 1719//171 1705//172
f 900//172 1705//172 901//173
f 901//173 1705//172 1704//173
f 901//173 1704//173 902//174
f 902//174 1704//173 1713//174
f 902//174 1713//174 903//175
f 903//175 1713//174 1716//175
f 903//175 1716//175 904//176
f 904//176 1716//175 1715//176
f 904//176 1715//176 905//177
f 905//177 1715//176 1714//177
f 905//177 1714//177 885//178
f 885//178 1714//177 1712//178
f 885//178 1712//178 886//179
f 886//179 1712//178 1711//179
f 886//179 1711//179 890//180
f 890//180 1711//179 1710//180
f 890//180 1710//180 891//181
f 891//181 1710//180 1703//181
f 891//181 1703//181 892//158
f 892//158 1703//181 1702//158
f 859//158 1700//158 860//159
f 860//159 1700//158 1699//159
f 860//159 1699//159 883//160
f 883//160 1699//159 1698//160
f 883//160 1698//160 884//161
f 884//161 1698//160 1697//161
f 884//161 1697//161 879//162
f 879//162 1697//161 1696//162
f 879//162 1696//162 880//163
f 880//163 1696//162 1695//163
f 880//163 1695//163 881//164
f 881//164 1695//163 1691//164
f 881//164 1691//164 882//165
f 882//165 1691//164 1693//165
f 882//165 1693//165 862//166
f 862//166 1693//165 1694//166
f 862//166 1694//166 863//167
f 863//167 1694//166 1677//167
f 863//167 1677//167 876//168
f 876//168 1677//167 1676//168
f 876//168 1676//168 877//169
f 877//169 1676//168 1683//169
f 877//169 1683//169 878//170
f 878//170 1683//169 1682//170
f 878//170 1682//170 864//171
f 864//171 1682//170 1681//171
f 864//171 1681//171 865//172
f 865//172 1681//171 1680//172
f 865//172 1680//172 866//173
f 866//173 1680//172 1679//173
f 866//173 1679//173 867//174
f 867//174 1679//173 1678//174
f 867//174 1678//174 871//175
f 871//175 1678//174 1690//175
f 871//175 1690//175 872//182
f 872//182 1690//175 1689//182
f 872//182 1689//182 873//177
f 873//177 1689//182 1688//177
f 873//177 1688//177 868//178
f 868//178 1688//177 1687//178
f 868//178 1687//178 869//179
f 869//179 1687//178 1686//179
f 869//179 1686//179 874//180
f 874//180 1686//179 1685//180
f 874//180 1685//180 875//181
f 875//181 1685//180 1684//181
f 875//181 1684//181 859//158
f 859//158 1684//181 1700//158
f 835//158 1662//158 836//159
f 836//159 1662//158 1661//159
f 836//159 1661//159 830//160
f 830//160 1661//159 1660//160
f 830//160 1660//160 831//161
f 831//161 1660//160 1659//161
f 831//161 1659//161 833//162
f 833//162 1659//161 1658//162
f 833//162 1658//162 837//163
f 837//163 1658//162 1656//163
f 837//163 1656//163 838//164
f 838//164 1656//163 1655//164
f 838//164 1655//164 809//165
f 809//165 1655//164 1671//165
f 809//165 1671//165 810//166
f 810//166 1671//165 1672//166
f 810//166 1672//166 812//167
f 812//167 1672//166 1675//167
f 812//167 1675//167 818//168
f 818//168 1675//167 1674//168
f 818//168 1674//168 819//169
f 819//169 1674//168 1673//169
f 819//169 1673//169 813//170
f 813//170 1673//169 1643//170
f 813//170 1643//170 847//171
f 847//171 1643//170 1642//171
f 847//171 1642//171 848//172
f 848//172 1642//171 1629//172
f 848//172 1629//172 850//173
f 850//173 1629//172 1632//173
f 850//173 1632//173 854//174
f 854//174 1632//173 1634//174
f 854//174 1634//174 855//175
f 855//175 1634//174 1635//175
f 855//175 1635//175 856//182
f 856//182 1635//175 1645//182
f 856//182 1645//182 857//177
f 857//177 1645//182 1640//177
f 857//177 1640//177 826//178
f 826//178 1640//177 1639//178
f 826//178 1639//178 827//179
f 827//179 1639//178 1638//179
f 827//179 1638//179 829//180
f 829//180 1638//179 1637//180
f 829//180 1637//180 834//181
f 834//181 1637//180 1636//181
f 834//181 1636//181 835//158
f 835//158 1636//181 1662//158
f 697//158 1513//158 698//159
f 698//159 1513//158 1512//159
f 698//159 1512//159 686//160
f 686//160 1512//159 1511//160
f 686//160 1511//160 687//161
f 687//161 1511//160 1504//161
f 687//161 1504//161 689//162
f 689//162 1504//161 1503//162
f 689//162 1503//162 702//163
f 702//163 1503//162 1510//163
f 702//163 1510//163 703//164
f 703//164 1510//163 1525//164
f 703//164 1525//164 704//165
f 704//165 1525//164 1524//165
f 704//165 1524//165 680//166
f 680//166 1524//165 1523//166
f 680//166 1523//166 681//167
f 681//167 1523//166 1502//167
f 681//167 1502//167 682//168
f 682//168 1502//167 1501//168
f 682//168 1501//168 683//169
f 683//169 1501//168 1519//169
f 683//169 1519//169 684//170
f 684//170 1519//169 1518//170
f 684//170 1518//170 685//171
f 685//171 1518//170 1517//171
f 685//171 1517//171 690//172
f 690//172 1517//171 1516//172
f 690//172 1516//172 691//173
f 691//173 1516//172 1515//173
f 691//173 1515//173 692//174
f 692//174 1515//173 1514//174
f 692//174 1514//174 699//175
f 699//175 1514//174 1522//175
f 699//175 1522//175 700//182
f 700//182 1522//175 1521//182
f 700//182 1521//182 701//177
f 701//177 1521//182 1520//177
f 701//177 1520//177 693//178
f 693//178 1520//177 1509//178
f 693//178 1509//178 694//179
f 694//179 1509//178 1508//179
f 694//179 1508//179 695//180
f 695//180 1508//179 1507//180
f 695//180 1507//180 696//181
f 696//181 1507//180 1506//181
f 696//181 1506//181 697//158
f 697//158 1506//181 1513//158
f 717//158 1535//158 718//159
f 718//159 1535//158 1534//159
f 718//159 1534//159 722//160
f 722//160 1534//159 1541//160
f 722//160 1541//160 723//161
f 723//161 1541//160 1540//161
f 723//161 1540//161 724//162
f 724//162 1540//161 1533//162
f 724//162 1533//162 728//163
f 728//163 1533//162 1532//163
f 728//163 1532//163 729//164
f 729//164 1532//163 1547//164
f 729//164 1547//164 730//165
f 730//165 1547//164 1546//165
f 730//165 1546//165 705//166
f 705//166 1546//165 1545//166
f 705//166 1545//166 706//167
f 706//167 1545//166 1527//167
f 706//167 1527//167 707//168
f 707//168 1527//167 1526//168
f 707//168 1526//168 708//169
f 708//169 1526//168 1539//169
f 708//169 1539//169 709//170
f 709//170 1539//169 1538//170
f 709//170 1538//170 710//171
f 710//171 1538//170 1537//171
f 710//171 1537//171 711//172
f 711//172 1537//171 1530//172
f 711//172 1530//172 712//173
f 712//173 1530//172 1529//173
f 712//173 1529//173 713//174
f 713//174 1529//173 1528//174
f 713//174 1528//174 725//175
f 725//175 1528//174 1550//175
f 725//175 1550//175 726//182
f 726//182 1550//175 1549//182
f 726//182 1549//182 727//177
f 727//177 1549//182 1548//177
f 727//177 1548//177 714//178
f 714//178 1548//177 1544//178
f 714//178 1544//178 715//179
f 715//179 1544//178 1543//179
f 715//179 1543//179 720//180
f 720//180 1543//179 1542//180
f 720//180 1542//180 721//181
f 721//181 1542//180 1536//181
f 721//181 1536//181 717//158
f 717//158 1536//181 1535//158
f 733//158 1557//158 734//159
f 734//159 1557//158 1556//159
f 734//159 1556//159 748//160
f 748//160 1556//159 1575//160
f 748//160 1575//160 749//161
f 749//161 1575//160 1574//161
f 749//161 1574//161 750//162
f 750//162 1574//161 1564//162
f 750//162 1564//162 751//163
f 751//163 1564//162 1563//163
f 751//163 1563//163 752//164
f 752//164 1563//163 1573//164
f 752//164 1573//164 753//165
f 753//165 1573//164 1572//165
f 753//165 1572//165 754//166
f 754//166 1572//165 1571//166
f 754//166 1571//166 755//167
f 755//167 1571//166 1562//167
f 755//167 1562//167 756//168
f 756//168 1562//167 1561//168
f 756//168 1561//168 736//169
f 736//169 1561//168 1570//169
f 736//169 1570//169 731//170
f 731//170 1570//169 1569//170
f 731//170 1569//170 732//171
f 732//171 1569//170 1568//171
f 732//171 1568//171 737//172
f 737//172 1568//171 1567//172
f 737//172 1567//172 738//173
f 738//173 1567//172 1566//173
f 738//173 1566//173 739//174
f 739//174 1566//173 1565//174
f 739//174 1565//174 743//175
f 743//175 1565//174 1554//175
f 743//175 1554//175 744//182
f 744//182 1554//175 1553//182
f 744//182 1553//182 745//177
f 745//177 1553//182 1560//177
f 745//177 1560//177 741//178
f 741//178 1560//177 1559//178
f 741//178 1559//178 742//179
f 742//179 1559//178 1558//179
f 742//179 1558//179 746//180
f 746//180 1558//179 1552//180
f 746//180 1552//180 747//181
f 747//181 1552//180 1551//181
f 747//181 1551//181 733//158
f 733//158 1551//181 1557//158
f 765//158 1589//158 759//159
f 759//159 1589//158 1588//159
f 759//159 1588//159 760//160
f 760//160 1588//159 1601//160
f 760//160 1601//160 779//161
f 779//161 1601//160 1600//161
f 779//161 1600//161 780//162
f 780//162 1600//161 1597//162
f 780//162 1597//162 775//163
f 775//163 1597//162 1596//163
f 775//163 1596//163 776//164
f 776//164 1596//163 1577//164
f 776//164 1577//164 777//165
f 777//165 1577//164 1576//165
f 777//165 1576//165 778//166
f 778//166 1576//165 1599//166
f 778//166 1599//166 781//167
f 781//167 1599//166 1598//167
f 781//167 1598//167 782//168
f 782//168 1598//167 1595//168
f 782//168 1595//168 774//169
f 774//169 1595//168 1594//169
f 774//169 1594//169 757//170
f 757//170 1594//169 1593//170
f 757//170 1593//170 758//171
f 758//171 1593//170 1592//171
f 758//171 1592//171 766//172
f 766//172 1592//171 1586//172
f 766//172 1586//172 767//173
f 767//173 1586//172 1585//173
f 767//173 1585//173 768//174
f 768//174 1585//173 1584//174
f 768//174 1584//174 769//175
f 769//175 1584//174 1583//175
f 769//175 1583//175 770//182
f 770//182 1583//175 1582//182
f 770//182 1582//182 771//177
f 771//177 1582//182 1591//177
f 771//177 1591//177 762//178
f 762//178 1591//177 1590//178
f 762//178 1590//178 763//179
f 763//179 1590//178 1581//179
f 763//179 1581//179 772//180
f 772//180 1581//179 1579//180
f 772//180 1579//180 773//181
f 773//181 1579//180 1578//181
f 773//181 1578//181 765//158
f 765//158 1578//181 1589//158
f 802//158 1610//158 803//159
f 803//159 1610//158 1609//159
f 803//159 1609//159 797//160
f 797//160 1609//159 1607//160
f 797//160 1607//160 798//161
f 798//161 1607//160 1606//161
f 798//161 1606//161 804//162
f 804//162 1606//161 1626//162
f 804//162 1626//162 805//163
f 805//163 1626//162 1625//163
f 805//163 1625//163 806//164
f 806//164 1625//163 1624//164
f 806//164 1624//164 799//165
f 799//165 1624//164 1617//165
f 799//165 1617//165 800//166
f 800//166 1617//165 1616//166
f 800//166 1616//166 807//167
f 807//167 1616//166 1615//167
f 807//167 1615//167 808//168
f 808//168 1615//167 1614//168
f 808//168 1614//168 785//169
f 785//169 1614//168 1623//169
f 785//169 1623//169 783//170
f 783//170 1623//169 1622//170
f 783//170 1622//170 784//171
f 784//171 1622//170 1621//171
f 784//171 1621//171 786//172
f 786//172 1621//171 1620//172
f 786//172 1620//172 787//173
f 787//173 1620//172 1619//173
f 787//173 1619//173 788//174
f 788//174 1619//173 1618//174
f 788//174 1618//174 793//175
f 793//175 1618//174 1605//175
f 793//175 1605//175 794//182
f 794//182 1605//175 1604//182
f 794//182 1604//182 795//177
f 795//177 1604//182 1613//177
f 795//177 1613//177 792//178
f 792//178 1613//177 1612//178
f 792//178 1612//178 791//179
f 791//179 1612//178 1611//179
f 791//179 1611//179 789//180
f 789//180 1611//179 1603//180
f 789//180 1603//180 801//181
f 801//181 1603//180 1602//181
f 801//181 1602//181 802//158
f 802//158 1602//181 1610//158
f 851//158 1633//158 852//159
f 852//159 1633//158 1631//159
f 852//159 1631//159 853//160
f 853//160 1631//159 1630//160
f 853//160 1630//160 839//161
f 839//161 1630//160 1628//161
f 839//161 1628//161 840//162
f 840//162 1628//161 1627//162
f 840//162 1627//162 841//163
f 841//163 1627//162 1641//163
f 841//163 1641//163 842//164
f 842//164 1641//163 1670//164
f 842//164 1670//164 843//165
f 843//165 1670//164 1669//165
f 843//165 1669//165 816//166
f 816//166 1669//165 1668//166
f 816//166 1668//166 817//167
f 817//167 1668//166 1667//167
f 817//167 1667//167 822//168
f 822//168 1667//167 1666//168
f 822//168 1666//168 823//169
f 823//169 1666//168 1652//169
f 823//169 1652//169 824//170
f 824//170 1652//169 1653//170
f 824//170 1653//170 825//171
f 825//171 1653//170 1654//171
f 825//171 1654//171 844//172
f 844//172 1654//171 1649//172
f 844//172 1649//172 845//173
f 845//173 1649//172 1650//173
f 845//173 1650//173 846//174
f 846//174 1650//173 1651//174
f 846//174 1651//174 858//175
f 858//175 1651//174 1665//175
f 858//175 1665//175 849//182
f 849//182 1665//175 1664//182
f 849//182 1664//182 814//177
f 814//177 1664//182 1663//177
f 814//177 1663//177 815//178
f 815//178 1663//177 1648//178
f 815//178 1648//178 821//179
f 821//179 1648//178 1647//179
f 821//179 1647//179 820//180
f 820//180 1647//179 1646//180
f 820//180 1646//180 811//181
f 811//181 1646//180 1644//181
f 811//181 1644//181 851//158
f 851//158 1644//181 1633//158
f 1182//158 1460//158 1183//159
f 1183//159 1460//158 1459//159
f 1183//159 1459//159 1196//160
f 1196//160 1459//159 1481//160
f 1196//160 1481//160 1197//161
f 1197//161 1481//160 1480//161
f 1197//161 1480//161 1185//162
f 1185//162 1480//161 1479//162
f 1185//162 1479//162 1186//163
f 1186//163 1479//162 1478//163
f 1186//163 1478//163 1187//164
f 1187//164 1478//163 1477//164
f 1187//164 1477//164 1188//165
f 1188//165 1477//164 1475//165
f 1188//165 1475//165 1189//166
f 1189//166 1475//165 1474//166
f 1189//166 1474//166 1190//167
f 1190//167 1474//166 1473//167
f 1190//167 1473//167 1191//168
f 1191//168 1473//167 1472//168
f 1191//168 1472//168 1181//169
f 1181//169 1472//168 1471//169
f 1181//169 1471//169 1180//183
f 1180//183 1471//169 1470//183
f 1180//183 1470//183 1179//171
f 1179//171 1470//183 1469//171
f 1179//171 1469//171 1178//172
f 1178//172 1469//171 1483//172
f 1178//172 1483//172 1202//173
f 1202//173 1483//172 1482//173
f 1202//173 1482//173 1203//174
f 1203//174 1482//173 1468//174
f 1203//174 1468//174 1200//175
f 1200//175 1468//174 1467//175
f 1200//175 1467//175 1201//176
f 1201//176 1467//175 1466//176
f 1201//176 1466//176 1195//177
f 1195//177 1466//176 1465//177
f 1195//177 1465//177 1194//178
f 1194//178 1465//177 1464//178
f 1194//178 1464//178 1192//179
f 1192//179 1464//178 1463//179
f 1192//179 1463//179 1198//180
f 1198//180 1463//179 1462//180
f 1198//180 1462//180 1199//181
f 1199//181 1462//180 1461//181
f 1199//181 1461//181 1182//158
f 1182//158 1461//181 1460//158
f 967//158 1243//158 968//159
f 968//159 1243//158 1242//159
f 968//159 1242//159 959//160
f 959//160 1242//159 1241//160
f 959//160 1241//160 947//161
f 947//161 1241//160 1240//161
f 947//161 1240//161 948//162
f 948//162 1240//161 1239//162
f 948//162 1239//162 969//163
f 969//163 1239//162 1247//163
f 969//163 1247//163 970//164
f 970//164 1247//163 1246//164
f 970//164 1246//164 971//165
f 971//165 1246//164 1245//165
f 971//165 1245//165 950//166
f 950//166 1245//165 1235//166
f 950//166 1235//166 951//167
f 951//167 1235//166 1236//167
f 951//167 1236//167 952//168
f 952//168 1236//167 1237//168
f 952//168 1237//168 953//169
f 953//169 1237//168 1259//169
f 953//169 1259//169 954//183
f 954//183 1259//169 1258//183
f 954//183 1258//183 955//171
f 955//171 1258//183 1257//171
f 955//171 1257//171 956//172
f 956//172 1257//171 1253//172
f 956//172 1253//172 957//173
f 957//173 1253//172 1252//173
f 957//173 1252//173 958//174
f 958//174 1252//173 1251//174
f 958//174 1251//174 962//175
f 962//175 1251//174 1256//175
f 962//175 1256//175 961//182
f 961//182 1256//175 1255//182
f 961//182 1255//182 960//177
f 960//177 1255//182 1254//177
f 960//177 1254//177 963//178
f 963//178 1254//177 1250//178
f 963//178 1250//178 964//179
f 964//179 1250//178 1249//179
f 964//179 1249//179 965//180
f 965//180 1249//179 1248//180
f 965//180 1248//180 966//181
f 966//181 1248//180 1244//181
f 966//181 1244//181 967//158
f 967//158 1244//181 1243//158
f 996//158 1271//158 997//159
f 997//159 1271//158 1270//159
f 997//159 1270//159 986//160
f 986//160 1270//159 1269//160
f 986//160 1269//160 987//161
f 987//161 1269//160 1264//161
f 987//161 1264//161 989//162
f 989//162 1264//161 1263//162
f 989//162 1263//162 990//163
f 990//163 1263//162 1268//163
f 990//163 1268//163 991//164
f 991//164 1268//163 1267//164
f 991//164 1267//164 972//165
f 972//165 1267//164 1266//165
f 972//165 1266//165 973//166
f 973//166 1266//165 1260//166
f 973//166 1260//166 974//167
f 974//167 1260//166 1261//167
f 974//167 1261//167 978//168
f 978//168 1261//167 1262//168
f 978//168 1262//168 979//169
f 979//169 1262//168 1278//169
f 979//169 1278//169 980//183
f 980//183 1278//169 1277//183
f 980//183 1277//183 981//171
f 981//171 1277//183 1276//171
f 981//171 1276//171 982//172
f 982//172 1276//171 1275//172
f 982//172 1275//172 983//173
f 983//173 1275//172 1274//173
f 983//173 1274//173 984//174
f 984//174 1274//173 1273//174
f 984//174 1273//174 992//175
f 992//175 1273//174 1284//175
f 992//175 1284//175 993//182
f 993//182 1284//175 1283//182
f 993//182 1283//182 994//177
f 994//177 1283//182 1282//177
f 994//177 1282//177 988//178
f 988//178 1282//177 1281//178
f 988//178 1281//178 975//179
f 975//179 1281//178 1280//179
f 975//179 1280//179 976//180
f 976//180 1280//179 1279//180
f 976//180 1279//180 995//181
f 995//181 1279//180 1272//181
f 995//181 1272//181 996//158
f 996//158 1272//181 1271//158
f 1022//158 1290//158 1023//159
f 1023//159 1290//158 1289//159
f 1023//159 1289//159 999//160
f 999//160 1289//159 1288//160
f 999//160 1288//160 1000//161
f 1000//161 1288//160 1286//161
f 1000//161 1286//161 1004//162
f 1004//162 1286//161 1285//162
f 1004//162 1285//162 1005//163
f 1005//163 1285//162 1300//163
f 1005//163 1300//163 1006//164
f 1006//164 1300//163 1299//164
f 1006//164 1299//164 1001//165
f 1001//165 1299//164 1298//165
f 1001//165 1298//165 1002//166
f 1002//166 1298//165 1292//166
f 1002//166 1292//166 1003//167
f 1003//167 1292//166 1293//167
f 1003//167 1293//167 1009//168
f 1009//168 1293//167 1294//168
f 1009//168 1294//168 1008//169
f 1008//169 1294//168 1306//169
f 1008//169 1306//169 1007//183
f 1007//183 1306//169 1305//183
f 1007//183 1305//183 1010//171
f 1010//171 1305//183 1304//171
f 1010//171 1304//171 1011//172
f 1011//172 1304//171 1302//172
f 1011//172 1302//172 1012//173
f 1012//173 1302//172 1301//173
f 1012//173 1301//173 1019//174
f 1019//174 1301//173 1303//174
f 1019//174 1303//174 1020//175
f 1020//175 1303//174 1309//175
f 1020//175 1309//175 1015//182
f 1015//182 1309//175 1308//182
f 1015//182 1308//182 1013//177
f 1013//177 1308//182 1307//177
f 1013//177 1307//177 1016//178
f 1016//178 1307//177 1297//178
f 1016//178 1297//178 1017//179
f 1017//179 1297//178 1296//179
f 1017//179 1296//179 1018//180
f 1018//180 1296//179 1295//180
f 1018//180 1295//180 1021//181
f 1021//181 1295//180 1291//181
f 1021//181 1291//181 1022//158
f 1022//158 1291//181 1290//158
f 1157//158 1441//158 1161//159
f 1161//159 1441//158 1440//159
f 1161//159 1440//159 1163//160
f 1163//160 1440//159 1439//160
f 1163//160 1439//160 1164//161
f 1164//161 1439//160 1437//161
f 1164//161 1437//161 1165//162
f 1165//162 1437//161 1436//162
f 1165//162 1436//162 1166//163
f 1166//163 1436//162 1458//163
f 1166//163 1458//163 1167//164
f 1167//164 1458//163 1457//164
f 1167//164 1457//164 1158//165
f 1158//165 1457//164 1456//165
f 1158//165 1456//165 1159//166
f 1159//166 1456//165 1447//166
f 1159//166 1447//166 1160//167
f 1160//167 1447//166 1448//167
f 1160//167 1448//167 1168//168
f 1168//168 1448//167 1449//168
f 1168//168 1449//168 1169//169
f 1169//169 1449//168 1455//169
f 1169//169 1455//169 1170//183
f 1170//183 1455//169 1454//183
f 1170//183 1454//183 1171//171
f 1171//171 1454//183 1453//171
f 1171//171 1453//171 1172//172
f 1172//172 1453//171 1435//172
f 1172//172 1435//172 1173//173
f 1173//173 1435//172 1434//173
f 1173//173 1434//173 1174//174
f 1174//174 1434//173 1446//174
f 1174//174 1446//174 1175//175
f 1175//175 1446//174 1452//175
f 1175//175 1452//175 1176//176
f 1176//176 1452//175 1451//176
f 1176//176 1451//176 1177//177
f 1177//177 1451//176 1450//177
f 1177//177 1450//177 1152//178
f 1152//178 1450//177 1445//178
f 1152//178 1445//178 1153//179
f 1153//179 1445//178 1444//179
f 1153//179 1444//179 1155//180
f 1155//180 1444//179 1443//180
f 1155//180 1443//180 1156//181
f 1156//181 1443//180 1442//181
f 1156//181 1442//181 1157//158
f 1157//158 1442//181 1441//158
f 1130//158 1420//158 1128//159
f 1128//159 1420//158 1419//159
f 1128//159 1419//159 1136//160
f 1136//160 1419//159 1418//160
f 1136//160 1418//160 1137//161
f 1137//161 1418//160 1414//161
f 1137//161 1414//161 1138//162
f 1138//162 1414//161 1416//162
f 1138//162 1416//162 1141//163
f 1141//163 1416//162 1417//163
f 1141//163 1417//163 1142//164
f 1142//164 1417//163 1433//164
f 1142//164 1433//164 1143//165
f 1143//165 1433//164 1432//165
f 1143//165 1432//165 1126//166
f 1126//166 1432//165 1431//166
f 1126//166 1431//166 1127//167
f 1127//167 1431//166 1413//167
f 1127//167 1413//167 1144//168
f 1144//168 1413//167 1412//168
f 1144//168 1412//168 1145//169
f 1145//169 1412//168 1430//169
f 1145//169 1430//169 1146//183
f 1146//183 1430//169 1429//183
f 1146//183 1429//183 1132//171
f 1132//171 1429//183 1428//171
f 1132//171 1428//171 1133//172
f 1133//172 1428//171 1411//172
f 1133//172 1411//172 1134//173
f 1134//173 1411//172 1410//173
f 1134//173 1410//173 1135//174
f 1135//174 1410//173 1409//174
f 1135//174 1409//174 1147//175
f 1147//175 1409//174 1427//175
f 1147//175 1427//175 1148//182
f 1148//182 1427//175 1426//182
f 1148//182 1426//182 1149//177
f 1149//177 1426//182 1425//177
f 1149//177 1425//177 1139//178
f 1139//178 1425//177 1424//178
f 1139//178 1424//178 1140//179
f 1140//179 1424//178 1423//179
f 1140//179 1423//179 1150//180
f 1150//180 1423//179 1422//180
f 1150//180 1422//180 1151//181
f 1151//181 1422//180 1421//181
f 1151//181 1421//181 1130//158
f 1130//158 1421//181 1420//158
f 1117//158 1386//158 1118//159
f 1118//159 1386//158 1385//159
f 1118//159 1385//159 1097//160
f 1097//160 1385//159 1384//160
f 1097//160 1384//160 1098//161
f 1098//161 1384//160 1369//161
f 1098//161 1369//161 1100//162
f 1100//162 1369//161 1371//162
f 1100//162 1371//162 1101//163
f 1101//163 1371//162 1372//163
f 1101//163 1372//163 1114//164
f 1114//164 1372//163 1401//164
f 1114//164 1401//164 1115//165
f 1115//165 1401//164 1400//165
f 1115//165 1400//165 1119//166
f 1119//166 1400//165 1399//166
f 1119//166 1399//166 1120//167
f 1120//167 1399//166 1398//167
f 1120//167 1398//167 1121//168
f 1121//168 1398//167 1406//168
f 1121//168 1406//168 1080//169
f 1080//169 1406//168 1362//169
f 1080//169 1362//169 1084//183
f 1084//183 1362//169 1375//183
f 1084//183 1375//183 1104//171
f 1104//171 1375//183 1376//171
f 1104//171 1376//171 1105//172
f 1105//172 1376//171 1364//172
f 1105//172 1364//172 1106//173
f 1106//173 1364//172 1363//173
f 1106//173 1363//173 1107//174
f 1107//174 1363//173 1391//174
f 1107//174 1391//174 1108//175
f 1108//175 1391//174 1389//175
f 1108//175 1389//175 1109//182
f 1109//182 1389//175 1388//182
f 1109//182 1388//182 1110//177
f 1110//177 1388//182 1387//177
f 1110//177 1387//177 1111//178
f 1111//178 1387//177 1380//178
f 1111//178 1380//178 1112//179
f 1112//179 1380//178 1379//179
f 1112//179 1379//179 1113//180
f 1113//180 1379//179 1378//180
f 1113//180 1378//180 1116//181
f 1116//181 1378//180 1377//181
f 1116//181 1377//181 1117//158
f 1117//158 1377//181 1386//158
f 1083//158 1365//158 1082//159
f 1082//159 1365//158 1374//159
f 1082//159 1374//159 1081//160
f 1081//160 1374//159 1373//160
f 1081//160 1373//160 1079//161
f 1079//161 1373//160 1361//161
f 1079//161 1361//161 1122//162
f 1122//162 1361//161 1360//162
f 1122//162 1360//162 1123//163
f 1123//163 1360//162 1405//163
f 1123//163 1405//163 1124//164
f 1124//164 1405//163 1407//164
f 1124//164 1407//164 1125//165
f 1125//165 1407//164 1408//165
f 1125//165 1408//165 1085//166
f 1085//166 1408//165 1368//166
f 1085//166 1368//166 1086//167
f 1086//167 1368//166 1367//167
f 1086//167 1367//167 1093//168
f 1093//168 1367//167 1366//168
f 1093//168 1366//168 1092//169
f 1092//169 1366//168 1397//169
f 1092//169 1397//169 1091//183
f 1091//183 1397//169 1396//183
f 1091//183 1396//183 1094//171
f 1094//171 1396//183 1395//171
f 1094//171 1395//171 1095//172
f 1095//172 1395//171 1393//172
f 1095//172 1393//172 1096//173
f 1096//173 1393//172 1392//173
f 1096//173 1392//173 1102//174
f 1102//174 1392//173 1394//174
f 1102//174 1394//174 1103//175
f 1103//175 1394//174 1404//175
f 1103//175 1404//175 1088//182
f 1088//182 1404//175 1403//182
f 1088//182 1403//182 1087//177
f 1087//177 1403//182 1402//177
f 1087//177 1402//177 1089//178
f 1089//178 1402//177 1383//178
f 1089//178 1383//178 1090//179
f 1090//179 1383//178 1382//179
f 1090//179 1382//179 1076//180
f 1076//180 1382//179 1381//180
f 1076//180 1381//180 1077//181
f 1077//181 1381//180 1390//181
f 1077//181 1390//181 1083//158
f 1083//158 1390//181 1365//158
f 1048//158 1321//158 1049//159
f 1049//159 1321//158 1320//159
f 1049//159 1320//159 1026//160
f 1026//160 1320//159 1319//160
f 1026//160 1319//160 1027//161
f 1027//161 1319//160 1311//161
f 1027//161 1311//161 1029//162
f 1029//162 1311//161 1310//162
f 1029//162 1310//162 1030//163
f 1030//163 1310//162 1318//163
f 1030//163 1318//163 1031//164
f 1031//164 1318//163 1317//164
f 1031//164 1317//164 1032//165
f 1032//165 1317//164 1316//165
f 1032//165 1316//165 1024//166
f 1024//166 1316//165 1315//166
f 1024//166 1315//166 1025//167
f 1025//167 1315//166 1314//167
f 1025//167 1314//167 1035//168
f 1035//168 1314//167 1313//168
f 1035//168 1313//168 1034//169
f 1034//169 1313//168 1331//169
f 1034//169 1331//169 1033//183
f 1033//183 1331//169 1330//183
f 1033//183 1330//183 1036//171
f 1036//171 1330//183 1329//171
f 1036//171 1329//171 1037//172
f 1037//172 1329//171 1327//172
f 1037//172 1327//172 1038//173
f 1038//173 1327//172 1326//173
f 1038//173 1326//173 1045//174
f 1045//174 1326//173 1328//174
f 1045//174 1328//174 1046//175
f 1046//175 1328//174 1334//175
f 1046//175 1334//175 1041//182
f 1041//182 1334//175 1333//182
f 1041//182 1333//182 1039//177
f 1039//177 1333//182 1332//177
f 1039//177 1332//177 1042//178
f 1042//178 1332//177 1325//178
f 1042//178 1325//178 1043//179
f 1043//179 1325//178 1324//179
f 1043//179 1324//179 1044//180
f 1044//180 1324//179 1323//180
f 1044//180 1323//180 1047//181
f 1047//181 1323//180 1322//181
f 1047//181 1322//181 1048//158
f 1048//158 1322//181 1321//158
f 1074//158 1346//158 1075//159
f 1075//159 1346//158 1345//159
f 1075//159 1345//159 1051//160
f 1051//160 1345//159 1344//160
f 1051//160 1344//160 1052//161
f 1052//161 1344//160 1343//161
f 1052//161 1343//161 1055//162
f 1055//162 1343//161 1342//162
f 1055//162 1342//162 1054//163
f 1054//163 1342//162 1340//163
f 1054//163 1340//163 1053//164
f 1053//164 1340//163 1339//164
f 1053//164 1339//164 1056//165
f 1056//165 1339//164 1338//165
f 1056//165 1338//165 1057//166
f 1057//166 1338//165 1337//166
f 1057//166 1337//166 1058//167
f 1058//167 1337//166 1336//167
f 1058//167 1336//167 1061//168
f 1061//168 1336//167 1335//168
f 1061//168 1335//168 1060//169
f 1060//169 1335//168 1356//169
f 1060//169 1356//169 1059//183
f 1059//183 1356//169 1355//183
f 1059//183 1355//183 1062//171
f 1062//171 1355//183 1354//171
f 1062//171 1354//171 1063//172
f 1063//172 1354//171 1352//172
f 1063//172 1352//172 1064//173
f 1064//173 1352//172 1351//173
f 1064//173 1351//173 1071//174
f 1071//174 1351//173 1353//174
f 1071//174 1353//174 1072//175
f 1072//175 1353//174 1359//175
f 1072//175 1359//175 1067//182
f 1067//182 1359//175 1358//182
f 1067//182 1358//182 1065//177
f 1065//177 1358//182 1357//177
f 1065//177 1357//177 1068//178
f 1068//178 1357//177 1350//178
f 1068//178 1350//178 1069//179
f 1069//179 1350//178 1349//179
f 1069//179 1349//179 1070//180
f 1070//180 1349//179 1348//180
f 1070//180 1348//180 1073//181
f 1073//181 1348//180 1347//181
f 1073//181 1347//181 1074//158
f 1074//158 1347//181 1346//158
# Vertices: 1756, normals: 165, texture coordinates: 0, faces: 3524

o obj5
v -0.03710887 -0.05000193 -0.03163774
v -0.03710887 -0.05000193 0.06836226
v -0.03710887 -0.05317193 -0.03163774
v -0.03710887 -0.05317193 0.06836226
v -0.05615887 -0.05000193 -0.03163774
v -0.05615887 -0.05317193 -0.03163774
v -0.05615887 -0.05000193 0.06836226
v -0.05615887 -0.05317193 0.06836226
vn 1 0 -0
vn 0 0 -1
vn -1 0 0
vn 0 0 1
vn 0 1 0
vn 0 -1 0
usemtl mat0
f 1781//184 1782//184 1783//184
f 1783//184 1782//184 1784//184
f 1785//185 1781//185 1786//185
f 1786//185 1781//185 1783//185
f 1787//186 1785//186 1788//186
f 1788//186 1785//186 1786//186
f 1782//187 1787//187 1784//187
f 1784//187 1787//187 1788//187
f 1785//188 1787//188 1781//188
f 1781//188 1787//188 1782//188
f 1788//189 1786//189 1784//189
f 1784//189 1786//189 1783//189
# Vertices: 8, normals: 6, texture coordinates: 0, faces: 12

